"filename", "language", "Python", "JSON", "XML", "C++", "CMake", "YAML", "CMake Cache", "Log", "Markdown", "C", "PostCSS", "Batch", "JavaScript", "HTML", "Shell Script", "Makefile", "comment", "blank", "total"
"c:\Users\nukec\Documents\GitHub\voxelstation13\CMakeLists.txt", "CMake", 0, 0, 0, 0, 192, 0, 0, 0, 0, 0, 0, 0, 0, 0, 0, 0, 0, 28, 220
"c:\Users\nukec\Documents\GitHub\voxelstation13\CODEBASE.md", "Markdown", 0, 0, 0, 0, 0, 0, 0, 0, 1106, 0, 0, 0, 0, 0, 0, 0, 0, 315, 1421
"c:\Users\nukec\Documents\GitHub\voxelstation13\DESIGN.md", "Markdown", 0, 0, 0, 0, 0, 0, 0, 0, 410, 0, 0, 0, 0, 0, 0, 0, 0, 121, 531
"c:\Users\nukec\Documents\GitHub\voxelstation13\build.bat", "Batch", 0, 0, 0, 0, 0, 0, 0, 0, 0, 0, 0, 20, 0, 0, 0, 0, 0, 5, 25
"c:\Users\nukec\Documents\GitHub\voxelstation13\build\ALL_BUILD.vcxproj", "XML", 0, 0, 189, 0, 0, 0, 0, 0, 0, 0, 0, 0, 0, 0, 0, 0, 0, 0, 189
"c:\Users\nukec\Documents\GitHub\voxelstation13\build\CMakeCache.txt", "CMake Cache", 0, 0, 0, 0, 0, 0, 394, 0, 0, 0, 0, 0, 0, 0, 0, 0, 0, 107, 501
"c:\Users\nukec\Documents\GitHub\voxelstation13\build\CMakeFiles\4.2.0\CMakeCXXCompiler.cmake", "CMake", 0, 0, 0, 0, 83, 0, 0, 0, 0, 0, 0, 0, 0, 0, 0, 0, 0, 22, 105
"c:\Users\nukec\Documents\GitHub\voxelstation13\build\CMakeFiles\4.2.0\CMakeRCCompiler.cmake", "CMake", 0, 0, 0, 0, 6, 0, 0, 0, 0, 0, 0, 0, 0, 0, 0, 0, 0, 1, 7
"c:\Users\nukec\Documents\GitHub\voxelstation13\build\CMakeFiles\4.2.0\CMakeSystem.cmake", "CMake", 0, 0, 0, 0, 10, 0, 0, 0, 0, 0, 0, 0, 0, 0, 0, 0, 0, 6, 16
"c:\Users\nukec\Documents\GitHub\voxelstation13\build\CMakeFiles\4.2.0\CompilerIdCXX\CMakeCXXCompilerId.cpp", "C++", 0, 0, 0, 729, 0, 0, 0, 0, 0, 0, 0, 0, 0, 0, 0, 0, 63, 158, 950
"c:\Users\nukec\Documents\GitHub\voxelstation13\build\CMakeFiles\4.2.0\CompilerIdCXX\CompilerIdCXX.vcxproj", "XML", 0, 0, 60, 0, 0, 0, 0, 0, 0, 0, 0, 0, 0, 0, 0, 0, 0, 13, 73
"c:\Users\nukec\Documents\GitHub\voxelstation13\build\CMakeFiles\4.2.0\CompilerIdCXX\Debug\vcpkg.applocal.log", "Log", 0, 0, 0, 0, 0, 0, 0, 0, 0, 0, 0, 0, 0, 0, 0, 0, 0, 2, 2
"c:\Users\nukec\Documents\GitHub\voxelstation13\build\CMakeFiles\4.2.0\VCTargetsPath.vcxproj", "XML", 0, 0, 31, 0, 0, 0, 0, 0, 0, 0, 0, 0, 0, 0, 0, 0, 0, 1, 32
"c:\Users\nukec\Documents\GitHub\voxelstation13\build\CMakeFiles\CMakeConfigureLog.yaml", "YAML", 0, 0, 0, 0, 0, 2009, 0, 0, 0, 0, 0, 0, 0, 0, 0, 0, 0, 18, 2027
"c:\Users\nukec\Documents\GitHub\voxelstation13\build\CMakeFiles\InstallScripts.json", "JSON", 0, 9, 0, 0, 0, 0, 0, 0, 0, 0, 0, 0, 0, 0, 0, 0, 0, 1, 10
"c:\Users\nukec\Documents\GitHub\voxelstation13\build\INSTALL.vcxproj", "XML", 0, 0, 209, 0, 0, 0, 0, 0, 0, 0, 0, 0, 0, 0, 0, 0, 0, 0, 209
"c:\Users\nukec\Documents\GitHub\voxelstation13\build\ZERO_CHECK.vcxproj", "XML", 0, 0, 179, 0, 0, 0, 0, 0, 0, 0, 0, 0, 0, 0, 0, 0, 0, 0, 179
"c:\Users\nukec\Documents\GitHub\voxelstation13\build\_deps\glm-build\ALL_BUILD.vcxproj", "XML", 0, 0, 185, 0, 0, 0, 0, 0, 0, 0, 0, 0, 0, 0, 0, 0, 0, 0, 185
"c:\Users\nukec\Documents\GitHub\voxelstation13\build\_deps\glm-build\INSTALL.vcxproj", "XML", 0, 0, 209, 0, 0, 0, 0, 0, 0, 0, 0, 0, 0, 0, 0, 0, 0, 0, 209
"c:\Users\nukec\Documents\GitHub\voxelstation13\build\_deps\glm-build\cmake_install.cmake", "CMake", 0, 0, 0, 0, 39, 0, 0, 0, 0, 0, 0, 0, 0, 0, 0, 0, 0, 8, 47
"c:\Users\nukec\Documents\GitHub\voxelstation13\build\_deps\glm-build\glm\INSTALL.vcxproj", "XML", 0, 0, 209, 0, 0, 0, 0, 0, 0, 0, 0, 0, 0, 0, 0, 0, 0, 0, 209
"c:\Users\nukec\Documents\GitHub\voxelstation13\build\_deps\glm-build\glm\cmake_install.cmake", "CMake", 0, 0, 0, 0, 35, 0, 0, 0, 0, 0, 0, 0, 0, 0, 0, 0, 0, 6, 41
"c:\Users\nukec\Documents\GitHub\voxelstation13\build\_deps\glm-build\glm\glm.vcxproj", "XML", 0, 0, 757, 0, 0, 0, 0, 0, 0, 0, 0, 0, 0, 0, 0, 0, 0, 0, 757
"c:\Users\nukec\Documents\GitHub\voxelstation13\build\_deps\glm-src\.github\workflows\ci.yml", "YAML", 0, 0, 0, 0, 0, 221, 0, 0, 0, 0, 0, 0, 0, 0, 0, 0, 0, 24, 245
"c:\Users\nukec\Documents\GitHub\voxelstation13\build\_deps\glm-src\.github\workflows\make_light_release.yml", "YAML", 0, 0, 0, 0, 0, 30, 0, 0, 0, 0, 0, 0, 0, 0, 0, 0, 1, 12, 43
"c:\Users\nukec\Documents\GitHub\voxelstation13\build\_deps\glm-src\.github\workflows\make_release.yml", "YAML", 0, 0, 0, 0, 0, 30, 0, 0, 0, 0, 0, 0, 0, 0, 0, 0, 1, 12, 43
"c:\Users\nukec\Documents\GitHub\voxelstation13\build\_deps\glm-src\CMakeLists.txt", "CMake", 0, 0, 0, 0, 247, 0, 0, 0, 0, 0, 0, 0, 0, 0, 0, 0, 0, 44, 291
"c:\Users\nukec\Documents\GitHub\voxelstation13\build\_deps\glm-src\doc\api\a00002.html", "HTML", 0, 0, 0, 0, 0, 0, 0, 0, 0, 0, 0, 0, 0, 239, 0, 0, 5, 6, 250
"c:\Users\nukec\Documents\GitHub\voxelstation13\build\_deps\glm-src\doc\api\a00002_source.html", "HTML", 0, 0, 0, 0, 0, 0, 0, 0, 0, 0, 0, 0, 0, 250, 0, 0, 5, 3, 258
"c:\Users\nukec\Documents\GitHub\voxelstation13\build\_deps\glm-src\doc\api\a00005_source.html", "HTML", 0, 0, 0, 0, 0, 0, 0, 0, 0, 0, 0, 0, 0, 468, 0, 0, 5, 3, 476
"c:\Users\nukec\Documents\GitHub\voxelstation13\build\_deps\glm-src\doc\api\a00008_source.html", "HTML", 0, 0, 0, 0, 0, 0, 0, 0, 0, 0, 0, 0, 0, 96, 0, 0, 5, 3, 104
"c:\Users\nukec\Documents\GitHub\voxelstation13\build\_deps\glm-src\doc\api\a00011_source.html", "HTML", 0, 0, 0, 0, 0, 0, 0, 0, 0, 0, 0, 0, 0, 156, 0, 0, 5, 3, 164
"c:\Users\nukec\Documents\GitHub\voxelstation13\build\_deps\glm-src\doc\api\a00014_source.html", "HTML", 0, 0, 0, 0, 0, 0, 0, 0, 0, 0, 0, 0, 0, 879, 0, 0, 5, 3, 887
"c:\Users\nukec\Documents\GitHub\voxelstation13\build\_deps\glm-src\doc\api\a00017_source.html", "HTML", 0, 0, 0, 0, 0, 0, 0, 0, 0, 0, 0, 0, 0, 756, 0, 0, 5, 3, 764
"c:\Users\nukec\Documents\GitHub\voxelstation13\build\_deps\glm-src\doc\api\a00020_source.html", "HTML", 0, 0, 0, 0, 0, 0, 0, 0, 0, 0, 0, 0, 0, 236, 0, 0, 5, 3, 244
"c:\Users\nukec\Documents\GitHub\voxelstation13\build\_deps\glm-src\doc\api\a00023_source.html", "HTML", 0, 0, 0, 0, 0, 0, 0, 0, 0, 0, 0, 0, 0, 124, 0, 0, 5, 3, 132
"c:\Users\nukec\Documents\GitHub\voxelstation13\build\_deps\glm-src\doc\api\a00026_source.html", "HTML", 0, 0, 0, 0, 0, 0, 0, 0, 0, 0, 0, 0, 0, 104, 0, 0, 5, 3, 112
"c:\Users\nukec\Documents\GitHub\voxelstation13\build\_deps\glm-src\doc\api\a00029_source.html", "HTML", 0, 0, 0, 0, 0, 0, 0, 0, 0, 0, 0, 0, 0, 305, 0, 0, 5, 3, 313
"c:\Users\nukec\Documents\GitHub\voxelstation13\build\_deps\glm-src\doc\api\a00032_source.html", "HTML", 0, 0, 0, 0, 0, 0, 0, 0, 0, 0, 0, 0, 0, 1224, 0, 0, 5, 3, 1232
"c:\Users\nukec\Documents\GitHub\voxelstation13\build\_deps\glm-src\doc\api\a00035_source.html", "HTML", 0, 0, 0, 0, 0, 0, 0, 0, 0, 0, 0, 0, 0, 143, 0, 0, 5, 3, 151
"c:\Users\nukec\Documents\GitHub\voxelstation13\build\_deps\glm-src\doc\api\a00038_source.html", "HTML", 0, 0, 0, 0, 0, 0, 0, 0, 0, 0, 0, 0, 0, 90, 0, 0, 5, 3, 98
"c:\Users\nukec\Documents\GitHub\voxelstation13\build\_deps\glm-src\doc\api\a00041.html", "HTML", 0, 0, 0, 0, 0, 0, 0, 0, 0, 0, 0, 0, 0, 80, 0, 0, 5, 6, 91
"c:\Users\nukec\Documents\GitHub\voxelstation13\build\_deps\glm-src\doc\api\a00041_source.html", "HTML", 0, 0, 0, 0, 0, 0, 0, 0, 0, 0, 0, 0, 0, 251, 0, 0, 5, 3, 259
"c:\Users\nukec\Documents\GitHub\voxelstation13\build\_deps\glm-src\doc\api\a00044.html", "HTML", 0, 0, 0, 0, 0, 0, 0, 0, 0, 0, 0, 0, 0, 80, 0, 0, 5, 6, 91
"c:\Users\nukec\Documents\GitHub\voxelstation13\build\_deps\glm-src\doc\api\a00044_source.html", "HTML", 0, 0, 0, 0, 0, 0, 0, 0, 0, 0, 0, 0, 0, 234, 0, 0, 5, 3, 242
"c:\Users\nukec\Documents\GitHub\voxelstation13\build\_deps\glm-src\doc\api\a00047.html", "HTML", 0, 0, 0, 0, 0, 0, 0, 0, 0, 0, 0, 0, 0, 80, 0, 0, 5, 6, 91
"c:\Users\nukec\Documents\GitHub\voxelstation13\build\_deps\glm-src\doc\api\a00047_source.html", "HTML", 0, 0, 0, 0, 0, 0, 0, 0, 0, 0, 0, 0, 0, 236, 0, 0, 5, 3, 244
"c:\Users\nukec\Documents\GitHub\voxelstation13\build\_deps\glm-src\doc\api\a00050.html", "HTML", 0, 0, 0, 0, 0, 0, 0, 0, 0, 0, 0, 0, 0, 80, 0, 0, 5, 6, 91
"c:\Users\nukec\Documents\GitHub\voxelstation13\build\_deps\glm-src\doc\api\a00050_source.html", "HTML", 0, 0, 0, 0, 0, 0, 0, 0, 0, 0, 0, 0, 0, 242, 0, 0, 5, 3, 250
"c:\Users\nukec\Documents\GitHub\voxelstation13\build\_deps\glm-src\doc\api\a00053.html", "HTML", 0, 0, 0, 0, 0, 0, 0, 0, 0, 0, 0, 0, 0, 80, 0, 0, 5, 6, 91
"c:\Users\nukec\Documents\GitHub\voxelstation13\build\_deps\glm-src\doc\api\a00053_source.html", "HTML", 0, 0, 0, 0, 0, 0, 0, 0, 0, 0, 0, 0, 0, 258, 0, 0, 5, 3, 266
"c:\Users\nukec\Documents\GitHub\voxelstation13\build\_deps\glm-src\doc\api\a00056.html", "HTML", 0, 0, 0, 0, 0, 0, 0, 0, 0, 0, 0, 0, 0, 80, 0, 0, 5, 6, 91
"c:\Users\nukec\Documents\GitHub\voxelstation13\build\_deps\glm-src\doc\api\a00056_source.html", "HTML", 0, 0, 0, 0, 0, 0, 0, 0, 0, 0, 0, 0, 0, 241, 0, 0, 5, 3, 249
"c:\Users\nukec\Documents\GitHub\voxelstation13\build\_deps\glm-src\doc\api\a00059.html", "HTML", 0, 0, 0, 0, 0, 0, 0, 0, 0, 0, 0, 0, 0, 80, 0, 0, 5, 6, 91
"c:\Users\nukec\Documents\GitHub\voxelstation13\build\_deps\glm-src\doc\api\a00059_source.html", "HTML", 0, 0, 0, 0, 0, 0, 0, 0, 0, 0, 0, 0, 0, 246, 0, 0, 5, 3, 254
"c:\Users\nukec\Documents\GitHub\voxelstation13\build\_deps\glm-src\doc\api\a00062.html", "HTML", 0, 0, 0, 0, 0, 0, 0, 0, 0, 0, 0, 0, 0, 80, 0, 0, 5, 6, 91
"c:\Users\nukec\Documents\GitHub\voxelstation13\build\_deps\glm-src\doc\api\a00062_source.html", "HTML", 0, 0, 0, 0, 0, 0, 0, 0, 0, 0, 0, 0, 0, 246, 0, 0, 5, 3, 254
"c:\Users\nukec\Documents\GitHub\voxelstation13\build\_deps\glm-src\doc\api\a00065.html", "HTML", 0, 0, 0, 0, 0, 0, 0, 0, 0, 0, 0, 0, 0, 80, 0, 0, 5, 6, 91
"c:\Users\nukec\Documents\GitHub\voxelstation13\build\_deps\glm-src\doc\api\a00065_source.html", "HTML", 0, 0, 0, 0, 0, 0, 0, 0, 0, 0, 0, 0, 0, 263, 0, 0, 5, 3, 271
"c:\Users\nukec\Documents\GitHub\voxelstation13\build\_deps\glm-src\doc\api\a00068.html", "HTML", 0, 0, 0, 0, 0, 0, 0, 0, 0, 0, 0, 0, 0, 80, 0, 0, 5, 6, 91
"c:\Users\nukec\Documents\GitHub\voxelstation13\build\_deps\glm-src\doc\api\a00068_source.html", "HTML", 0, 0, 0, 0, 0, 0, 0, 0, 0, 0, 0, 0, 0, 258, 0, 0, 5, 3, 266
"c:\Users\nukec\Documents\GitHub\voxelstation13\build\_deps\glm-src\doc\api\a00071.html", "HTML", 0, 0, 0, 0, 0, 0, 0, 0, 0, 0, 0, 0, 0, 80, 0, 0, 5, 6, 91
"c:\Users\nukec\Documents\GitHub\voxelstation13\build\_deps\glm-src\doc\api\a00071_source.html", "HTML", 0, 0, 0, 0, 0, 0, 0, 0, 0, 0, 0, 0, 0, 376, 0, 0, 5, 3, 384
"c:\Users\nukec\Documents\GitHub\voxelstation13\build\_deps\glm-src\doc\api\a00074.html", "HTML", 0, 0, 0, 0, 0, 0, 0, 0, 0, 0, 0, 0, 0, 80, 0, 0, 5, 6, 91
"c:\Users\nukec\Documents\GitHub\voxelstation13\build\_deps\glm-src\doc\api\a00074_source.html", "HTML", 0, 0, 0, 0, 0, 0, 0, 0, 0, 0, 0, 0, 0, 470, 0, 0, 5, 3, 478
"c:\Users\nukec\Documents\GitHub\voxelstation13\build\_deps\glm-src\doc\api\a00077.html", "HTML", 0, 0, 0, 0, 0, 0, 0, 0, 0, 0, 0, 0, 0, 80, 0, 0, 5, 6, 91
"c:\Users\nukec\Documents\GitHub\voxelstation13\build\_deps\glm-src\doc\api\a00077_source.html", "HTML", 0, 0, 0, 0, 0, 0, 0, 0, 0, 0, 0, 0, 0, 500, 0, 0, 5, 3, 508
"c:\Users\nukec\Documents\GitHub\voxelstation13\build\_deps\glm-src\doc\api\a00080.html", "HTML", 0, 0, 0, 0, 0, 0, 0, 0, 0, 0, 0, 0, 0, 80, 0, 0, 5, 6, 91
"c:\Users\nukec\Documents\GitHub\voxelstation13\build\_deps\glm-src\doc\api\a00080_source.html", "HTML", 0, 0, 0, 0, 0, 0, 0, 0, 0, 0, 0, 0, 0, 561, 0, 0, 5, 3, 569
"c:\Users\nukec\Documents\GitHub\voxelstation13\build\_deps\glm-src\doc\api\a00083.html", "HTML", 0, 0, 0, 0, 0, 0, 0, 0, 0, 0, 0, 0, 0, 115, 0, 0, 5, 6, 126
"c:\Users\nukec\Documents\GitHub\voxelstation13\build\_deps\glm-src\doc\api\a00083_source.html", "HTML", 0, 0, 0, 0, 0, 0, 0, 0, 0, 0, 0, 0, 0, 121, 0, 0, 5, 3, 129
"c:\Users\nukec\Documents\GitHub\voxelstation13\build\_deps\glm-src\doc\api\a00086_source.html", "HTML", 0, 0, 0, 0, 0, 0, 0, 0, 0, 0, 0, 0, 0, 202, 0, 0, 5, 3, 210
"c:\Users\nukec\Documents\GitHub\voxelstation13\build\_deps\glm-src\doc\api\a00089.html", "HTML", 0, 0, 0, 0, 0, 0, 0, 0, 0, 0, 0, 0, 0, 254, 0, 0, 5, 6, 265
"c:\Users\nukec\Documents\GitHub\voxelstation13\build\_deps\glm-src\doc\api\a00089_source.html", "HTML", 0, 0, 0, 0, 0, 0, 0, 0, 0, 0, 0, 0, 0, 301, 0, 0, 5, 3, 309
"c:\Users\nukec\Documents\GitHub\voxelstation13\build\_deps\glm-src\doc\api\a00092.html", "HTML", 0, 0, 0, 0, 0, 0, 0, 0, 0, 0, 0, 0, 0, 80, 0, 0, 5, 6, 91
"c:\Users\nukec\Documents\GitHub\voxelstation13\build\_deps\glm-src\doc\api\a00092_source.html", "HTML", 0, 0, 0, 0, 0, 0, 0, 0, 0, 0, 0, 0, 0, 101, 0, 0, 5, 3, 109
"c:\Users\nukec\Documents\GitHub\voxelstation13\build\_deps\glm-src\doc\api\a00095.html", "HTML", 0, 0, 0, 0, 0, 0, 0, 0, 0, 0, 0, 0, 0, 92, 0, 0, 5, 6, 103
"c:\Users\nukec\Documents\GitHub\voxelstation13\build\_deps\glm-src\doc\api\a00095_source.html", "HTML", 0, 0, 0, 0, 0, 0, 0, 0, 0, 0, 0, 0, 0, 88, 0, 0, 5, 3, 96
"c:\Users\nukec\Documents\GitHub\voxelstation13\build\_deps\glm-src\doc\api\a00098.html", "HTML", 0, 0, 0, 0, 0, 0, 0, 0, 0, 0, 0, 0, 0, 104, 0, 0, 5, 6, 115
"c:\Users\nukec\Documents\GitHub\voxelstation13\build\_deps\glm-src\doc\api\a00098_source.html", "HTML", 0, 0, 0, 0, 0, 0, 0, 0, 0, 0, 0, 0, 0, 100, 0, 0, 5, 3, 108
"c:\Users\nukec\Documents\GitHub\voxelstation13\build\_deps\glm-src\doc\api\a00101.html", "HTML", 0, 0, 0, 0, 0, 0, 0, 0, 0, 0, 0, 0, 0, 89, 0, 0, 5, 6, 100
"c:\Users\nukec\Documents\GitHub\voxelstation13\build\_deps\glm-src\doc\api\a00101_source.html", "HTML", 0, 0, 0, 0, 0, 0, 0, 0, 0, 0, 0, 0, 0, 85, 0, 0, 5, 3, 93
"c:\Users\nukec\Documents\GitHub\voxelstation13\build\_deps\glm-src\doc\api\a00104.html", "HTML", 0, 0, 0, 0, 0, 0, 0, 0, 0, 0, 0, 0, 0, 95, 0, 0, 5, 6, 106
"c:\Users\nukec\Documents\GitHub\voxelstation13\build\_deps\glm-src\doc\api\a00104_source.html", "HTML", 0, 0, 0, 0, 0, 0, 0, 0, 0, 0, 0, 0, 0, 91, 0, 0, 5, 3, 99
"c:\Users\nukec\Documents\GitHub\voxelstation13\build\_deps\glm-src\doc\api\a00107.html", "HTML", 0, 0, 0, 0, 0, 0, 0, 0, 0, 0, 0, 0, 0, 89, 0, 0, 5, 6, 100
"c:\Users\nukec\Documents\GitHub\voxelstation13\build\_deps\glm-src\doc\api\a00107_source.html", "HTML", 0, 0, 0, 0, 0, 0, 0, 0, 0, 0, 0, 0, 0, 85, 0, 0, 5, 3, 93
"c:\Users\nukec\Documents\GitHub\voxelstation13\build\_deps\glm-src\doc\api\a00110.html", "HTML", 0, 0, 0, 0, 0, 0, 0, 0, 0, 0, 0, 0, 0, 95, 0, 0, 5, 6, 106
"c:\Users\nukec\Documents\GitHub\voxelstation13\build\_deps\glm-src\doc\api\a00110_source.html", "HTML", 0, 0, 0, 0, 0, 0, 0, 0, 0, 0, 0, 0, 0, 91, 0, 0, 5, 3, 99
"c:\Users\nukec\Documents\GitHub\voxelstation13\build\_deps\glm-src\doc\api\a00113.html", "HTML", 0, 0, 0, 0, 0, 0, 0, 0, 0, 0, 0, 0, 0, 89, 0, 0, 5, 6, 100
"c:\Users\nukec\Documents\GitHub\voxelstation13\build\_deps\glm-src\doc\api\a00113_source.html", "HTML", 0, 0, 0, 0, 0, 0, 0, 0, 0, 0, 0, 0, 0, 85, 0, 0, 5, 3, 93
"c:\Users\nukec\Documents\GitHub\voxelstation13\build\_deps\glm-src\doc\api\a00116.html", "HTML", 0, 0, 0, 0, 0, 0, 0, 0, 0, 0, 0, 0, 0, 95, 0, 0, 5, 6, 106
"c:\Users\nukec\Documents\GitHub\voxelstation13\build\_deps\glm-src\doc\api\a00116_source.html", "HTML", 0, 0, 0, 0, 0, 0, 0, 0, 0, 0, 0, 0, 0, 91, 0, 0, 5, 3, 99
"c:\Users\nukec\Documents\GitHub\voxelstation13\build\_deps\glm-src\doc\api\a00119.html", "HTML", 0, 0, 0, 0, 0, 0, 0, 0, 0, 0, 0, 0, 0, 92, 0, 0, 5, 6, 103
"c:\Users\nukec\Documents\GitHub\voxelstation13\build\_deps\glm-src\doc\api\a00119_source.html", "HTML", 0, 0, 0, 0, 0, 0, 0, 0, 0, 0, 0, 0, 0, 88, 0, 0, 5, 3, 96
"c:\Users\nukec\Documents\GitHub\voxelstation13\build\_deps\glm-src\doc\api\a00122.html", "HTML", 0, 0, 0, 0, 0, 0, 0, 0, 0, 0, 0, 0, 0, 104, 0, 0, 5, 6, 115
"c:\Users\nukec\Documents\GitHub\voxelstation13\build\_deps\glm-src\doc\api\a00122_source.html", "HTML", 0, 0, 0, 0, 0, 0, 0, 0, 0, 0, 0, 0, 0, 100, 0, 0, 5, 3, 108
"c:\Users\nukec\Documents\GitHub\voxelstation13\build\_deps\glm-src\doc\api\a00125.html", "HTML", 0, 0, 0, 0, 0, 0, 0, 0, 0, 0, 0, 0, 0, 89, 0, 0, 5, 6, 100
"c:\Users\nukec\Documents\GitHub\voxelstation13\build\_deps\glm-src\doc\api\a00125_source.html", "HTML", 0, 0, 0, 0, 0, 0, 0, 0, 0, 0, 0, 0, 0, 85, 0, 0, 5, 3, 93
"c:\Users\nukec\Documents\GitHub\voxelstation13\build\_deps\glm-src\doc\api\a00128.html", "HTML", 0, 0, 0, 0, 0, 0, 0, 0, 0, 0, 0, 0, 0, 95, 0, 0, 5, 6, 106
"c:\Users\nukec\Documents\GitHub\voxelstation13\build\_deps\glm-src\doc\api\a00128_source.html", "HTML", 0, 0, 0, 0, 0, 0, 0, 0, 0, 0, 0, 0, 0, 91, 0, 0, 5, 3, 99
"c:\Users\nukec\Documents\GitHub\voxelstation13\build\_deps\glm-src\doc\api\a00131.html", "HTML", 0, 0, 0, 0, 0, 0, 0, 0, 0, 0, 0, 0, 0, 89, 0, 0, 5, 6, 100
"c:\Users\nukec\Documents\GitHub\voxelstation13\build\_deps\glm-src\doc\api\a00131_source.html", "HTML", 0, 0, 0, 0, 0, 0, 0, 0, 0, 0, 0, 0, 0, 85, 0, 0, 5, 3, 93
"c:\Users\nukec\Documents\GitHub\voxelstation13\build\_deps\glm-src\doc\api\a00134.html", "HTML", 0, 0, 0, 0, 0, 0, 0, 0, 0, 0, 0, 0, 0, 95, 0, 0, 5, 6, 106
"c:\Users\nukec\Documents\GitHub\voxelstation13\build\_deps\glm-src\doc\api\a00134_source.html", "HTML", 0, 0, 0, 0, 0, 0, 0, 0, 0, 0, 0, 0, 0, 91, 0, 0, 5, 3, 99
"c:\Users\nukec\Documents\GitHub\voxelstation13\build\_deps\glm-src\doc\api\a00137.html", "HTML", 0, 0, 0, 0, 0, 0, 0, 0, 0, 0, 0, 0, 0, 89, 0, 0, 5, 6, 100
"c:\Users\nukec\Documents\GitHub\voxelstation13\build\_deps\glm-src\doc\api\a00137_source.html", "HTML", 0, 0, 0, 0, 0, 0, 0, 0, 0, 0, 0, 0, 0, 85, 0, 0, 5, 3, 93
"c:\Users\nukec\Documents\GitHub\voxelstation13\build\_deps\glm-src\doc\api\a00140.html", "HTML", 0, 0, 0, 0, 0, 0, 0, 0, 0, 0, 0, 0, 0, 95, 0, 0, 5, 6, 106
"c:\Users\nukec\Documents\GitHub\voxelstation13\build\_deps\glm-src\doc\api\a00140_source.html", "HTML", 0, 0, 0, 0, 0, 0, 0, 0, 0, 0, 0, 0, 0, 91, 0, 0, 5, 3, 99
"c:\Users\nukec\Documents\GitHub\voxelstation13\build\_deps\glm-src\doc\api\a00143.html", "HTML", 0, 0, 0, 0, 0, 0, 0, 0, 0, 0, 0, 0, 0, 92, 0, 0, 5, 6, 103
"c:\Users\nukec\Documents\GitHub\voxelstation13\build\_deps\glm-src\doc\api\a00143_source.html", "HTML", 0, 0, 0, 0, 0, 0, 0, 0, 0, 0, 0, 0, 0, 88, 0, 0, 5, 3, 96
"c:\Users\nukec\Documents\GitHub\voxelstation13\build\_deps\glm-src\doc\api\a00146.html", "HTML", 0, 0, 0, 0, 0, 0, 0, 0, 0, 0, 0, 0, 0, 104, 0, 0, 5, 6, 115
"c:\Users\nukec\Documents\GitHub\voxelstation13\build\_deps\glm-src\doc\api\a00146_source.html", "HTML", 0, 0, 0, 0, 0, 0, 0, 0, 0, 0, 0, 0, 0, 100, 0, 0, 5, 3, 108
"c:\Users\nukec\Documents\GitHub\voxelstation13\build\_deps\glm-src\doc\api\a00149.html", "HTML", 0, 0, 0, 0, 0, 0, 0, 0, 0, 0, 0, 0, 0, 92, 0, 0, 5, 6, 103
"c:\Users\nukec\Documents\GitHub\voxelstation13\build\_deps\glm-src\doc\api\a00149_source.html", "HTML", 0, 0, 0, 0, 0, 0, 0, 0, 0, 0, 0, 0, 0, 88, 0, 0, 5, 3, 96
"c:\Users\nukec\Documents\GitHub\voxelstation13\build\_deps\glm-src\doc\api\a00152.html", "HTML", 0, 0, 0, 0, 0, 0, 0, 0, 0, 0, 0, 0, 0, 104, 0, 0, 5, 6, 115
"c:\Users\nukec\Documents\GitHub\voxelstation13\build\_deps\glm-src\doc\api\a00152_source.html", "HTML", 0, 0, 0, 0, 0, 0, 0, 0, 0, 0, 0, 0, 0, 100, 0, 0, 5, 3, 108
"c:\Users\nukec\Documents\GitHub\voxelstation13\build\_deps\glm-src\doc\api\a00155.html", "HTML", 0, 0, 0, 0, 0, 0, 0, 0, 0, 0, 0, 0, 0, 89, 0, 0, 5, 6, 100
"c:\Users\nukec\Documents\GitHub\voxelstation13\build\_deps\glm-src\doc\api\a00155_source.html", "HTML", 0, 0, 0, 0, 0, 0, 0, 0, 0, 0, 0, 0, 0, 85, 0, 0, 5, 3, 93
"c:\Users\nukec\Documents\GitHub\voxelstation13\build\_deps\glm-src\doc\api\a00158.html", "HTML", 0, 0, 0, 0, 0, 0, 0, 0, 0, 0, 0, 0, 0, 95, 0, 0, 5, 6, 106
"c:\Users\nukec\Documents\GitHub\voxelstation13\build\_deps\glm-src\doc\api\a00158_source.html", "HTML", 0, 0, 0, 0, 0, 0, 0, 0, 0, 0, 0, 0, 0, 91, 0, 0, 5, 3, 99
"c:\Users\nukec\Documents\GitHub\voxelstation13\build\_deps\glm-src\doc\api\a00161.html", "HTML", 0, 0, 0, 0, 0, 0, 0, 0, 0, 0, 0, 0, 0, 89, 0, 0, 5, 6, 100
"c:\Users\nukec\Documents\GitHub\voxelstation13\build\_deps\glm-src\doc\api\a00161_source.html", "HTML", 0, 0, 0, 0, 0, 0, 0, 0, 0, 0, 0, 0, 0, 85, 0, 0, 5, 3, 93
"c:\Users\nukec\Documents\GitHub\voxelstation13\build\_deps\glm-src\doc\api\a00164.html", "HTML", 0, 0, 0, 0, 0, 0, 0, 0, 0, 0, 0, 0, 0, 95, 0, 0, 5, 6, 106
"c:\Users\nukec\Documents\GitHub\voxelstation13\build\_deps\glm-src\doc\api\a00164_source.html", "HTML", 0, 0, 0, 0, 0, 0, 0, 0, 0, 0, 0, 0, 0, 91, 0, 0, 5, 3, 99
"c:\Users\nukec\Documents\GitHub\voxelstation13\build\_deps\glm-src\doc\api\a00167.html", "HTML", 0, 0, 0, 0, 0, 0, 0, 0, 0, 0, 0, 0, 0, 89, 0, 0, 5, 6, 100
"c:\Users\nukec\Documents\GitHub\voxelstation13\build\_deps\glm-src\doc\api\a00167_source.html", "HTML", 0, 0, 0, 0, 0, 0, 0, 0, 0, 0, 0, 0, 0, 85, 0, 0, 5, 3, 93
"c:\Users\nukec\Documents\GitHub\voxelstation13\build\_deps\glm-src\doc\api\a00170.html", "HTML", 0, 0, 0, 0, 0, 0, 0, 0, 0, 0, 0, 0, 0, 95, 0, 0, 5, 6, 106
"c:\Users\nukec\Documents\GitHub\voxelstation13\build\_deps\glm-src\doc\api\a00170_source.html", "HTML", 0, 0, 0, 0, 0, 0, 0, 0, 0, 0, 0, 0, 0, 91, 0, 0, 5, 3, 99
"c:\Users\nukec\Documents\GitHub\voxelstation13\build\_deps\glm-src\doc\api\a00173.html", "HTML", 0, 0, 0, 0, 0, 0, 0, 0, 0, 0, 0, 0, 0, 92, 0, 0, 5, 6, 103
"c:\Users\nukec\Documents\GitHub\voxelstation13\build\_deps\glm-src\doc\api\a00173_source.html", "HTML", 0, 0, 0, 0, 0, 0, 0, 0, 0, 0, 0, 0, 0, 88, 0, 0, 5, 3, 96
"c:\Users\nukec\Documents\GitHub\voxelstation13\build\_deps\glm-src\doc\api\a00176.html", "HTML", 0, 0, 0, 0, 0, 0, 0, 0, 0, 0, 0, 0, 0, 104, 0, 0, 5, 6, 115
"c:\Users\nukec\Documents\GitHub\voxelstation13\build\_deps\glm-src\doc\api\a00176_source.html", "HTML", 0, 0, 0, 0, 0, 0, 0, 0, 0, 0, 0, 0, 0, 100, 0, 0, 5, 3, 108
"c:\Users\nukec\Documents\GitHub\voxelstation13\build\_deps\glm-src\doc\api\a00179.html", "HTML", 0, 0, 0, 0, 0, 0, 0, 0, 0, 0, 0, 0, 0, 89, 0, 0, 5, 6, 100
"c:\Users\nukec\Documents\GitHub\voxelstation13\build\_deps\glm-src\doc\api\a00179_source.html", "HTML", 0, 0, 0, 0, 0, 0, 0, 0, 0, 0, 0, 0, 0, 85, 0, 0, 5, 3, 93
"c:\Users\nukec\Documents\GitHub\voxelstation13\build\_deps\glm-src\doc\api\a00182.html", "HTML", 0, 0, 0, 0, 0, 0, 0, 0, 0, 0, 0, 0, 0, 95, 0, 0, 5, 6, 106
"c:\Users\nukec\Documents\GitHub\voxelstation13\build\_deps\glm-src\doc\api\a00182_source.html", "HTML", 0, 0, 0, 0, 0, 0, 0, 0, 0, 0, 0, 0, 0, 91, 0, 0, 5, 3, 99
"c:\Users\nukec\Documents\GitHub\voxelstation13\build\_deps\glm-src\doc\api\a00185.html", "HTML", 0, 0, 0, 0, 0, 0, 0, 0, 0, 0, 0, 0, 0, 89, 0, 0, 5, 6, 100
"c:\Users\nukec\Documents\GitHub\voxelstation13\build\_deps\glm-src\doc\api\a00185_source.html", "HTML", 0, 0, 0, 0, 0, 0, 0, 0, 0, 0, 0, 0, 0, 85, 0, 0, 5, 3, 93
"c:\Users\nukec\Documents\GitHub\voxelstation13\build\_deps\glm-src\doc\api\a00188_source.html", "HTML", 0, 0, 0, 0, 0, 0, 0, 0, 0, 0, 0, 0, 0, 91, 0, 0, 5, 3, 99
"c:\Users\nukec\Documents\GitHub\voxelstation13\build\_deps\glm-src\doc\api\a00191.html", "HTML", 0, 0, 0, 0, 0, 0, 0, 0, 0, 0, 0, 0, 0, 89, 0, 0, 5, 6, 100
"c:\Users\nukec\Documents\GitHub\voxelstation13\build\_deps\glm-src\doc\api\a00191_source.html", "HTML", 0, 0, 0, 0, 0, 0, 0, 0, 0, 0, 0, 0, 0, 85, 0, 0, 5, 3, 93
"c:\Users\nukec\Documents\GitHub\voxelstation13\build\_deps\glm-src\doc\api\a00194.html", "HTML", 0, 0, 0, 0, 0, 0, 0, 0, 0, 0, 0, 0, 0, 95, 0, 0, 5, 6, 106
"c:\Users\nukec\Documents\GitHub\voxelstation13\build\_deps\glm-src\doc\api\a00194_source.html", "HTML", 0, 0, 0, 0, 0, 0, 0, 0, 0, 0, 0, 0, 0, 91, 0, 0, 5, 3, 99
"c:\Users\nukec\Documents\GitHub\voxelstation13\build\_deps\glm-src\doc\api\a00197.html", "HTML", 0, 0, 0, 0, 0, 0, 0, 0, 0, 0, 0, 0, 0, 88, 0, 0, 5, 6, 99
"c:\Users\nukec\Documents\GitHub\voxelstation13\build\_deps\glm-src\doc\api\a00197_source.html", "HTML", 0, 0, 0, 0, 0, 0, 0, 0, 0, 0, 0, 0, 0, 88, 0, 0, 5, 3, 96
"c:\Users\nukec\Documents\GitHub\voxelstation13\build\_deps\glm-src\doc\api\a00200.html", "HTML", 0, 0, 0, 0, 0, 0, 0, 0, 0, 0, 0, 0, 0, 104, 0, 0, 5, 6, 115
"c:\Users\nukec\Documents\GitHub\voxelstation13\build\_deps\glm-src\doc\api\a00200_source.html", "HTML", 0, 0, 0, 0, 0, 0, 0, 0, 0, 0, 0, 0, 0, 100, 0, 0, 5, 3, 108
"c:\Users\nukec\Documents\GitHub\voxelstation13\build\_deps\glm-src\doc\api\a00203.html", "HTML", 0, 0, 0, 0, 0, 0, 0, 0, 0, 0, 0, 0, 0, 93, 0, 0, 5, 6, 104
"c:\Users\nukec\Documents\GitHub\voxelstation13\build\_deps\glm-src\doc\api\a00203_source.html", "HTML", 0, 0, 0, 0, 0, 0, 0, 0, 0, 0, 0, 0, 0, 94, 0, 0, 5, 3, 102
"c:\Users\nukec\Documents\GitHub\voxelstation13\build\_deps\glm-src\doc\api\a00206.html", "HTML", 0, 0, 0, 0, 0, 0, 0, 0, 0, 0, 0, 0, 0, 111, 0, 0, 5, 6, 122
"c:\Users\nukec\Documents\GitHub\voxelstation13\build\_deps\glm-src\doc\api\a00206_source.html", "HTML", 0, 0, 0, 0, 0, 0, 0, 0, 0, 0, 0, 0, 0, 114, 0, 0, 5, 3, 122
"c:\Users\nukec\Documents\GitHub\voxelstation13\build\_deps\glm-src\doc\api\a00209.html", "HTML", 0, 0, 0, 0, 0, 0, 0, 0, 0, 0, 0, 0, 0, 90, 0, 0, 5, 6, 101
"c:\Users\nukec\Documents\GitHub\voxelstation13\build\_deps\glm-src\doc\api\a00209_source.html", "HTML", 0, 0, 0, 0, 0, 0, 0, 0, 0, 0, 0, 0, 0, 91, 0, 0, 5, 3, 99
"c:\Users\nukec\Documents\GitHub\voxelstation13\build\_deps\glm-src\doc\api\a00212.html", "HTML", 0, 0, 0, 0, 0, 0, 0, 0, 0, 0, 0, 0, 0, 99, 0, 0, 5, 6, 110
"c:\Users\nukec\Documents\GitHub\voxelstation13\build\_deps\glm-src\doc\api\a00212_source.html", "HTML", 0, 0, 0, 0, 0, 0, 0, 0, 0, 0, 0, 0, 0, 101, 0, 0, 5, 3, 109
"c:\Users\nukec\Documents\GitHub\voxelstation13\build\_deps\glm-src\doc\api\a00215.html", "HTML", 0, 0, 0, 0, 0, 0, 0, 0, 0, 0, 0, 0, 0, 90, 0, 0, 5, 6, 101
"c:\Users\nukec\Documents\GitHub\voxelstation13\build\_deps\glm-src\doc\api\a00215_source.html", "HTML", 0, 0, 0, 0, 0, 0, 0, 0, 0, 0, 0, 0, 0, 91, 0, 0, 5, 3, 99
"c:\Users\nukec\Documents\GitHub\voxelstation13\build\_deps\glm-src\doc\api\a00218.html", "HTML", 0, 0, 0, 0, 0, 0, 0, 0, 0, 0, 0, 0, 0, 99, 0, 0, 5, 6, 110
"c:\Users\nukec\Documents\GitHub\voxelstation13\build\_deps\glm-src\doc\api\a00218_source.html", "HTML", 0, 0, 0, 0, 0, 0, 0, 0, 0, 0, 0, 0, 0, 101, 0, 0, 5, 3, 109
"c:\Users\nukec\Documents\GitHub\voxelstation13\build\_deps\glm-src\doc\api\a00221.html", "HTML", 0, 0, 0, 0, 0, 0, 0, 0, 0, 0, 0, 0, 0, 90, 0, 0, 5, 6, 101
"c:\Users\nukec\Documents\GitHub\voxelstation13\build\_deps\glm-src\doc\api\a00221_source.html", "HTML", 0, 0, 0, 0, 0, 0, 0, 0, 0, 0, 0, 0, 0, 91, 0, 0, 5, 3, 99
"c:\Users\nukec\Documents\GitHub\voxelstation13\build\_deps\glm-src\doc\api\a00224.html", "HTML", 0, 0, 0, 0, 0, 0, 0, 0, 0, 0, 0, 0, 0, 100, 0, 0, 5, 6, 111
"c:\Users\nukec\Documents\GitHub\voxelstation13\build\_deps\glm-src\doc\api\a00224_source.html", "HTML", 0, 0, 0, 0, 0, 0, 0, 0, 0, 0, 0, 0, 0, 101, 0, 0, 5, 3, 109
"c:\Users\nukec\Documents\GitHub\voxelstation13\build\_deps\glm-src\doc\api\a00227.html", "HTML", 0, 0, 0, 0, 0, 0, 0, 0, 0, 0, 0, 0, 0, 93, 0, 0, 5, 6, 104
"c:\Users\nukec\Documents\GitHub\voxelstation13\build\_deps\glm-src\doc\api\a00227_source.html", "HTML", 0, 0, 0, 0, 0, 0, 0, 0, 0, 0, 0, 0, 0, 94, 0, 0, 5, 3, 102
"c:\Users\nukec\Documents\GitHub\voxelstation13\build\_deps\glm-src\doc\api\a00230.html", "HTML", 0, 0, 0, 0, 0, 0, 0, 0, 0, 0, 0, 0, 0, 111, 0, 0, 5, 6, 122
"c:\Users\nukec\Documents\GitHub\voxelstation13\build\_deps\glm-src\doc\api\a00230_source.html", "HTML", 0, 0, 0, 0, 0, 0, 0, 0, 0, 0, 0, 0, 0, 114, 0, 0, 5, 3, 122
"c:\Users\nukec\Documents\GitHub\voxelstation13\build\_deps\glm-src\doc\api\a00233.html", "HTML", 0, 0, 0, 0, 0, 0, 0, 0, 0, 0, 0, 0, 0, 90, 0, 0, 5, 6, 101
"c:\Users\nukec\Documents\GitHub\voxelstation13\build\_deps\glm-src\doc\api\a00233_source.html", "HTML", 0, 0, 0, 0, 0, 0, 0, 0, 0, 0, 0, 0, 0, 91, 0, 0, 5, 3, 99
"c:\Users\nukec\Documents\GitHub\voxelstation13\build\_deps\glm-src\doc\api\a00236_source.html", "HTML", 0, 0, 0, 0, 0, 0, 0, 0, 0, 0, 0, 0, 0, 101, 0, 0, 5, 3, 109
"c:\Users\nukec\Documents\GitHub\voxelstation13\build\_deps\glm-src\doc\api\a00239.html", "HTML", 0, 0, 0, 0, 0, 0, 0, 0, 0, 0, 0, 0, 0, 90, 0, 0, 5, 6, 101
"c:\Users\nukec\Documents\GitHub\voxelstation13\build\_deps\glm-src\doc\api\a00239_source.html", "HTML", 0, 0, 0, 0, 0, 0, 0, 0, 0, 0, 0, 0, 0, 91, 0, 0, 5, 3, 99
"c:\Users\nukec\Documents\GitHub\voxelstation13\build\_deps\glm-src\doc\api\a00242.html", "HTML", 0, 0, 0, 0, 0, 0, 0, 0, 0, 0, 0, 0, 0, 99, 0, 0, 5, 6, 110
"c:\Users\nukec\Documents\GitHub\voxelstation13\build\_deps\glm-src\doc\api\a00242_source.html", "HTML", 0, 0, 0, 0, 0, 0, 0, 0, 0, 0, 0, 0, 0, 101, 0, 0, 5, 3, 109
"c:\Users\nukec\Documents\GitHub\voxelstation13\build\_deps\glm-src\doc\api\a00245.html", "HTML", 0, 0, 0, 0, 0, 0, 0, 0, 0, 0, 0, 0, 0, 90, 0, 0, 5, 6, 101
"c:\Users\nukec\Documents\GitHub\voxelstation13\build\_deps\glm-src\doc\api\a00245_source.html", "HTML", 0, 0, 0, 0, 0, 0, 0, 0, 0, 0, 0, 0, 0, 91, 0, 0, 5, 3, 99
"c:\Users\nukec\Documents\GitHub\voxelstation13\build\_deps\glm-src\doc\api\a00248.html", "HTML", 0, 0, 0, 0, 0, 0, 0, 0, 0, 0, 0, 0, 0, 99, 0, 0, 5, 6, 110
"c:\Users\nukec\Documents\GitHub\voxelstation13\build\_deps\glm-src\doc\api\a00248_source.html", "HTML", 0, 0, 0, 0, 0, 0, 0, 0, 0, 0, 0, 0, 0, 101, 0, 0, 5, 3, 109
"c:\Users\nukec\Documents\GitHub\voxelstation13\build\_deps\glm-src\doc\api\a00251.html", "HTML", 0, 0, 0, 0, 0, 0, 0, 0, 0, 0, 0, 0, 0, 93, 0, 0, 5, 6, 104
"c:\Users\nukec\Documents\GitHub\voxelstation13\build\_deps\glm-src\doc\api\a00251_source.html", "HTML", 0, 0, 0, 0, 0, 0, 0, 0, 0, 0, 0, 0, 0, 94, 0, 0, 5, 3, 102
"c:\Users\nukec\Documents\GitHub\voxelstation13\build\_deps\glm-src\doc\api\a00254.html", "HTML", 0, 0, 0, 0, 0, 0, 0, 0, 0, 0, 0, 0, 0, 111, 0, 0, 5, 6, 122
"c:\Users\nukec\Documents\GitHub\voxelstation13\build\_deps\glm-src\doc\api\a00254_source.html", "HTML", 0, 0, 0, 0, 0, 0, 0, 0, 0, 0, 0, 0, 0, 114, 0, 0, 5, 3, 122
"c:\Users\nukec\Documents\GitHub\voxelstation13\build\_deps\glm-src\doc\api\a00260.html", "HTML", 0, 0, 0, 0, 0, 0, 0, 0, 0, 0, 0, 0, 0, 114, 0, 0, 5, 6, 125
"c:\Users\nukec\Documents\GitHub\voxelstation13\build\_deps\glm-src\doc\api\a00260_source.html", "HTML", 0, 0, 0, 0, 0, 0, 0, 0, 0, 0, 0, 0, 0, 129, 0, 0, 5, 3, 137
"c:\Users\nukec\Documents\GitHub\voxelstation13\build\_deps\glm-src\doc\api\a00263.html", "HTML", 0, 0, 0, 0, 0, 0, 0, 0, 0, 0, 0, 0, 0, 126, 0, 0, 5, 6, 137
"c:\Users\nukec\Documents\GitHub\voxelstation13\build\_deps\glm-src\doc\api\a00263_source.html", "HTML", 0, 0, 0, 0, 0, 0, 0, 0, 0, 0, 0, 0, 0, 123, 0, 0, 5, 3, 131
"c:\Users\nukec\Documents\GitHub\voxelstation13\build\_deps\glm-src\doc\api\a00269.html", "HTML", 0, 0, 0, 0, 0, 0, 0, 0, 0, 0, 0, 0, 0, 93, 0, 0, 5, 6, 104
"c:\Users\nukec\Documents\GitHub\voxelstation13\build\_deps\glm-src\doc\api\a00269_source.html", "HTML", 0, 0, 0, 0, 0, 0, 0, 0, 0, 0, 0, 0, 0, 94, 0, 0, 5, 3, 102
"c:\Users\nukec\Documents\GitHub\voxelstation13\build\_deps\glm-src\doc\api\a00272.html", "HTML", 0, 0, 0, 0, 0, 0, 0, 0, 0, 0, 0, 0, 0, 111, 0, 0, 5, 6, 122
"c:\Users\nukec\Documents\GitHub\voxelstation13\build\_deps\glm-src\doc\api\a00272_source.html", "HTML", 0, 0, 0, 0, 0, 0, 0, 0, 0, 0, 0, 0, 0, 114, 0, 0, 5, 3, 122
"c:\Users\nukec\Documents\GitHub\voxelstation13\build\_deps\glm-src\doc\api\a00275.html", "HTML", 0, 0, 0, 0, 0, 0, 0, 0, 0, 0, 0, 0, 0, 90, 0, 0, 5, 6, 101
"c:\Users\nukec\Documents\GitHub\voxelstation13\build\_deps\glm-src\doc\api\a00275_source.html", "HTML", 0, 0, 0, 0, 0, 0, 0, 0, 0, 0, 0, 0, 0, 91, 0, 0, 5, 3, 99
"c:\Users\nukec\Documents\GitHub\voxelstation13\build\_deps\glm-src\doc\api\a00278.html", "HTML", 0, 0, 0, 0, 0, 0, 0, 0, 0, 0, 0, 0, 0, 99, 0, 0, 5, 6, 110
"c:\Users\nukec\Documents\GitHub\voxelstation13\build\_deps\glm-src\doc\api\a00278_source.html", "HTML", 0, 0, 0, 0, 0, 0, 0, 0, 0, 0, 0, 0, 0, 101, 0, 0, 5, 3, 109
"c:\Users\nukec\Documents\GitHub\voxelstation13\build\_deps\glm-src\doc\api\a00281.html", "HTML", 0, 0, 0, 0, 0, 0, 0, 0, 0, 0, 0, 0, 0, 90, 0, 0, 5, 6, 101
"c:\Users\nukec\Documents\GitHub\voxelstation13\build\_deps\glm-src\doc\api\a00281_source.html", "HTML", 0, 0, 0, 0, 0, 0, 0, 0, 0, 0, 0, 0, 0, 91, 0, 0, 5, 3, 99
"c:\Users\nukec\Documents\GitHub\voxelstation13\build\_deps\glm-src\doc\api\a00284.html", "HTML", 0, 0, 0, 0, 0, 0, 0, 0, 0, 0, 0, 0, 0, 99, 0, 0, 5, 6, 110
"c:\Users\nukec\Documents\GitHub\voxelstation13\build\_deps\glm-src\doc\api\a00284_source.html", "HTML", 0, 0, 0, 0, 0, 0, 0, 0, 0, 0, 0, 0, 0, 101, 0, 0, 5, 3, 109
"c:\Users\nukec\Documents\GitHub\voxelstation13\build\_deps\glm-src\doc\api\a00287.html", "HTML", 0, 0, 0, 0, 0, 0, 0, 0, 0, 0, 0, 0, 0, 90, 0, 0, 5, 6, 101
"c:\Users\nukec\Documents\GitHub\voxelstation13\build\_deps\glm-src\doc\api\a00287_source.html", "HTML", 0, 0, 0, 0, 0, 0, 0, 0, 0, 0, 0, 0, 0, 91, 0, 0, 5, 3, 99
"c:\Users\nukec\Documents\GitHub\voxelstation13\build\_deps\glm-src\doc\api\a00290.html", "HTML", 0, 0, 0, 0, 0, 0, 0, 0, 0, 0, 0, 0, 0, 100, 0, 0, 5, 6, 111
"c:\Users\nukec\Documents\GitHub\voxelstation13\build\_deps\glm-src\doc\api\a00290_source.html", "HTML", 0, 0, 0, 0, 0, 0, 0, 0, 0, 0, 0, 0, 0, 101, 0, 0, 5, 3, 109
"c:\Users\nukec\Documents\GitHub\voxelstation13\build\_deps\glm-src\doc\api\a00293.html", "HTML", 0, 0, 0, 0, 0, 0, 0, 0, 0, 0, 0, 0, 0, 93, 0, 0, 5, 6, 104
"c:\Users\nukec\Documents\GitHub\voxelstation13\build\_deps\glm-src\doc\api\a00293_source.html", "HTML", 0, 0, 0, 0, 0, 0, 0, 0, 0, 0, 0, 0, 0, 94, 0, 0, 5, 3, 102
"c:\Users\nukec\Documents\GitHub\voxelstation13\build\_deps\glm-src\doc\api\a00296.html", "HTML", 0, 0, 0, 0, 0, 0, 0, 0, 0, 0, 0, 0, 0, 111, 0, 0, 5, 6, 122
"c:\Users\nukec\Documents\GitHub\voxelstation13\build\_deps\glm-src\doc\api\a00296_source.html", "HTML", 0, 0, 0, 0, 0, 0, 0, 0, 0, 0, 0, 0, 0, 114, 0, 0, 5, 3, 122
"c:\Users\nukec\Documents\GitHub\voxelstation13\build\_deps\glm-src\doc\api\a00299.html", "HTML", 0, 0, 0, 0, 0, 0, 0, 0, 0, 0, 0, 0, 0, 90, 0, 0, 5, 6, 101
"c:\Users\nukec\Documents\GitHub\voxelstation13\build\_deps\glm-src\doc\api\a00299_source.html", "HTML", 0, 0, 0, 0, 0, 0, 0, 0, 0, 0, 0, 0, 0, 91, 0, 0, 5, 3, 99
"c:\Users\nukec\Documents\GitHub\voxelstation13\build\_deps\glm-src\doc\api\a00302_source.html", "HTML", 0, 0, 0, 0, 0, 0, 0, 0, 0, 0, 0, 0, 0, 101, 0, 0, 5, 3, 109
"c:\Users\nukec\Documents\GitHub\voxelstation13\build\_deps\glm-src\doc\api\a00305.html", "HTML", 0, 0, 0, 0, 0, 0, 0, 0, 0, 0, 0, 0, 0, 90, 0, 0, 5, 6, 101
"c:\Users\nukec\Documents\GitHub\voxelstation13\build\_deps\glm-src\doc\api\a00305_source.html", "HTML", 0, 0, 0, 0, 0, 0, 0, 0, 0, 0, 0, 0, 0, 91, 0, 0, 5, 3, 99
"c:\Users\nukec\Documents\GitHub\voxelstation13\build\_deps\glm-src\doc\api\a00308.html", "HTML", 0, 0, 0, 0, 0, 0, 0, 0, 0, 0, 0, 0, 0, 99, 0, 0, 5, 6, 110
"c:\Users\nukec\Documents\GitHub\voxelstation13\build\_deps\glm-src\doc\api\a00308_source.html", "HTML", 0, 0, 0, 0, 0, 0, 0, 0, 0, 0, 0, 0, 0, 101, 0, 0, 5, 3, 109
"c:\Users\nukec\Documents\GitHub\voxelstation13\build\_deps\glm-src\doc\api\a00311.html", "HTML", 0, 0, 0, 0, 0, 0, 0, 0, 0, 0, 0, 0, 0, 90, 0, 0, 5, 6, 101
"c:\Users\nukec\Documents\GitHub\voxelstation13\build\_deps\glm-src\doc\api\a00311_source.html", "HTML", 0, 0, 0, 0, 0, 0, 0, 0, 0, 0, 0, 0, 0, 91, 0, 0, 5, 3, 99
"c:\Users\nukec\Documents\GitHub\voxelstation13\build\_deps\glm-src\doc\api\a00314.html", "HTML", 0, 0, 0, 0, 0, 0, 0, 0, 0, 0, 0, 0, 0, 99, 0, 0, 5, 6, 110
"c:\Users\nukec\Documents\GitHub\voxelstation13\build\_deps\glm-src\doc\api\a00314_source.html", "HTML", 0, 0, 0, 0, 0, 0, 0, 0, 0, 0, 0, 0, 0, 101, 0, 0, 5, 3, 109
"c:\Users\nukec\Documents\GitHub\voxelstation13\build\_deps\glm-src\doc\api\a00317.html", "HTML", 0, 0, 0, 0, 0, 0, 0, 0, 0, 0, 0, 0, 0, 93, 0, 0, 5, 6, 104
"c:\Users\nukec\Documents\GitHub\voxelstation13\build\_deps\glm-src\doc\api\a00317_source.html", "HTML", 0, 0, 0, 0, 0, 0, 0, 0, 0, 0, 0, 0, 0, 94, 0, 0, 5, 3, 102
"c:\Users\nukec\Documents\GitHub\voxelstation13\build\_deps\glm-src\doc\api\a00320.html", "HTML", 0, 0, 0, 0, 0, 0, 0, 0, 0, 0, 0, 0, 0, 111, 0, 0, 5, 6, 122
"c:\Users\nukec\Documents\GitHub\voxelstation13\build\_deps\glm-src\doc\api\a00320_source.html", "HTML", 0, 0, 0, 0, 0, 0, 0, 0, 0, 0, 0, 0, 0, 114, 0, 0, 5, 3, 122
"c:\Users\nukec\Documents\GitHub\voxelstation13\build\_deps\glm-src\doc\api\a00323.html", "HTML", 0, 0, 0, 0, 0, 0, 0, 0, 0, 0, 0, 0, 0, 118, 0, 0, 5, 6, 129
"c:\Users\nukec\Documents\GitHub\voxelstation13\build\_deps\glm-src\doc\api\a00323_source.html", "HTML", 0, 0, 0, 0, 0, 0, 0, 0, 0, 0, 0, 0, 0, 126, 0, 0, 5, 3, 134
"c:\Users\nukec\Documents\GitHub\voxelstation13\build\_deps\glm-src\doc\api\a00326.html", "HTML", 0, 0, 0, 0, 0, 0, 0, 0, 0, 0, 0, 0, 0, 90, 0, 0, 5, 6, 101
"c:\Users\nukec\Documents\GitHub\voxelstation13\build\_deps\glm-src\doc\api\a00326_source.html", "HTML", 0, 0, 0, 0, 0, 0, 0, 0, 0, 0, 0, 0, 0, 92, 0, 0, 5, 3, 100
"c:\Users\nukec\Documents\GitHub\voxelstation13\build\_deps\glm-src\doc\api\a00329.html", "HTML", 0, 0, 0, 0, 0, 0, 0, 0, 0, 0, 0, 0, 0, 95, 0, 0, 5, 6, 106
"c:\Users\nukec\Documents\GitHub\voxelstation13\build\_deps\glm-src\doc\api\a00329_source.html", "HTML", 0, 0, 0, 0, 0, 0, 0, 0, 0, 0, 0, 0, 0, 98, 0, 0, 5, 3, 106
"c:\Users\nukec\Documents\GitHub\voxelstation13\build\_deps\glm-src\doc\api\a00332.html", "HTML", 0, 0, 0, 0, 0, 0, 0, 0, 0, 0, 0, 0, 0, 102, 0, 0, 5, 6, 113
"c:\Users\nukec\Documents\GitHub\voxelstation13\build\_deps\glm-src\doc\api\a00332_source.html", "HTML", 0, 0, 0, 0, 0, 0, 0, 0, 0, 0, 0, 0, 0, 109, 0, 0, 5, 3, 117
"c:\Users\nukec\Documents\GitHub\voxelstation13\build\_deps\glm-src\doc\api\a00335.html", "HTML", 0, 0, 0, 0, 0, 0, 0, 0, 0, 0, 0, 0, 0, 90, 0, 0, 5, 6, 101
"c:\Users\nukec\Documents\GitHub\voxelstation13\build\_deps\glm-src\doc\api\a00335_source.html", "HTML", 0, 0, 0, 0, 0, 0, 0, 0, 0, 0, 0, 0, 0, 92, 0, 0, 5, 3, 100
"c:\Users\nukec\Documents\GitHub\voxelstation13\build\_deps\glm-src\doc\api\a00338.html", "HTML", 0, 0, 0, 0, 0, 0, 0, 0, 0, 0, 0, 0, 0, 98, 0, 0, 5, 6, 109
"c:\Users\nukec\Documents\GitHub\voxelstation13\build\_deps\glm-src\doc\api\a00338_source.html", "HTML", 0, 0, 0, 0, 0, 0, 0, 0, 0, 0, 0, 0, 0, 98, 0, 0, 5, 3, 106
"c:\Users\nukec\Documents\GitHub\voxelstation13\build\_deps\glm-src\doc\api\a00341.html", "HTML", 0, 0, 0, 0, 0, 0, 0, 0, 0, 0, 0, 0, 0, 102, 0, 0, 5, 6, 113
"c:\Users\nukec\Documents\GitHub\voxelstation13\build\_deps\glm-src\doc\api\a00341_source.html", "HTML", 0, 0, 0, 0, 0, 0, 0, 0, 0, 0, 0, 0, 0, 108, 0, 0, 5, 3, 116
"c:\Users\nukec\Documents\GitHub\voxelstation13\build\_deps\glm-src\doc\api\a00344.html", "HTML", 0, 0, 0, 0, 0, 0, 0, 0, 0, 0, 0, 0, 0, 102, 0, 0, 5, 6, 113
"c:\Users\nukec\Documents\GitHub\voxelstation13\build\_deps\glm-src\doc\api\a00344_source.html", "HTML", 0, 0, 0, 0, 0, 0, 0, 0, 0, 0, 0, 0, 0, 105, 0, 0, 5, 3, 113
"c:\Users\nukec\Documents\GitHub\voxelstation13\build\_deps\glm-src\doc\api\a00347.html", "HTML", 0, 0, 0, 0, 0, 0, 0, 0, 0, 0, 0, 0, 0, 90, 0, 0, 5, 6, 101
"c:\Users\nukec\Documents\GitHub\voxelstation13\build\_deps\glm-src\doc\api\a00347_source.html", "HTML", 0, 0, 0, 0, 0, 0, 0, 0, 0, 0, 0, 0, 0, 97, 0, 0, 5, 3, 105
"c:\Users\nukec\Documents\GitHub\voxelstation13\build\_deps\glm-src\doc\api\a00350.html", "HTML", 0, 0, 0, 0, 0, 0, 0, 0, 0, 0, 0, 0, 0, 98, 0, 0, 5, 6, 109
"c:\Users\nukec\Documents\GitHub\voxelstation13\build\_deps\glm-src\doc\api\a00350_source.html", "HTML", 0, 0, 0, 0, 0, 0, 0, 0, 0, 0, 0, 0, 0, 108, 0, 0, 5, 3, 116
"c:\Users\nukec\Documents\GitHub\voxelstation13\build\_deps\glm-src\doc\api\a00353.html", "HTML", 0, 0, 0, 0, 0, 0, 0, 0, 0, 0, 0, 0, 0, 154, 0, 0, 5, 6, 165
"c:\Users\nukec\Documents\GitHub\voxelstation13\build\_deps\glm-src\doc\api\a00353_source.html", "HTML", 0, 0, 0, 0, 0, 0, 0, 0, 0, 0, 0, 0, 0, 152, 0, 0, 5, 3, 160
"c:\Users\nukec\Documents\GitHub\voxelstation13\build\_deps\glm-src\doc\api\a00356.html", "HTML", 0, 0, 0, 0, 0, 0, 0, 0, 0, 0, 0, 0, 0, 101, 0, 0, 5, 6, 112
"c:\Users\nukec\Documents\GitHub\voxelstation13\build\_deps\glm-src\doc\api\a00356_source.html", "HTML", 0, 0, 0, 0, 0, 0, 0, 0, 0, 0, 0, 0, 0, 102, 0, 0, 5, 3, 110
"c:\Users\nukec\Documents\GitHub\voxelstation13\build\_deps\glm-src\doc\api\a00359.html", "HTML", 0, 0, 0, 0, 0, 0, 0, 0, 0, 0, 0, 0, 0, 102, 0, 0, 5, 6, 113
"c:\Users\nukec\Documents\GitHub\voxelstation13\build\_deps\glm-src\doc\api\a00359_source.html", "HTML", 0, 0, 0, 0, 0, 0, 0, 0, 0, 0, 0, 0, 0, 133, 0, 0, 5, 3, 141
"c:\Users\nukec\Documents\GitHub\voxelstation13\build\_deps\glm-src\doc\api\a00362.html", "HTML", 0, 0, 0, 0, 0, 0, 0, 0, 0, 0, 0, 0, 0, 115, 0, 0, 5, 6, 126
"c:\Users\nukec\Documents\GitHub\voxelstation13\build\_deps\glm-src\doc\api\a00362_source.html", "HTML", 0, 0, 0, 0, 0, 0, 0, 0, 0, 0, 0, 0, 0, 124, 0, 0, 5, 3, 132
"c:\Users\nukec\Documents\GitHub\voxelstation13\build\_deps\glm-src\doc\api\a00365.html", "HTML", 0, 0, 0, 0, 0, 0, 0, 0, 0, 0, 0, 0, 0, 81, 0, 0, 5, 6, 92
"c:\Users\nukec\Documents\GitHub\voxelstation13\build\_deps\glm-src\doc\api\a00365_source.html", "HTML", 0, 0, 0, 0, 0, 0, 0, 0, 0, 0, 0, 0, 0, 91, 0, 0, 5, 3, 99
"c:\Users\nukec\Documents\GitHub\voxelstation13\build\_deps\glm-src\doc\api\a00368.html", "HTML", 0, 0, 0, 0, 0, 0, 0, 0, 0, 0, 0, 0, 0, 135, 0, 0, 5, 6, 146
"c:\Users\nukec\Documents\GitHub\voxelstation13\build\_deps\glm-src\doc\api\a00368_source.html", "HTML", 0, 0, 0, 0, 0, 0, 0, 0, 0, 0, 0, 0, 0, 139, 0, 0, 5, 3, 147
"c:\Users\nukec\Documents\GitHub\voxelstation13\build\_deps\glm-src\doc\api\a00374.html", "HTML", 0, 0, 0, 0, 0, 0, 0, 0, 0, 0, 0, 0, 0, 102, 0, 0, 5, 6, 113
"c:\Users\nukec\Documents\GitHub\voxelstation13\build\_deps\glm-src\doc\api\a00374_source.html", "HTML", 0, 0, 0, 0, 0, 0, 0, 0, 0, 0, 0, 0, 0, 133, 0, 0, 5, 3, 141
"c:\Users\nukec\Documents\GitHub\voxelstation13\build\_deps\glm-src\doc\api\a00377.html", "HTML", 0, 0, 0, 0, 0, 0, 0, 0, 0, 0, 0, 0, 0, 108, 0, 0, 5, 6, 119
"c:\Users\nukec\Documents\GitHub\voxelstation13\build\_deps\glm-src\doc\api\a00377_source.html", "HTML", 0, 0, 0, 0, 0, 0, 0, 0, 0, 0, 0, 0, 0, 112, 0, 0, 5, 3, 120
"c:\Users\nukec\Documents\GitHub\voxelstation13\build\_deps\glm-src\doc\api\a00380.html", "HTML", 0, 0, 0, 0, 0, 0, 0, 0, 0, 0, 0, 0, 0, 90, 0, 0, 5, 6, 101
"c:\Users\nukec\Documents\GitHub\voxelstation13\build\_deps\glm-src\doc\api\a00380_source.html", "HTML", 0, 0, 0, 0, 0, 0, 0, 0, 0, 0, 0, 0, 0, 90, 0, 0, 5, 3, 98
"c:\Users\nukec\Documents\GitHub\voxelstation13\build\_deps\glm-src\doc\api\a00383.html", "HTML", 0, 0, 0, 0, 0, 0, 0, 0, 0, 0, 0, 0, 0, 98, 0, 0, 5, 6, 109
"c:\Users\nukec\Documents\GitHub\voxelstation13\build\_deps\glm-src\doc\api\a00383_source.html", "HTML", 0, 0, 0, 0, 0, 0, 0, 0, 0, 0, 0, 0, 0, 96, 0, 0, 5, 3, 104
"c:\Users\nukec\Documents\GitHub\voxelstation13\build\_deps\glm-src\doc\api\a00386.html", "HTML", 0, 0, 0, 0, 0, 0, 0, 0, 0, 0, 0, 0, 0, 89, 0, 0, 5, 6, 100
"c:\Users\nukec\Documents\GitHub\voxelstation13\build\_deps\glm-src\doc\api\a00386_source.html", "HTML", 0, 0, 0, 0, 0, 0, 0, 0, 0, 0, 0, 0, 0, 85, 0, 0, 5, 3, 93
"c:\Users\nukec\Documents\GitHub\voxelstation13\build\_deps\glm-src\doc\api\a00389.html", "HTML", 0, 0, 0, 0, 0, 0, 0, 0, 0, 0, 0, 0, 0, 95, 0, 0, 5, 6, 106
"c:\Users\nukec\Documents\GitHub\voxelstation13\build\_deps\glm-src\doc\api\a00389_source.html", "HTML", 0, 0, 0, 0, 0, 0, 0, 0, 0, 0, 0, 0, 0, 91, 0, 0, 5, 3, 99
"c:\Users\nukec\Documents\GitHub\voxelstation13\build\_deps\glm-src\doc\api\a00392.html", "HTML", 0, 0, 0, 0, 0, 0, 0, 0, 0, 0, 0, 0, 0, 89, 0, 0, 5, 6, 100
"c:\Users\nukec\Documents\GitHub\voxelstation13\build\_deps\glm-src\doc\api\a00392_source.html", "HTML", 0, 0, 0, 0, 0, 0, 0, 0, 0, 0, 0, 0, 0, 85, 0, 0, 5, 3, 93
"c:\Users\nukec\Documents\GitHub\voxelstation13\build\_deps\glm-src\doc\api\a00395.html", "HTML", 0, 0, 0, 0, 0, 0, 0, 0, 0, 0, 0, 0, 0, 95, 0, 0, 5, 6, 106
"c:\Users\nukec\Documents\GitHub\voxelstation13\build\_deps\glm-src\doc\api\a00395_source.html", "HTML", 0, 0, 0, 0, 0, 0, 0, 0, 0, 0, 0, 0, 0, 91, 0, 0, 5, 3, 99
"c:\Users\nukec\Documents\GitHub\voxelstation13\build\_deps\glm-src\doc\api\a00398.html", "HTML", 0, 0, 0, 0, 0, 0, 0, 0, 0, 0, 0, 0, 0, 89, 0, 0, 5, 6, 100
"c:\Users\nukec\Documents\GitHub\voxelstation13\build\_deps\glm-src\doc\api\a00398_source.html", "HTML", 0, 0, 0, 0, 0, 0, 0, 0, 0, 0, 0, 0, 0, 85, 0, 0, 5, 3, 93
"c:\Users\nukec\Documents\GitHub\voxelstation13\build\_deps\glm-src\doc\api\a00401.html", "HTML", 0, 0, 0, 0, 0, 0, 0, 0, 0, 0, 0, 0, 0, 95, 0, 0, 5, 6, 106
"c:\Users\nukec\Documents\GitHub\voxelstation13\build\_deps\glm-src\doc\api\a00401_source.html", "HTML", 0, 0, 0, 0, 0, 0, 0, 0, 0, 0, 0, 0, 0, 91, 0, 0, 5, 3, 99
"c:\Users\nukec\Documents\GitHub\voxelstation13\build\_deps\glm-src\doc\api\a00404.html", "HTML", 0, 0, 0, 0, 0, 0, 0, 0, 0, 0, 0, 0, 0, 166, 0, 0, 5, 6, 177
"c:\Users\nukec\Documents\GitHub\voxelstation13\build\_deps\glm-src\doc\api\a00404_source.html", "HTML", 0, 0, 0, 0, 0, 0, 0, 0, 0, 0, 0, 0, 0, 162, 0, 0, 5, 3, 170
"c:\Users\nukec\Documents\GitHub\voxelstation13\build\_deps\glm-src\doc\api\a00407.html", "HTML", 0, 0, 0, 0, 0, 0, 0, 0, 0, 0, 0, 0, 0, 90, 0, 0, 5, 6, 101
"c:\Users\nukec\Documents\GitHub\voxelstation13\build\_deps\glm-src\doc\api\a00407_source.html", "HTML", 0, 0, 0, 0, 0, 0, 0, 0, 0, 0, 0, 0, 0, 90, 0, 0, 5, 3, 98
"c:\Users\nukec\Documents\GitHub\voxelstation13\build\_deps\glm-src\doc\api\a00410.html", "HTML", 0, 0, 0, 0, 0, 0, 0, 0, 0, 0, 0, 0, 0, 98, 0, 0, 5, 6, 109
"c:\Users\nukec\Documents\GitHub\voxelstation13\build\_deps\glm-src\doc\api\a00410_source.html", "HTML", 0, 0, 0, 0, 0, 0, 0, 0, 0, 0, 0, 0, 0, 96, 0, 0, 5, 3, 104
"c:\Users\nukec\Documents\GitHub\voxelstation13\build\_deps\glm-src\doc\api\a00413.html", "HTML", 0, 0, 0, 0, 0, 0, 0, 0, 0, 0, 0, 0, 0, 89, 0, 0, 5, 6, 100
"c:\Users\nukec\Documents\GitHub\voxelstation13\build\_deps\glm-src\doc\api\a00413_source.html", "HTML", 0, 0, 0, 0, 0, 0, 0, 0, 0, 0, 0, 0, 0, 85, 0, 0, 5, 3, 93
"c:\Users\nukec\Documents\GitHub\voxelstation13\build\_deps\glm-src\doc\api\a00416.html", "HTML", 0, 0, 0, 0, 0, 0, 0, 0, 0, 0, 0, 0, 0, 95, 0, 0, 5, 6, 106
"c:\Users\nukec\Documents\GitHub\voxelstation13\build\_deps\glm-src\doc\api\a00416_source.html", "HTML", 0, 0, 0, 0, 0, 0, 0, 0, 0, 0, 0, 0, 0, 91, 0, 0, 5, 3, 99
"c:\Users\nukec\Documents\GitHub\voxelstation13\build\_deps\glm-src\doc\api\a00419.html", "HTML", 0, 0, 0, 0, 0, 0, 0, 0, 0, 0, 0, 0, 0, 89, 0, 0, 5, 6, 100
"c:\Users\nukec\Documents\GitHub\voxelstation13\build\_deps\glm-src\doc\api\a00419_source.html", "HTML", 0, 0, 0, 0, 0, 0, 0, 0, 0, 0, 0, 0, 0, 85, 0, 0, 5, 3, 93
"c:\Users\nukec\Documents\GitHub\voxelstation13\build\_deps\glm-src\doc\api\a00422.html", "HTML", 0, 0, 0, 0, 0, 0, 0, 0, 0, 0, 0, 0, 0, 95, 0, 0, 5, 6, 106
"c:\Users\nukec\Documents\GitHub\voxelstation13\build\_deps\glm-src\doc\api\a00422_source.html", "HTML", 0, 0, 0, 0, 0, 0, 0, 0, 0, 0, 0, 0, 0, 91, 0, 0, 5, 3, 99
"c:\Users\nukec\Documents\GitHub\voxelstation13\build\_deps\glm-src\doc\api\a00425.html", "HTML", 0, 0, 0, 0, 0, 0, 0, 0, 0, 0, 0, 0, 0, 89, 0, 0, 5, 6, 100
"c:\Users\nukec\Documents\GitHub\voxelstation13\build\_deps\glm-src\doc\api\a00425_source.html", "HTML", 0, 0, 0, 0, 0, 0, 0, 0, 0, 0, 0, 0, 0, 85, 0, 0, 5, 3, 93
"c:\Users\nukec\Documents\GitHub\voxelstation13\build\_deps\glm-src\doc\api\a00428.html", "HTML", 0, 0, 0, 0, 0, 0, 0, 0, 0, 0, 0, 0, 0, 95, 0, 0, 5, 6, 106
"c:\Users\nukec\Documents\GitHub\voxelstation13\build\_deps\glm-src\doc\api\a00428_source.html", "HTML", 0, 0, 0, 0, 0, 0, 0, 0, 0, 0, 0, 0, 0, 92, 0, 0, 5, 3, 100
"c:\Users\nukec\Documents\GitHub\voxelstation13\build\_deps\glm-src\doc\api\a00431.html", "HTML", 0, 0, 0, 0, 0, 0, 0, 0, 0, 0, 0, 0, 0, 90, 0, 0, 5, 6, 101
"c:\Users\nukec\Documents\GitHub\voxelstation13\build\_deps\glm-src\doc\api\a00431_source.html", "HTML", 0, 0, 0, 0, 0, 0, 0, 0, 0, 0, 0, 0, 0, 90, 0, 0, 5, 3, 98
"c:\Users\nukec\Documents\GitHub\voxelstation13\build\_deps\glm-src\doc\api\a00434.html", "HTML", 0, 0, 0, 0, 0, 0, 0, 0, 0, 0, 0, 0, 0, 98, 0, 0, 5, 6, 109
"c:\Users\nukec\Documents\GitHub\voxelstation13\build\_deps\glm-src\doc\api\a00434_source.html", "HTML", 0, 0, 0, 0, 0, 0, 0, 0, 0, 0, 0, 0, 0, 96, 0, 0, 5, 3, 104
"c:\Users\nukec\Documents\GitHub\voxelstation13\build\_deps\glm-src\doc\api\a00437.html", "HTML", 0, 0, 0, 0, 0, 0, 0, 0, 0, 0, 0, 0, 0, 89, 0, 0, 5, 6, 100
"c:\Users\nukec\Documents\GitHub\voxelstation13\build\_deps\glm-src\doc\api\a00437_source.html", "HTML", 0, 0, 0, 0, 0, 0, 0, 0, 0, 0, 0, 0, 0, 85, 0, 0, 5, 3, 93
"c:\Users\nukec\Documents\GitHub\voxelstation13\build\_deps\glm-src\doc\api\a00440.html", "HTML", 0, 0, 0, 0, 0, 0, 0, 0, 0, 0, 0, 0, 0, 95, 0, 0, 5, 6, 106
"c:\Users\nukec\Documents\GitHub\voxelstation13\build\_deps\glm-src\doc\api\a00440_source.html", "HTML", 0, 0, 0, 0, 0, 0, 0, 0, 0, 0, 0, 0, 0, 91, 0, 0, 5, 3, 99
"c:\Users\nukec\Documents\GitHub\voxelstation13\build\_deps\glm-src\doc\api\a00443.html", "HTML", 0, 0, 0, 0, 0, 0, 0, 0, 0, 0, 0, 0, 0, 89, 0, 0, 5, 6, 100
"c:\Users\nukec\Documents\GitHub\voxelstation13\build\_deps\glm-src\doc\api\a00443_source.html", "HTML", 0, 0, 0, 0, 0, 0, 0, 0, 0, 0, 0, 0, 0, 85, 0, 0, 5, 3, 93
"c:\Users\nukec\Documents\GitHub\voxelstation13\build\_deps\glm-src\doc\api\a00446.html", "HTML", 0, 0, 0, 0, 0, 0, 0, 0, 0, 0, 0, 0, 0, 95, 0, 0, 5, 6, 106
"c:\Users\nukec\Documents\GitHub\voxelstation13\build\_deps\glm-src\doc\api\a00446_source.html", "HTML", 0, 0, 0, 0, 0, 0, 0, 0, 0, 0, 0, 0, 0, 91, 0, 0, 5, 3, 99
"c:\Users\nukec\Documents\GitHub\voxelstation13\build\_deps\glm-src\doc\api\a00449.html", "HTML", 0, 0, 0, 0, 0, 0, 0, 0, 0, 0, 0, 0, 0, 89, 0, 0, 5, 6, 100
"c:\Users\nukec\Documents\GitHub\voxelstation13\build\_deps\glm-src\doc\api\a00449_source.html", "HTML", 0, 0, 0, 0, 0, 0, 0, 0, 0, 0, 0, 0, 0, 85, 0, 0, 5, 3, 93
"c:\Users\nukec\Documents\GitHub\voxelstation13\build\_deps\glm-src\doc\api\a00452.html", "HTML", 0, 0, 0, 0, 0, 0, 0, 0, 0, 0, 0, 0, 0, 95, 0, 0, 5, 6, 106
"c:\Users\nukec\Documents\GitHub\voxelstation13\build\_deps\glm-src\doc\api\a00452_source.html", "HTML", 0, 0, 0, 0, 0, 0, 0, 0, 0, 0, 0, 0, 0, 91, 0, 0, 5, 3, 99
"c:\Users\nukec\Documents\GitHub\voxelstation13\build\_deps\glm-src\doc\api\a00455.html", "HTML", 0, 0, 0, 0, 0, 0, 0, 0, 0, 0, 0, 0, 0, 90, 0, 0, 5, 6, 101
"c:\Users\nukec\Documents\GitHub\voxelstation13\build\_deps\glm-src\doc\api\a00455_source.html", "HTML", 0, 0, 0, 0, 0, 0, 0, 0, 0, 0, 0, 0, 0, 91, 0, 0, 5, 3, 99
"c:\Users\nukec\Documents\GitHub\voxelstation13\build\_deps\glm-src\doc\api\a00458.html", "HTML", 0, 0, 0, 0, 0, 0, 0, 0, 0, 0, 0, 0, 0, 98, 0, 0, 5, 6, 109
"c:\Users\nukec\Documents\GitHub\voxelstation13\build\_deps\glm-src\doc\api\a00458_source.html", "HTML", 0, 0, 0, 0, 0, 0, 0, 0, 0, 0, 0, 0, 0, 100, 0, 0, 5, 3, 108
"c:\Users\nukec\Documents\GitHub\voxelstation13\build\_deps\glm-src\doc\api\a00461.html", "HTML", 0, 0, 0, 0, 0, 0, 0, 0, 0, 0, 0, 0, 0, 89, 0, 0, 5, 6, 100
"c:\Users\nukec\Documents\GitHub\voxelstation13\build\_deps\glm-src\doc\api\a00461_source.html", "HTML", 0, 0, 0, 0, 0, 0, 0, 0, 0, 0, 0, 0, 0, 85, 0, 0, 5, 3, 93
"c:\Users\nukec\Documents\GitHub\voxelstation13\build\_deps\glm-src\doc\api\a00464.html", "HTML", 0, 0, 0, 0, 0, 0, 0, 0, 0, 0, 0, 0, 0, 98, 0, 0, 5, 6, 109
"c:\Users\nukec\Documents\GitHub\voxelstation13\build\_deps\glm-src\doc\api\a00464_source.html", "HTML", 0, 0, 0, 0, 0, 0, 0, 0, 0, 0, 0, 0, 0, 100, 0, 0, 5, 3, 108
"c:\Users\nukec\Documents\GitHub\voxelstation13\build\_deps\glm-src\doc\api\a00467.html", "HTML", 0, 0, 0, 0, 0, 0, 0, 0, 0, 0, 0, 0, 0, 89, 0, 0, 5, 6, 100
"c:\Users\nukec\Documents\GitHub\voxelstation13\build\_deps\glm-src\doc\api\a00467_source.html", "HTML", 0, 0, 0, 0, 0, 0, 0, 0, 0, 0, 0, 0, 0, 85, 0, 0, 5, 3, 93
"c:\Users\nukec\Documents\GitHub\voxelstation13\build\_deps\glm-src\doc\api\a00470.html", "HTML", 0, 0, 0, 0, 0, 0, 0, 0, 0, 0, 0, 0, 0, 98, 0, 0, 5, 6, 109
"c:\Users\nukec\Documents\GitHub\voxelstation13\build\_deps\glm-src\doc\api\a00470_source.html", "HTML", 0, 0, 0, 0, 0, 0, 0, 0, 0, 0, 0, 0, 0, 100, 0, 0, 5, 3, 108
"c:\Users\nukec\Documents\GitHub\voxelstation13\build\_deps\glm-src\doc\api\a00473.html", "HTML", 0, 0, 0, 0, 0, 0, 0, 0, 0, 0, 0, 0, 0, 89, 0, 0, 5, 6, 100
"c:\Users\nukec\Documents\GitHub\voxelstation13\build\_deps\glm-src\doc\api\a00473_source.html", "HTML", 0, 0, 0, 0, 0, 0, 0, 0, 0, 0, 0, 0, 0, 85, 0, 0, 5, 3, 93
"c:\Users\nukec\Documents\GitHub\voxelstation13\build\_deps\glm-src\doc\api\a00476.html", "HTML", 0, 0, 0, 0, 0, 0, 0, 0, 0, 0, 0, 0, 0, 98, 0, 0, 5, 6, 109
"c:\Users\nukec\Documents\GitHub\voxelstation13\build\_deps\glm-src\doc\api\a00476_source.html", "HTML", 0, 0, 0, 0, 0, 0, 0, 0, 0, 0, 0, 0, 0, 100, 0, 0, 5, 3, 108
"c:\Users\nukec\Documents\GitHub\voxelstation13\build\_deps\glm-src\doc\api\a00479.html", "HTML", 0, 0, 0, 0, 0, 0, 0, 0, 0, 0, 0, 0, 0, 129, 0, 0, 5, 6, 140
"c:\Users\nukec\Documents\GitHub\voxelstation13\build\_deps\glm-src\doc\api\a00479_source.html", "HTML", 0, 0, 0, 0, 0, 0, 0, 0, 0, 0, 0, 0, 0, 132, 0, 0, 5, 3, 140
"c:\Users\nukec\Documents\GitHub\voxelstation13\build\_deps\glm-src\doc\api\a00482.html", "HTML", 0, 0, 0, 0, 0, 0, 0, 0, 0, 0, 0, 0, 0, 81, 0, 0, 5, 6, 92
"c:\Users\nukec\Documents\GitHub\voxelstation13\build\_deps\glm-src\doc\api\a00482_source.html", "HTML", 0, 0, 0, 0, 0, 0, 0, 0, 0, 0, 0, 0, 0, 91, 0, 0, 5, 3, 99
"c:\Users\nukec\Documents\GitHub\voxelstation13\build\_deps\glm-src\doc\api\a00485.html", "HTML", 0, 0, 0, 0, 0, 0, 0, 0, 0, 0, 0, 0, 0, 135, 0, 0, 5, 6, 146
"c:\Users\nukec\Documents\GitHub\voxelstation13\build\_deps\glm-src\doc\api\a00485_source.html", "HTML", 0, 0, 0, 0, 0, 0, 0, 0, 0, 0, 0, 0, 0, 139, 0, 0, 5, 3, 147
"c:\Users\nukec\Documents\GitHub\voxelstation13\build\_deps\glm-src\doc\api\a00488.html", "HTML", 0, 0, 0, 0, 0, 0, 0, 0, 0, 0, 0, 0, 0, 123, 0, 0, 5, 6, 134
"c:\Users\nukec\Documents\GitHub\voxelstation13\build\_deps\glm-src\doc\api\a00488_source.html", "HTML", 0, 0, 0, 0, 0, 0, 0, 0, 0, 0, 0, 0, 0, 122, 0, 0, 5, 3, 130
"c:\Users\nukec\Documents\GitHub\voxelstation13\build\_deps\glm-src\doc\api\a00491.html", "HTML", 0, 0, 0, 0, 0, 0, 0, 0, 0, 0, 0, 0, 0, 90, 0, 0, 5, 6, 101
"c:\Users\nukec\Documents\GitHub\voxelstation13\build\_deps\glm-src\doc\api\a00491_source.html", "HTML", 0, 0, 0, 0, 0, 0, 0, 0, 0, 0, 0, 0, 0, 91, 0, 0, 5, 3, 99
"c:\Users\nukec\Documents\GitHub\voxelstation13\build\_deps\glm-src\doc\api\a00494.html", "HTML", 0, 0, 0, 0, 0, 0, 0, 0, 0, 0, 0, 0, 0, 98, 0, 0, 5, 6, 109
"c:\Users\nukec\Documents\GitHub\voxelstation13\build\_deps\glm-src\doc\api\a00494_source.html", "HTML", 0, 0, 0, 0, 0, 0, 0, 0, 0, 0, 0, 0, 0, 100, 0, 0, 5, 3, 108
"c:\Users\nukec\Documents\GitHub\voxelstation13\build\_deps\glm-src\doc\api\a00497.html", "HTML", 0, 0, 0, 0, 0, 0, 0, 0, 0, 0, 0, 0, 0, 89, 0, 0, 5, 6, 100
"c:\Users\nukec\Documents\GitHub\voxelstation13\build\_deps\glm-src\doc\api\a00497_source.html", "HTML", 0, 0, 0, 0, 0, 0, 0, 0, 0, 0, 0, 0, 0, 85, 0, 0, 5, 3, 93
"c:\Users\nukec\Documents\GitHub\voxelstation13\build\_deps\glm-src\doc\api\a00500.html", "HTML", 0, 0, 0, 0, 0, 0, 0, 0, 0, 0, 0, 0, 0, 98, 0, 0, 5, 6, 109
"c:\Users\nukec\Documents\GitHub\voxelstation13\build\_deps\glm-src\doc\api\a00500_source.html", "HTML", 0, 0, 0, 0, 0, 0, 0, 0, 0, 0, 0, 0, 0, 100, 0, 0, 5, 3, 108
"c:\Users\nukec\Documents\GitHub\voxelstation13\build\_deps\glm-src\doc\api\a00503.html", "HTML", 0, 0, 0, 0, 0, 0, 0, 0, 0, 0, 0, 0, 0, 89, 0, 0, 5, 6, 100
"c:\Users\nukec\Documents\GitHub\voxelstation13\build\_deps\glm-src\doc\api\a00503_source.html", "HTML", 0, 0, 0, 0, 0, 0, 0, 0, 0, 0, 0, 0, 0, 85, 0, 0, 5, 3, 93
"c:\Users\nukec\Documents\GitHub\voxelstation13\build\_deps\glm-src\doc\api\a00506.html", "HTML", 0, 0, 0, 0, 0, 0, 0, 0, 0, 0, 0, 0, 0, 98, 0, 0, 5, 6, 109
"c:\Users\nukec\Documents\GitHub\voxelstation13\build\_deps\glm-src\doc\api\a00506_source.html", "HTML", 0, 0, 0, 0, 0, 0, 0, 0, 0, 0, 0, 0, 0, 100, 0, 0, 5, 3, 108
"c:\Users\nukec\Documents\GitHub\voxelstation13\build\_deps\glm-src\doc\api\a00509.html", "HTML", 0, 0, 0, 0, 0, 0, 0, 0, 0, 0, 0, 0, 0, 89, 0, 0, 5, 6, 100
"c:\Users\nukec\Documents\GitHub\voxelstation13\build\_deps\glm-src\doc\api\a00509_source.html", "HTML", 0, 0, 0, 0, 0, 0, 0, 0, 0, 0, 0, 0, 0, 85, 0, 0, 5, 3, 93
"c:\Users\nukec\Documents\GitHub\voxelstation13\build\_deps\glm-src\doc\api\a00512.html", "HTML", 0, 0, 0, 0, 0, 0, 0, 0, 0, 0, 0, 0, 0, 98, 0, 0, 5, 6, 109
"c:\Users\nukec\Documents\GitHub\voxelstation13\build\_deps\glm-src\doc\api\a00512_source.html", "HTML", 0, 0, 0, 0, 0, 0, 0, 0, 0, 0, 0, 0, 0, 100, 0, 0, 5, 3, 108
"c:\Users\nukec\Documents\GitHub\voxelstation13\build\_deps\glm-src\doc\api\a00515.html", "HTML", 0, 0, 0, 0, 0, 0, 0, 0, 0, 0, 0, 0, 0, 118, 0, 0, 5, 6, 129
"c:\Users\nukec\Documents\GitHub\voxelstation13\build\_deps\glm-src\doc\api\a00515_source.html", "HTML", 0, 0, 0, 0, 0, 0, 0, 0, 0, 0, 0, 0, 0, 117, 0, 0, 5, 3, 125
"c:\Users\nukec\Documents\GitHub\voxelstation13\build\_deps\glm-src\doc\api\a00518.html", "HTML", 0, 0, 0, 0, 0, 0, 0, 0, 0, 0, 0, 0, 0, 78, 0, 0, 5, 5, 88
"c:\Users\nukec\Documents\GitHub\voxelstation13\build\_deps\glm-src\doc\api\a00518_source.html", "HTML", 0, 0, 0, 0, 0, 0, 0, 0, 0, 0, 0, 0, 0, 553, 0, 0, 5, 3, 561
"c:\Users\nukec\Documents\GitHub\voxelstation13\build\_deps\glm-src\doc\api\a00521_source.html", "HTML", 0, 0, 0, 0, 0, 0, 0, 0, 0, 0, 0, 0, 0, 2083, 0, 0, 5, 3, 2091
"c:\Users\nukec\Documents\GitHub\voxelstation13\build\_deps\glm-src\doc\api\a00524.html", "HTML", 0, 0, 0, 0, 0, 0, 0, 0, 0, 0, 0, 0, 0, 119, 0, 0, 5, 6, 130
"c:\Users\nukec\Documents\GitHub\voxelstation13\build\_deps\glm-src\doc\api\a00524_source.html", "HTML", 0, 0, 0, 0, 0, 0, 0, 0, 0, 0, 0, 0, 0, 126, 0, 0, 5, 3, 134
"c:\Users\nukec\Documents\GitHub\voxelstation13\build\_deps\glm-src\doc\api\a00527_source.html", "HTML", 0, 0, 0, 0, 0, 0, 0, 0, 0, 0, 0, 0, 0, 129, 0, 0, 5, 3, 137
"c:\Users\nukec\Documents\GitHub\voxelstation13\build\_deps\glm-src\doc\api\a00530.html", "HTML", 0, 0, 0, 0, 0, 0, 0, 0, 0, 0, 0, 0, 0, 195, 0, 0, 5, 6, 206
"c:\Users\nukec\Documents\GitHub\voxelstation13\build\_deps\glm-src\doc\api\a00530_source.html", "HTML", 0, 0, 0, 0, 0, 0, 0, 0, 0, 0, 0, 0, 0, 190, 0, 0, 5, 3, 198
"c:\Users\nukec\Documents\GitHub\voxelstation13\build\_deps\glm-src\doc\api\a00536.html", "HTML", 0, 0, 0, 0, 0, 0, 0, 0, 0, 0, 0, 0, 0, 199, 0, 0, 5, 6, 210
"c:\Users\nukec\Documents\GitHub\voxelstation13\build\_deps\glm-src\doc\api\a00536_source.html", "HTML", 0, 0, 0, 0, 0, 0, 0, 0, 0, 0, 0, 0, 0, 202, 0, 0, 5, 3, 210
"c:\Users\nukec\Documents\GitHub\voxelstation13\build\_deps\glm-src\doc\api\a00539.html", "HTML", 0, 0, 0, 0, 0, 0, 0, 0, 0, 0, 0, 0, 0, 105, 0, 0, 5, 6, 116
"c:\Users\nukec\Documents\GitHub\voxelstation13\build\_deps\glm-src\doc\api\a00539_source.html", "HTML", 0, 0, 0, 0, 0, 0, 0, 0, 0, 0, 0, 0, 0, 106, 0, 0, 5, 3, 114
"c:\Users\nukec\Documents\GitHub\voxelstation13\build\_deps\glm-src\doc\api\a00542.html", "HTML", 0, 0, 0, 0, 0, 0, 0, 0, 0, 0, 0, 0, 0, 139, 0, 0, 5, 6, 150
"c:\Users\nukec\Documents\GitHub\voxelstation13\build\_deps\glm-src\doc\api\a00542_source.html", "HTML", 0, 0, 0, 0, 0, 0, 0, 0, 0, 0, 0, 0, 0, 159, 0, 0, 5, 3, 167
"c:\Users\nukec\Documents\GitHub\voxelstation13\build\_deps\glm-src\doc\api\a00545.html", "HTML", 0, 0, 0, 0, 0, 0, 0, 0, 0, 0, 0, 0, 0, 103, 0, 0, 5, 6, 114
"c:\Users\nukec\Documents\GitHub\voxelstation13\build\_deps\glm-src\doc\api\a00545_source.html", "HTML", 0, 0, 0, 0, 0, 0, 0, 0, 0, 0, 0, 0, 0, 114, 0, 0, 5, 3, 122
"c:\Users\nukec\Documents\GitHub\voxelstation13\build\_deps\glm-src\doc\api\a00548.html", "HTML", 0, 0, 0, 0, 0, 0, 0, 0, 0, 0, 0, 0, 0, 95, 0, 0, 5, 6, 106
"c:\Users\nukec\Documents\GitHub\voxelstation13\build\_deps\glm-src\doc\api\a00548_source.html", "HTML", 0, 0, 0, 0, 0, 0, 0, 0, 0, 0, 0, 0, 0, 102, 0, 0, 5, 3, 110
"c:\Users\nukec\Documents\GitHub\voxelstation13\build\_deps\glm-src\doc\api\a00551.html", "HTML", 0, 0, 0, 0, 0, 0, 0, 0, 0, 0, 0, 0, 0, 99, 0, 0, 5, 6, 110
"c:\Users\nukec\Documents\GitHub\voxelstation13\build\_deps\glm-src\doc\api\a00551_source.html", "HTML", 0, 0, 0, 0, 0, 0, 0, 0, 0, 0, 0, 0, 0, 113, 0, 0, 5, 3, 121
"c:\Users\nukec\Documents\GitHub\voxelstation13\build\_deps\glm-src\doc\api\a00554.html", "HTML", 0, 0, 0, 0, 0, 0, 0, 0, 0, 0, 0, 0, 0, 125, 0, 0, 5, 6, 136
"c:\Users\nukec\Documents\GitHub\voxelstation13\build\_deps\glm-src\doc\api\a00554_source.html", "HTML", 0, 0, 0, 0, 0, 0, 0, 0, 0, 0, 0, 0, 0, 129, 0, 0, 5, 3, 137
"c:\Users\nukec\Documents\GitHub\voxelstation13\build\_deps\glm-src\doc\api\a00560.html", "HTML", 0, 0, 0, 0, 0, 0, 0, 0, 0, 0, 0, 0, 0, 117, 0, 0, 5, 6, 128
"c:\Users\nukec\Documents\GitHub\voxelstation13\build\_deps\glm-src\doc\api\a00560_source.html", "HTML", 0, 0, 0, 0, 0, 0, 0, 0, 0, 0, 0, 0, 0, 119, 0, 0, 5, 3, 127
"c:\Users\nukec\Documents\GitHub\voxelstation13\build\_deps\glm-src\doc\api\a00563.html", "HTML", 0, 0, 0, 0, 0, 0, 0, 0, 0, 0, 0, 0, 0, 81, 0, 0, 5, 6, 92
"c:\Users\nukec\Documents\GitHub\voxelstation13\build\_deps\glm-src\doc\api\a00563_source.html", "HTML", 0, 0, 0, 0, 0, 0, 0, 0, 0, 0, 0, 0, 0, 87, 0, 0, 5, 3, 95
"c:\Users\nukec\Documents\GitHub\voxelstation13\build\_deps\glm-src\doc\api\a00566.html", "HTML", 0, 0, 0, 0, 0, 0, 0, 0, 0, 0, 0, 0, 0, 137, 0, 0, 5, 6, 148
"c:\Users\nukec\Documents\GitHub\voxelstation13\build\_deps\glm-src\doc\api\a00566_source.html", "HTML", 0, 0, 0, 0, 0, 0, 0, 0, 0, 0, 0, 0, 0, 137, 0, 0, 5, 3, 145
"c:\Users\nukec\Documents\GitHub\voxelstation13\build\_deps\glm-src\doc\api\a00572.html", "HTML", 0, 0, 0, 0, 0, 0, 0, 0, 0, 0, 0, 0, 0, 83, 0, 0, 5, 6, 94
"c:\Users\nukec\Documents\GitHub\voxelstation13\build\_deps\glm-src\doc\api\a00572_source.html", "HTML", 0, 0, 0, 0, 0, 0, 0, 0, 0, 0, 0, 0, 0, 1618, 0, 0, 5, 3, 1626
"c:\Users\nukec\Documents\GitHub\voxelstation13\build\_deps\glm-src\doc\api\a00575.html", "HTML", 0, 0, 0, 0, 0, 0, 0, 0, 0, 0, 0, 0, 0, 221, 0, 0, 5, 6, 232
"c:\Users\nukec\Documents\GitHub\voxelstation13\build\_deps\glm-src\doc\api\a00575_source.html", "HTML", 0, 0, 0, 0, 0, 0, 0, 0, 0, 0, 0, 0, 0, 221, 0, 0, 5, 3, 229
"c:\Users\nukec\Documents\GitHub\voxelstation13\build\_deps\glm-src\doc\api\a00578.html", "HTML", 0, 0, 0, 0, 0, 0, 0, 0, 0, 0, 0, 0, 0, 141, 0, 0, 5, 6, 152
"c:\Users\nukec\Documents\GitHub\voxelstation13\build\_deps\glm-src\doc\api\a00578_source.html", "HTML", 0, 0, 0, 0, 0, 0, 0, 0, 0, 0, 0, 0, 0, 137, 0, 0, 5, 3, 145
"c:\Users\nukec\Documents\GitHub\voxelstation13\build\_deps\glm-src\doc\api\a00581.html", "HTML", 0, 0, 0, 0, 0, 0, 0, 0, 0, 0, 0, 0, 0, 81, 0, 0, 5, 6, 92
"c:\Users\nukec\Documents\GitHub\voxelstation13\build\_deps\glm-src\doc\api\a00581_source.html", "HTML", 0, 0, 0, 0, 0, 0, 0, 0, 0, 0, 0, 0, 0, 93, 0, 0, 5, 3, 101
"c:\Users\nukec\Documents\GitHub\voxelstation13\build\_deps\glm-src\doc\api\a00584.html", "HTML", 0, 0, 0, 0, 0, 0, 0, 0, 0, 0, 0, 0, 0, 177, 0, 0, 5, 6, 188
"c:\Users\nukec\Documents\GitHub\voxelstation13\build\_deps\glm-src\doc\api\a00584_source.html", "HTML", 0, 0, 0, 0, 0, 0, 0, 0, 0, 0, 0, 0, 0, 222, 0, 0, 5, 3, 230
"c:\Users\nukec\Documents\GitHub\voxelstation13\build\_deps\glm-src\doc\api\a00587.html", "HTML", 0, 0, 0, 0, 0, 0, 0, 0, 0, 0, 0, 0, 0, 121, 0, 0, 5, 6, 132
"c:\Users\nukec\Documents\GitHub\voxelstation13\build\_deps\glm-src\doc\api\a00587_source.html", "HTML", 0, 0, 0, 0, 0, 0, 0, 0, 0, 0, 0, 0, 0, 126, 0, 0, 5, 3, 134
"c:\Users\nukec\Documents\GitHub\voxelstation13\build\_deps\glm-src\doc\api\a00590.html", "HTML", 0, 0, 0, 0, 0, 0, 0, 0, 0, 0, 0, 0, 0, 96, 0, 0, 5, 6, 107
"c:\Users\nukec\Documents\GitHub\voxelstation13\build\_deps\glm-src\doc\api\a00590_source.html", "HTML", 0, 0, 0, 0, 0, 0, 0, 0, 0, 0, 0, 0, 0, 105, 0, 0, 5, 3, 113
"c:\Users\nukec\Documents\GitHub\voxelstation13\build\_deps\glm-src\doc\api\a00593.html", "HTML", 0, 0, 0, 0, 0, 0, 0, 0, 0, 0, 0, 0, 0, 109, 0, 0, 5, 6, 120
"c:\Users\nukec\Documents\GitHub\voxelstation13\build\_deps\glm-src\doc\api\a00593_source.html", "HTML", 0, 0, 0, 0, 0, 0, 0, 0, 0, 0, 0, 0, 0, 111, 0, 0, 5, 3, 119
"c:\Users\nukec\Documents\GitHub\voxelstation13\build\_deps\glm-src\doc\api\a00596.html", "HTML", 0, 0, 0, 0, 0, 0, 0, 0, 0, 0, 0, 0, 0, 103, 0, 0, 5, 6, 114
"c:\Users\nukec\Documents\GitHub\voxelstation13\build\_deps\glm-src\doc\api\a00596_source.html", "HTML", 0, 0, 0, 0, 0, 0, 0, 0, 0, 0, 0, 0, 0, 113, 0, 0, 5, 3, 121
"c:\Users\nukec\Documents\GitHub\voxelstation13\build\_deps\glm-src\doc\api\a00599.html", "HTML", 0, 0, 0, 0, 0, 0, 0, 0, 0, 0, 0, 0, 0, 415, 0, 0, 5, 6, 426
"c:\Users\nukec\Documents\GitHub\voxelstation13\build\_deps\glm-src\doc\api\a00599_source.html", "HTML", 0, 0, 0, 0, 0, 0, 0, 0, 0, 0, 0, 0, 0, 254, 0, 0, 5, 3, 262
"c:\Users\nukec\Documents\GitHub\voxelstation13\build\_deps\glm-src\doc\api\a00602.html", "HTML", 0, 0, 0, 0, 0, 0, 0, 0, 0, 0, 0, 0, 0, 113, 0, 0, 5, 6, 124
"c:\Users\nukec\Documents\GitHub\voxelstation13\build\_deps\glm-src\doc\api\a00602_source.html", "HTML", 0, 0, 0, 0, 0, 0, 0, 0, 0, 0, 0, 0, 0, 117, 0, 0, 5, 3, 125
"c:\Users\nukec\Documents\GitHub\voxelstation13\build\_deps\glm-src\doc\api\a00605.html", "HTML", 0, 0, 0, 0, 0, 0, 0, 0, 0, 0, 0, 0, 0, 164, 0, 0, 5, 6, 175
"c:\Users\nukec\Documents\GitHub\voxelstation13\build\_deps\glm-src\doc\api\a00605_source.html", "HTML", 0, 0, 0, 0, 0, 0, 0, 0, 0, 0, 0, 0, 0, 289, 0, 0, 5, 3, 297
"c:\Users\nukec\Documents\GitHub\voxelstation13\build\_deps\glm-src\doc\api\a00608.html", "HTML", 0, 0, 0, 0, 0, 0, 0, 0, 0, 0, 0, 0, 0, 216, 0, 0, 5, 6, 227
"c:\Users\nukec\Documents\GitHub\voxelstation13\build\_deps\glm-src\doc\api\a00608_source.html", "HTML", 0, 0, 0, 0, 0, 0, 0, 0, 0, 0, 0, 0, 0, 226, 0, 0, 5, 3, 234
"c:\Users\nukec\Documents\GitHub\voxelstation13\build\_deps\glm-src\doc\api\a00611.html", "HTML", 0, 0, 0, 0, 0, 0, 0, 0, 0, 0, 0, 0, 0, 251, 0, 0, 5, 6, 262
"c:\Users\nukec\Documents\GitHub\voxelstation13\build\_deps\glm-src\doc\api\a00611_source.html", "HTML", 0, 0, 0, 0, 0, 0, 0, 0, 0, 0, 0, 0, 0, 352, 0, 0, 5, 3, 360
"c:\Users\nukec\Documents\GitHub\voxelstation13\build\_deps\glm-src\doc\api\a00614.html", "HTML", 0, 0, 0, 0, 0, 0, 0, 0, 0, 0, 0, 0, 0, 91, 0, 0, 5, 6, 102
"c:\Users\nukec\Documents\GitHub\voxelstation13\build\_deps\glm-src\doc\api\a00614_source.html", "HTML", 0, 0, 0, 0, 0, 0, 0, 0, 0, 0, 0, 0, 0, 99, 0, 0, 5, 3, 107
"c:\Users\nukec\Documents\GitHub\voxelstation13\build\_deps\glm-src\doc\api\a00617.html", "HTML", 0, 0, 0, 0, 0, 0, 0, 0, 0, 0, 0, 0, 0, 135, 0, 0, 5, 6, 146
"c:\Users\nukec\Documents\GitHub\voxelstation13\build\_deps\glm-src\doc\api\a00617_source.html", "HTML", 0, 0, 0, 0, 0, 0, 0, 0, 0, 0, 0, 0, 0, 173, 0, 0, 5, 3, 181
"c:\Users\nukec\Documents\GitHub\voxelstation13\build\_deps\glm-src\doc\api\a00620.html", "HTML", 0, 0, 0, 0, 0, 0, 0, 0, 0, 0, 0, 0, 0, 93, 0, 0, 5, 6, 104
"c:\Users\nukec\Documents\GitHub\voxelstation13\build\_deps\glm-src\doc\api\a00620_source.html", "HTML", 0, 0, 0, 0, 0, 0, 0, 0, 0, 0, 0, 0, 0, 97, 0, 0, 5, 3, 105
"c:\Users\nukec\Documents\GitHub\voxelstation13\build\_deps\glm-src\doc\api\a00623.html", "HTML", 0, 0, 0, 0, 0, 0, 0, 0, 0, 0, 0, 0, 0, 137, 0, 0, 5, 6, 148
"c:\Users\nukec\Documents\GitHub\voxelstation13\build\_deps\glm-src\doc\api\a00623_source.html", "HTML", 0, 0, 0, 0, 0, 0, 0, 0, 0, 0, 0, 0, 0, 133, 0, 0, 5, 3, 141
"c:\Users\nukec\Documents\GitHub\voxelstation13\build\_deps\glm-src\doc\api\a00626.html", "HTML", 0, 0, 0, 0, 0, 0, 0, 0, 0, 0, 0, 0, 0, 127, 0, 0, 5, 6, 138
"c:\Users\nukec\Documents\GitHub\voxelstation13\build\_deps\glm-src\doc\api\a00626_source.html", "HTML", 0, 0, 0, 0, 0, 0, 0, 0, 0, 0, 0, 0, 0, 129, 0, 0, 5, 3, 137
"c:\Users\nukec\Documents\GitHub\voxelstation13\build\_deps\glm-src\doc\api\a00629.html", "HTML", 0, 0, 0, 0, 0, 0, 0, 0, 0, 0, 0, 0, 0, 120, 0, 0, 5, 6, 131
"c:\Users\nukec\Documents\GitHub\voxelstation13\build\_deps\glm-src\doc\api\a00629_source.html", "HTML", 0, 0, 0, 0, 0, 0, 0, 0, 0, 0, 0, 0, 0, 124, 0, 0, 5, 3, 132
"c:\Users\nukec\Documents\GitHub\voxelstation13\build\_deps\glm-src\doc\api\a00632.html", "HTML", 0, 0, 0, 0, 0, 0, 0, 0, 0, 0, 0, 0, 0, 97, 0, 0, 5, 6, 108
"c:\Users\nukec\Documents\GitHub\voxelstation13\build\_deps\glm-src\doc\api\a00632_source.html", "HTML", 0, 0, 0, 0, 0, 0, 0, 0, 0, 0, 0, 0, 0, 108, 0, 0, 5, 3, 116
"c:\Users\nukec\Documents\GitHub\voxelstation13\build\_deps\glm-src\doc\api\a00635.html", "HTML", 0, 0, 0, 0, 0, 0, 0, 0, 0, 0, 0, 0, 0, 97, 0, 0, 5, 6, 108
"c:\Users\nukec\Documents\GitHub\voxelstation13\build\_deps\glm-src\doc\api\a00635_source.html", "HTML", 0, 0, 0, 0, 0, 0, 0, 0, 0, 0, 0, 0, 0, 108, 0, 0, 5, 3, 116
"c:\Users\nukec\Documents\GitHub\voxelstation13\build\_deps\glm-src\doc\api\a00638.html", "HTML", 0, 0, 0, 0, 0, 0, 0, 0, 0, 0, 0, 0, 0, 95, 0, 0, 5, 6, 106
"c:\Users\nukec\Documents\GitHub\voxelstation13\build\_deps\glm-src\doc\api\a00638_source.html", "HTML", 0, 0, 0, 0, 0, 0, 0, 0, 0, 0, 0, 0, 0, 106, 0, 0, 5, 3, 114
"c:\Users\nukec\Documents\GitHub\voxelstation13\build\_deps\glm-src\doc\api\a00641.html", "HTML", 0, 0, 0, 0, 0, 0, 0, 0, 0, 0, 0, 0, 0, 81, 0, 0, 5, 6, 92
"c:\Users\nukec\Documents\GitHub\voxelstation13\build\_deps\glm-src\doc\api\a00641_source.html", "HTML", 0, 0, 0, 0, 0, 0, 0, 0, 0, 0, 0, 0, 0, 209, 0, 0, 5, 3, 217
"c:\Users\nukec\Documents\GitHub\voxelstation13\build\_deps\glm-src\doc\api\a00644.html", "HTML", 0, 0, 0, 0, 0, 0, 0, 0, 0, 0, 0, 0, 0, 113, 0, 0, 5, 6, 124
"c:\Users\nukec\Documents\GitHub\voxelstation13\build\_deps\glm-src\doc\api\a00644_source.html", "HTML", 0, 0, 0, 0, 0, 0, 0, 0, 0, 0, 0, 0, 0, 140, 0, 0, 5, 3, 148
"c:\Users\nukec\Documents\GitHub\voxelstation13\build\_deps\glm-src\doc\api\a00647.html", "HTML", 0, 0, 0, 0, 0, 0, 0, 0, 0, 0, 0, 0, 0, 86, 0, 0, 5, 6, 97
"c:\Users\nukec\Documents\GitHub\voxelstation13\build\_deps\glm-src\doc\api\a00647_source.html", "HTML", 0, 0, 0, 0, 0, 0, 0, 0, 0, 0, 0, 0, 0, 263, 0, 0, 5, 3, 271
"c:\Users\nukec\Documents\GitHub\voxelstation13\build\_deps\glm-src\doc\api\a00650.html", "HTML", 0, 0, 0, 0, 0, 0, 0, 0, 0, 0, 0, 0, 0, 95, 0, 0, 5, 6, 106
"c:\Users\nukec\Documents\GitHub\voxelstation13\build\_deps\glm-src\doc\api\a00650_source.html", "HTML", 0, 0, 0, 0, 0, 0, 0, 0, 0, 0, 0, 0, 0, 104, 0, 0, 5, 3, 112
"c:\Users\nukec\Documents\GitHub\voxelstation13\build\_deps\glm-src\doc\api\a00653.html", "HTML", 0, 0, 0, 0, 0, 0, 0, 0, 0, 0, 0, 0, 0, 97, 0, 0, 5, 6, 108
"c:\Users\nukec\Documents\GitHub\voxelstation13\build\_deps\glm-src\doc\api\a00653_source.html", "HTML", 0, 0, 0, 0, 0, 0, 0, 0, 0, 0, 0, 0, 0, 102, 0, 0, 5, 3, 110
"c:\Users\nukec\Documents\GitHub\voxelstation13\build\_deps\glm-src\doc\api\a00656.html", "HTML", 0, 0, 0, 0, 0, 0, 0, 0, 0, 0, 0, 0, 0, 91, 0, 0, 5, 6, 102
"c:\Users\nukec\Documents\GitHub\voxelstation13\build\_deps\glm-src\doc\api\a00656_source.html", "HTML", 0, 0, 0, 0, 0, 0, 0, 0, 0, 0, 0, 0, 0, 112, 0, 0, 5, 3, 120
"c:\Users\nukec\Documents\GitHub\voxelstation13\build\_deps\glm-src\doc\api\a00659.html", "HTML", 0, 0, 0, 0, 0, 0, 0, 0, 0, 0, 0, 0, 0, 103, 0, 0, 5, 6, 114
"c:\Users\nukec\Documents\GitHub\voxelstation13\build\_deps\glm-src\doc\api\a00659_source.html", "HTML", 0, 0, 0, 0, 0, 0, 0, 0, 0, 0, 0, 0, 0, 114, 0, 0, 5, 3, 122
"c:\Users\nukec\Documents\GitHub\voxelstation13\build\_deps\glm-src\doc\api\a00662.html", "HTML", 0, 0, 0, 0, 0, 0, 0, 0, 0, 0, 0, 0, 0, 104, 0, 0, 5, 6, 115
"c:\Users\nukec\Documents\GitHub\voxelstation13\build\_deps\glm-src\doc\api\a00662_source.html", "HTML", 0, 0, 0, 0, 0, 0, 0, 0, 0, 0, 0, 0, 0, 112, 0, 0, 5, 3, 120
"c:\Users\nukec\Documents\GitHub\voxelstation13\build\_deps\glm-src\doc\api\a00665.html", "HTML", 0, 0, 0, 0, 0, 0, 0, 0, 0, 0, 0, 0, 0, 137, 0, 0, 5, 6, 148
"c:\Users\nukec\Documents\GitHub\voxelstation13\build\_deps\glm-src\doc\api\a00665_source.html", "HTML", 0, 0, 0, 0, 0, 0, 0, 0, 0, 0, 0, 0, 0, 158, 0, 0, 5, 3, 166
"c:\Users\nukec\Documents\GitHub\voxelstation13\build\_deps\glm-src\doc\api\a00668.html", "HTML", 0, 0, 0, 0, 0, 0, 0, 0, 0, 0, 0, 0, 0, 135, 0, 0, 5, 6, 146
"c:\Users\nukec\Documents\GitHub\voxelstation13\build\_deps\glm-src\doc\api\a00668_source.html", "HTML", 0, 0, 0, 0, 0, 0, 0, 0, 0, 0, 0, 0, 0, 147, 0, 0, 5, 3, 155
"c:\Users\nukec\Documents\GitHub\voxelstation13\build\_deps\glm-src\doc\api\a00671.html", "HTML", 0, 0, 0, 0, 0, 0, 0, 0, 0, 0, 0, 0, 0, 121, 0, 0, 5, 6, 132
"c:\Users\nukec\Documents\GitHub\voxelstation13\build\_deps\glm-src\doc\api\a00671_source.html", "HTML", 0, 0, 0, 0, 0, 0, 0, 0, 0, 0, 0, 0, 0, 123, 0, 0, 5, 3, 131
"c:\Users\nukec\Documents\GitHub\voxelstation13\build\_deps\glm-src\doc\api\a00674.html", "HTML", 0, 0, 0, 0, 0, 0, 0, 0, 0, 0, 0, 0, 0, 108, 0, 0, 5, 6, 119
"c:\Users\nukec\Documents\GitHub\voxelstation13\build\_deps\glm-src\doc\api\a00674_source.html", "HTML", 0, 0, 0, 0, 0, 0, 0, 0, 0, 0, 0, 0, 0, 124, 0, 0, 5, 3, 132
"c:\Users\nukec\Documents\GitHub\voxelstation13\build\_deps\glm-src\doc\api\a00677.html", "HTML", 0, 0, 0, 0, 0, 0, 0, 0, 0, 0, 0, 0, 0, 92, 0, 0, 5, 6, 103
"c:\Users\nukec\Documents\GitHub\voxelstation13\build\_deps\glm-src\doc\api\a00677_source.html", "HTML", 0, 0, 0, 0, 0, 0, 0, 0, 0, 0, 0, 0, 0, 99, 0, 0, 5, 3, 107
"c:\Users\nukec\Documents\GitHub\voxelstation13\build\_deps\glm-src\doc\api\a00680.html", "HTML", 0, 0, 0, 0, 0, 0, 0, 0, 0, 0, 0, 0, 0, 131, 0, 0, 5, 6, 142
"c:\Users\nukec\Documents\GitHub\voxelstation13\build\_deps\glm-src\doc\api\a00680_source.html", "HTML", 0, 0, 0, 0, 0, 0, 0, 0, 0, 0, 0, 0, 0, 130, 0, 0, 5, 3, 138
"c:\Users\nukec\Documents\GitHub\voxelstation13\build\_deps\glm-src\doc\api\a00683.html", "HTML", 0, 0, 0, 0, 0, 0, 0, 0, 0, 0, 0, 0, 0, 93, 0, 0, 5, 6, 104
"c:\Users\nukec\Documents\GitHub\voxelstation13\build\_deps\glm-src\doc\api\a00683_source.html", "HTML", 0, 0, 0, 0, 0, 0, 0, 0, 0, 0, 0, 0, 0, 96, 0, 0, 5, 3, 104
"c:\Users\nukec\Documents\GitHub\voxelstation13\build\_deps\glm-src\doc\api\a00686.html", "HTML", 0, 0, 0, 0, 0, 0, 0, 0, 0, 0, 0, 0, 0, 97, 0, 0, 5, 6, 108
"c:\Users\nukec\Documents\GitHub\voxelstation13\build\_deps\glm-src\doc\api\a00686_source.html", "HTML", 0, 0, 0, 0, 0, 0, 0, 0, 0, 0, 0, 0, 0, 100, 0, 0, 5, 3, 108
"c:\Users\nukec\Documents\GitHub\voxelstation13\build\_deps\glm-src\doc\api\a00689.html", "HTML", 0, 0, 0, 0, 0, 0, 0, 0, 0, 0, 0, 0, 0, 107, 0, 0, 5, 6, 118
"c:\Users\nukec\Documents\GitHub\voxelstation13\build\_deps\glm-src\doc\api\a00689_source.html", "HTML", 0, 0, 0, 0, 0, 0, 0, 0, 0, 0, 0, 0, 0, 107, 0, 0, 5, 3, 115
"c:\Users\nukec\Documents\GitHub\voxelstation13\build\_deps\glm-src\doc\api\a00692.html", "HTML", 0, 0, 0, 0, 0, 0, 0, 0, 0, 0, 0, 0, 0, 99, 0, 0, 5, 6, 110
"c:\Users\nukec\Documents\GitHub\voxelstation13\build\_deps\glm-src\doc\api\a00692_source.html", "HTML", 0, 0, 0, 0, 0, 0, 0, 0, 0, 0, 0, 0, 0, 104, 0, 0, 5, 3, 112
"c:\Users\nukec\Documents\GitHub\voxelstation13\build\_deps\glm-src\doc\api\a00695.html", "HTML", 0, 0, 0, 0, 0, 0, 0, 0, 0, 0, 0, 0, 0, 97, 0, 0, 5, 6, 108
"c:\Users\nukec\Documents\GitHub\voxelstation13\build\_deps\glm-src\doc\api\a00695_source.html", "HTML", 0, 0, 0, 0, 0, 0, 0, 0, 0, 0, 0, 0, 0, 101, 0, 0, 5, 3, 109
"c:\Users\nukec\Documents\GitHub\voxelstation13\build\_deps\glm-src\doc\api\a00698.html", "HTML", 0, 0, 0, 0, 0, 0, 0, 0, 0, 0, 0, 0, 0, 123, 0, 0, 5, 6, 134
"c:\Users\nukec\Documents\GitHub\voxelstation13\build\_deps\glm-src\doc\api\a00698_source.html", "HTML", 0, 0, 0, 0, 0, 0, 0, 0, 0, 0, 0, 0, 0, 125, 0, 0, 5, 3, 133
"c:\Users\nukec\Documents\GitHub\voxelstation13\build\_deps\glm-src\doc\api\a00701.html", "HTML", 0, 0, 0, 0, 0, 0, 0, 0, 0, 0, 0, 0, 0, 93, 0, 0, 5, 6, 104
"c:\Users\nukec\Documents\GitHub\voxelstation13\build\_deps\glm-src\doc\api\a00701_source.html", "HTML", 0, 0, 0, 0, 0, 0, 0, 0, 0, 0, 0, 0, 0, 97, 0, 0, 5, 3, 105
"c:\Users\nukec\Documents\GitHub\voxelstation13\build\_deps\glm-src\doc\api\a00704.html", "HTML", 0, 0, 0, 0, 0, 0, 0, 0, 0, 0, 0, 0, 0, 95, 0, 0, 5, 6, 106
"c:\Users\nukec\Documents\GitHub\voxelstation13\build\_deps\glm-src\doc\api\a00704_source.html", "HTML", 0, 0, 0, 0, 0, 0, 0, 0, 0, 0, 0, 0, 0, 102, 0, 0, 5, 3, 110
"c:\Users\nukec\Documents\GitHub\voxelstation13\build\_deps\glm-src\doc\api\a00707.html", "HTML", 0, 0, 0, 0, 0, 0, 0, 0, 0, 0, 0, 0, 0, 91, 0, 0, 5, 6, 102
"c:\Users\nukec\Documents\GitHub\voxelstation13\build\_deps\glm-src\doc\api\a00707_source.html", "HTML", 0, 0, 0, 0, 0, 0, 0, 0, 0, 0, 0, 0, 0, 96, 0, 0, 5, 3, 104
"c:\Users\nukec\Documents\GitHub\voxelstation13\build\_deps\glm-src\doc\api\a00710.html", "HTML", 0, 0, 0, 0, 0, 0, 0, 0, 0, 0, 0, 0, 0, 81, 0, 0, 5, 6, 92
"c:\Users\nukec\Documents\GitHub\voxelstation13\build\_deps\glm-src\doc\api\a00710_source.html", "HTML", 0, 0, 0, 0, 0, 0, 0, 0, 0, 0, 0, 0, 0, 157, 0, 0, 5, 3, 165
"c:\Users\nukec\Documents\GitHub\voxelstation13\build\_deps\glm-src\doc\api\a00713.html", "HTML", 0, 0, 0, 0, 0, 0, 0, 0, 0, 0, 0, 0, 0, 99, 0, 0, 5, 6, 110
"c:\Users\nukec\Documents\GitHub\voxelstation13\build\_deps\glm-src\doc\api\a00713_source.html", "HTML", 0, 0, 0, 0, 0, 0, 0, 0, 0, 0, 0, 0, 0, 105, 0, 0, 5, 3, 113
"c:\Users\nukec\Documents\GitHub\voxelstation13\build\_deps\glm-src\doc\api\a00716.html", "HTML", 0, 0, 0, 0, 0, 0, 0, 0, 0, 0, 0, 0, 0, 99, 0, 0, 5, 6, 110
"c:\Users\nukec\Documents\GitHub\voxelstation13\build\_deps\glm-src\doc\api\a00716_source.html", "HTML", 0, 0, 0, 0, 0, 0, 0, 0, 0, 0, 0, 0, 0, 109, 0, 0, 5, 3, 117
"c:\Users\nukec\Documents\GitHub\voxelstation13\build\_deps\glm-src\doc\api\a00719.html", "HTML", 0, 0, 0, 0, 0, 0, 0, 0, 0, 0, 0, 0, 0, 133, 0, 0, 5, 6, 144
"c:\Users\nukec\Documents\GitHub\voxelstation13\build\_deps\glm-src\doc\api\a00719_source.html", "HTML", 0, 0, 0, 0, 0, 0, 0, 0, 0, 0, 0, 0, 0, 160, 0, 0, 5, 3, 168
"c:\Users\nukec\Documents\GitHub\voxelstation13\build\_deps\glm-src\doc\api\a00722.html", "HTML", 0, 0, 0, 0, 0, 0, 0, 0, 0, 0, 0, 0, 0, 81, 0, 0, 5, 6, 92
"c:\Users\nukec\Documents\GitHub\voxelstation13\build\_deps\glm-src\doc\api\a00722_source.html", "HTML", 0, 0, 0, 0, 0, 0, 0, 0, 0, 0, 0, 0, 0, 147, 0, 0, 5, 3, 155
"c:\Users\nukec\Documents\GitHub\voxelstation13\build\_deps\glm-src\doc\api\a00725.html", "HTML", 0, 0, 0, 0, 0, 0, 0, 0, 0, 0, 0, 0, 0, 99, 0, 0, 5, 6, 110
"c:\Users\nukec\Documents\GitHub\voxelstation13\build\_deps\glm-src\doc\api\a00725_source.html", "HTML", 0, 0, 0, 0, 0, 0, 0, 0, 0, 0, 0, 0, 0, 120, 0, 0, 5, 3, 128
"c:\Users\nukec\Documents\GitHub\voxelstation13\build\_deps\glm-src\doc\api\a00728.html", "HTML", 0, 0, 0, 0, 0, 0, 0, 0, 0, 0, 0, 0, 0, 113, 0, 0, 5, 6, 124
"c:\Users\nukec\Documents\GitHub\voxelstation13\build\_deps\glm-src\doc\api\a00728_source.html", "HTML", 0, 0, 0, 0, 0, 0, 0, 0, 0, 0, 0, 0, 0, 117, 0, 0, 5, 3, 125
"c:\Users\nukec\Documents\GitHub\voxelstation13\build\_deps\glm-src\doc\api\a00731.html", "HTML", 0, 0, 0, 0, 0, 0, 0, 0, 0, 0, 0, 0, 0, 95, 0, 0, 5, 6, 106
"c:\Users\nukec\Documents\GitHub\voxelstation13\build\_deps\glm-src\doc\api\a00731_source.html", "HTML", 0, 0, 0, 0, 0, 0, 0, 0, 0, 0, 0, 0, 0, 102, 0, 0, 5, 3, 110
"c:\Users\nukec\Documents\GitHub\voxelstation13\build\_deps\glm-src\doc\api\a00734.html", "HTML", 0, 0, 0, 0, 0, 0, 0, 0, 0, 0, 0, 0, 0, 91, 0, 0, 5, 6, 102
"c:\Users\nukec\Documents\GitHub\voxelstation13\build\_deps\glm-src\doc\api\a00734_source.html", "HTML", 0, 0, 0, 0, 0, 0, 0, 0, 0, 0, 0, 0, 0, 99, 0, 0, 5, 3, 107
"c:\Users\nukec\Documents\GitHub\voxelstation13\build\_deps\glm-src\doc\api\a00737.html", "HTML", 0, 0, 0, 0, 0, 0, 0, 0, 0, 0, 0, 0, 0, 105, 0, 0, 5, 6, 116
"c:\Users\nukec\Documents\GitHub\voxelstation13\build\_deps\glm-src\doc\api\a00737_source.html", "HTML", 0, 0, 0, 0, 0, 0, 0, 0, 0, 0, 0, 0, 0, 110, 0, 0, 5, 3, 118
"c:\Users\nukec\Documents\GitHub\voxelstation13\build\_deps\glm-src\doc\api\a00740.html", "HTML", 0, 0, 0, 0, 0, 0, 0, 0, 0, 0, 0, 0, 0, 126, 0, 0, 5, 6, 137
"c:\Users\nukec\Documents\GitHub\voxelstation13\build\_deps\glm-src\doc\api\a00740_source.html", "HTML", 0, 0, 0, 0, 0, 0, 0, 0, 0, 0, 0, 0, 0, 137, 0, 0, 5, 3, 145
"c:\Users\nukec\Documents\GitHub\voxelstation13\build\_deps\glm-src\doc\api\a00743.html", "HTML", 0, 0, 0, 0, 0, 0, 0, 0, 0, 0, 0, 0, 0, 81, 0, 0, 5, 6, 92
"c:\Users\nukec\Documents\GitHub\voxelstation13\build\_deps\glm-src\doc\api\a00743_source.html", "HTML", 0, 0, 0, 0, 0, 0, 0, 0, 0, 0, 0, 0, 0, 143, 0, 0, 5, 3, 151
"c:\Users\nukec\Documents\GitHub\voxelstation13\build\_deps\glm-src\doc\api\a00746.html", "HTML", 0, 0, 0, 0, 0, 0, 0, 0, 0, 0, 0, 0, 0, 81, 0, 0, 5, 6, 92
"c:\Users\nukec\Documents\GitHub\voxelstation13\build\_deps\glm-src\doc\api\a00746_source.html", "HTML", 0, 0, 0, 0, 0, 0, 0, 0, 0, 0, 0, 0, 0, 2844, 0, 0, 5, 3, 2852
"c:\Users\nukec\Documents\GitHub\voxelstation13\build\_deps\glm-src\doc\api\a00749.html", "HTML", 0, 0, 0, 0, 0, 0, 0, 0, 0, 0, 0, 0, 0, 103, 0, 0, 5, 6, 114
"c:\Users\nukec\Documents\GitHub\voxelstation13\build\_deps\glm-src\doc\api\a00749_source.html", "HTML", 0, 0, 0, 0, 0, 0, 0, 0, 0, 0, 0, 0, 0, 106, 0, 0, 5, 3, 114
"c:\Users\nukec\Documents\GitHub\voxelstation13\build\_deps\glm-src\doc\api\a00752.html", "HTML", 0, 0, 0, 0, 0, 0, 0, 0, 0, 0, 0, 0, 0, 111, 0, 0, 5, 6, 122
"c:\Users\nukec\Documents\GitHub\voxelstation13\build\_deps\glm-src\doc\api\a00752_source.html", "HTML", 0, 0, 0, 0, 0, 0, 0, 0, 0, 0, 0, 0, 0, 119, 0, 0, 5, 3, 127
"c:\Users\nukec\Documents\GitHub\voxelstation13\build\_deps\glm-src\doc\api\a00755.html", "HTML", 0, 0, 0, 0, 0, 0, 0, 0, 0, 0, 0, 0, 0, 81, 0, 0, 5, 6, 92
"c:\Users\nukec\Documents\GitHub\voxelstation13\build\_deps\glm-src\doc\api\a00755_source.html", "HTML", 0, 0, 0, 0, 0, 0, 0, 0, 0, 0, 0, 0, 0, 95, 0, 0, 5, 3, 103
"c:\Users\nukec\Documents\GitHub\voxelstation13\build\_deps\glm-src\doc\api\a00758.html", "HTML", 0, 0, 0, 0, 0, 0, 0, 0, 0, 0, 0, 0, 0, 80, 0, 0, 5, 6, 91
"c:\Users\nukec\Documents\GitHub\voxelstation13\build\_deps\glm-src\doc\api\a00758_source.html", "HTML", 0, 0, 0, 0, 0, 0, 0, 0, 0, 0, 0, 0, 0, 85, 0, 0, 5, 3, 93
"c:\Users\nukec\Documents\GitHub\voxelstation13\build\_deps\glm-src\doc\api\a00761.html", "HTML", 0, 0, 0, 0, 0, 0, 0, 0, 0, 0, 0, 0, 0, 80, 0, 0, 5, 6, 91
"c:\Users\nukec\Documents\GitHub\voxelstation13\build\_deps\glm-src\doc\api\a00761_source.html", "HTML", 0, 0, 0, 0, 0, 0, 0, 0, 0, 0, 0, 0, 0, 85, 0, 0, 5, 3, 93
"c:\Users\nukec\Documents\GitHub\voxelstation13\build\_deps\glm-src\doc\api\a00764.html", "HTML", 0, 0, 0, 0, 0, 0, 0, 0, 0, 0, 0, 0, 0, 80, 0, 0, 5, 6, 91
"c:\Users\nukec\Documents\GitHub\voxelstation13\build\_deps\glm-src\doc\api\a00764_source.html", "HTML", 0, 0, 0, 0, 0, 0, 0, 0, 0, 0, 0, 0, 0, 85, 0, 0, 5, 3, 93
"c:\Users\nukec\Documents\GitHub\voxelstation13\build\_deps\glm-src\doc\api\a00767.html", "HTML", 0, 0, 0, 0, 0, 0, 0, 0, 0, 0, 0, 0, 0, 80, 0, 0, 5, 6, 91
"c:\Users\nukec\Documents\GitHub\voxelstation13\build\_deps\glm-src\doc\api\a00767_source.html", "HTML", 0, 0, 0, 0, 0, 0, 0, 0, 0, 0, 0, 0, 0, 85, 0, 0, 5, 3, 93
"c:\Users\nukec\Documents\GitHub\voxelstation13\build\_deps\glm-src\doc\api\a00770.html", "HTML", 0, 0, 0, 0, 0, 0, 0, 0, 0, 0, 0, 0, 0, 80, 0, 0, 5, 6, 91
"c:\Users\nukec\Documents\GitHub\voxelstation13\build\_deps\glm-src\doc\api\a00770_source.html", "HTML", 0, 0, 0, 0, 0, 0, 0, 0, 0, 0, 0, 0, 0, 84, 0, 0, 5, 3, 92
"c:\Users\nukec\Documents\GitHub\voxelstation13\build\_deps\glm-src\doc\api\a00773.html", "HTML", 0, 0, 0, 0, 0, 0, 0, 0, 0, 0, 0, 0, 0, 80, 0, 0, 5, 6, 91
"c:\Users\nukec\Documents\GitHub\voxelstation13\build\_deps\glm-src\doc\api\a00773_source.html", "HTML", 0, 0, 0, 0, 0, 0, 0, 0, 0, 0, 0, 0, 0, 84, 0, 0, 5, 3, 92
"c:\Users\nukec\Documents\GitHub\voxelstation13\build\_deps\glm-src\doc\api\a00776.html", "HTML", 0, 0, 0, 0, 0, 0, 0, 0, 0, 0, 0, 0, 0, 80, 0, 0, 5, 6, 91
"c:\Users\nukec\Documents\GitHub\voxelstation13\build\_deps\glm-src\doc\api\a00776_source.html", "HTML", 0, 0, 0, 0, 0, 0, 0, 0, 0, 0, 0, 0, 0, 84, 0, 0, 5, 3, 92
"c:\Users\nukec\Documents\GitHub\voxelstation13\build\_deps\glm-src\doc\api\a00779.html", "HTML", 0, 0, 0, 0, 0, 0, 0, 0, 0, 0, 0, 0, 0, 80, 0, 0, 5, 6, 91
"c:\Users\nukec\Documents\GitHub\voxelstation13\build\_deps\glm-src\doc\api\a00779_source.html", "HTML", 0, 0, 0, 0, 0, 0, 0, 0, 0, 0, 0, 0, 0, 84, 0, 0, 5, 3, 92
"c:\Users\nukec\Documents\GitHub\voxelstation13\build\_deps\glm-src\doc\api\a00782.html", "HTML", 0, 0, 0, 0, 0, 0, 0, 0, 0, 0, 0, 0, 0, 80, 0, 0, 5, 6, 91
"c:\Users\nukec\Documents\GitHub\voxelstation13\build\_deps\glm-src\doc\api\a00782_source.html", "HTML", 0, 0, 0, 0, 0, 0, 0, 0, 0, 0, 0, 0, 0, 85, 0, 0, 5, 3, 93
"c:\Users\nukec\Documents\GitHub\voxelstation13\build\_deps\glm-src\doc\api\a00785.html", "HTML", 0, 0, 0, 0, 0, 0, 0, 0, 0, 0, 0, 0, 0, 107, 0, 0, 5, 6, 118
"c:\Users\nukec\Documents\GitHub\voxelstation13\build\_deps\glm-src\doc\api\a00785_source.html", "HTML", 0, 0, 0, 0, 0, 0, 0, 0, 0, 0, 0, 0, 0, 190, 0, 0, 5, 3, 198
"c:\Users\nukec\Documents\GitHub\voxelstation13\build\_deps\glm-src\doc\api\a00788.html", "HTML", 0, 0, 0, 0, 0, 0, 0, 0, 0, 0, 0, 0, 0, 147, 0, 0, 5, 6, 158
"c:\Users\nukec\Documents\GitHub\voxelstation13\build\_deps\glm-src\doc\api\a00788_source.html", "HTML", 0, 0, 0, 0, 0, 0, 0, 0, 0, 0, 0, 0, 0, 146, 0, 0, 5, 3, 154
"c:\Users\nukec\Documents\GitHub\voxelstation13\build\_deps\glm-src\doc\api\a00791.html", "HTML", 0, 0, 0, 0, 0, 0, 0, 0, 0, 0, 0, 0, 0, 80, 0, 0, 5, 6, 91
"c:\Users\nukec\Documents\GitHub\voxelstation13\build\_deps\glm-src\doc\api\a00791_source.html", "HTML", 0, 0, 0, 0, 0, 0, 0, 0, 0, 0, 0, 0, 0, 96, 0, 0, 5, 3, 104
"c:\Users\nukec\Documents\GitHub\voxelstation13\build\_deps\glm-src\doc\api\a00794.html", "HTML", 0, 0, 0, 0, 0, 0, 0, 0, 0, 0, 0, 0, 0, 80, 0, 0, 5, 6, 91
"c:\Users\nukec\Documents\GitHub\voxelstation13\build\_deps\glm-src\doc\api\a00794_source.html", "HTML", 0, 0, 0, 0, 0, 0, 0, 0, 0, 0, 0, 0, 0, 96, 0, 0, 5, 3, 104
"c:\Users\nukec\Documents\GitHub\voxelstation13\build\_deps\glm-src\doc\api\a00797.html", "HTML", 0, 0, 0, 0, 0, 0, 0, 0, 0, 0, 0, 0, 0, 80, 0, 0, 5, 6, 91
"c:\Users\nukec\Documents\GitHub\voxelstation13\build\_deps\glm-src\doc\api\a00797_source.html", "HTML", 0, 0, 0, 0, 0, 0, 0, 0, 0, 0, 0, 0, 0, 97, 0, 0, 5, 3, 105
"c:\Users\nukec\Documents\GitHub\voxelstation13\build\_deps\glm-src\doc\api\a00800_source.html", "HTML", 0, 0, 0, 0, 0, 0, 0, 0, 0, 0, 0, 0, 0, 2489, 0, 0, 5, 3, 2497
"c:\Users\nukec\Documents\GitHub\voxelstation13\build\_deps\glm-src\doc\api\a00803.html", "HTML", 0, 0, 0, 0, 0, 0, 0, 0, 0, 0, 0, 0, 0, 1536, 0, 0, 5, 121, 1662
"c:\Users\nukec\Documents\GitHub\voxelstation13\build\_deps\glm-src\doc\api\a00804.html", "HTML", 0, 0, 0, 0, 0, 0, 0, 0, 0, 0, 0, 0, 0, 345, 0, 0, 5, 24, 374
"c:\Users\nukec\Documents\GitHub\voxelstation13\build\_deps\glm-src\doc\api\a00805.html", "HTML", 0, 0, 0, 0, 0, 0, 0, 0, 0, 0, 0, 0, 0, 2652, 0, 0, 5, 129, 2786
"c:\Users\nukec\Documents\GitHub\voxelstation13\build\_deps\glm-src\doc\api\a00806.html", "HTML", 0, 0, 0, 0, 0, 0, 0, 0, 0, 0, 0, 0, 0, 74, 0, 0, 5, 3, 82
"c:\Users\nukec\Documents\GitHub\voxelstation13\build\_deps\glm-src\doc\api\a00807.html", "HTML", 0, 0, 0, 0, 0, 0, 0, 0, 0, 0, 0, 0, 0, 120, 0, 0, 5, 11, 136
"c:\Users\nukec\Documents\GitHub\voxelstation13\build\_deps\glm-src\doc\api\a00808.html", "HTML", 0, 0, 0, 0, 0, 0, 0, 0, 0, 0, 0, 0, 0, 224, 0, 0, 5, 35, 264
"c:\Users\nukec\Documents\GitHub\voxelstation13\build\_deps\glm-src\doc\api\a00809.html", "HTML", 0, 0, 0, 0, 0, 0, 0, 0, 0, 0, 0, 0, 0, 100, 0, 0, 5, 7, 112
"c:\Users\nukec\Documents\GitHub\voxelstation13\build\_deps\glm-src\doc\api\a00810.html", "HTML", 0, 0, 0, 0, 0, 0, 0, 0, 0, 0, 0, 0, 0, 152, 0, 0, 5, 19, 176
"c:\Users\nukec\Documents\GitHub\voxelstation13\build\_deps\glm-src\doc\api\a00811.html", "HTML", 0, 0, 0, 0, 0, 0, 0, 0, 0, 0, 0, 0, 0, 100, 0, 0, 5, 7, 112
"c:\Users\nukec\Documents\GitHub\voxelstation13\build\_deps\glm-src\doc\api\a00812.html", "HTML", 0, 0, 0, 0, 0, 0, 0, 0, 0, 0, 0, 0, 0, 152, 0, 0, 5, 19, 176
"c:\Users\nukec\Documents\GitHub\voxelstation13\build\_deps\glm-src\doc\api\a00813.html", "HTML", 0, 0, 0, 0, 0, 0, 0, 0, 0, 0, 0, 0, 0, 100, 0, 0, 5, 7, 112
"c:\Users\nukec\Documents\GitHub\voxelstation13\build\_deps\glm-src\doc\api\a00814.html", "HTML", 0, 0, 0, 0, 0, 0, 0, 0, 0, 0, 0, 0, 0, 152, 0, 0, 5, 19, 176
"c:\Users\nukec\Documents\GitHub\voxelstation13\build\_deps\glm-src\doc\api\a00815.html", "HTML", 0, 0, 0, 0, 0, 0, 0, 0, 0, 0, 0, 0, 0, 120, 0, 0, 5, 11, 136
"c:\Users\nukec\Documents\GitHub\voxelstation13\build\_deps\glm-src\doc\api\a00816.html", "HTML", 0, 0, 0, 0, 0, 0, 0, 0, 0, 0, 0, 0, 0, 224, 0, 0, 5, 35, 264
"c:\Users\nukec\Documents\GitHub\voxelstation13\build\_deps\glm-src\doc\api\a00817.html", "HTML", 0, 0, 0, 0, 0, 0, 0, 0, 0, 0, 0, 0, 0, 100, 0, 0, 5, 7, 112
"c:\Users\nukec\Documents\GitHub\voxelstation13\build\_deps\glm-src\doc\api\a00818.html", "HTML", 0, 0, 0, 0, 0, 0, 0, 0, 0, 0, 0, 0, 0, 152, 0, 0, 5, 19, 176
"c:\Users\nukec\Documents\GitHub\voxelstation13\build\_deps\glm-src\doc\api\a00819.html", "HTML", 0, 0, 0, 0, 0, 0, 0, 0, 0, 0, 0, 0, 0, 100, 0, 0, 5, 7, 112
"c:\Users\nukec\Documents\GitHub\voxelstation13\build\_deps\glm-src\doc\api\a00820.html", "HTML", 0, 0, 0, 0, 0, 0, 0, 0, 0, 0, 0, 0, 0, 152, 0, 0, 5, 19, 176
"c:\Users\nukec\Documents\GitHub\voxelstation13\build\_deps\glm-src\doc\api\a00821.html", "HTML", 0, 0, 0, 0, 0, 0, 0, 0, 0, 0, 0, 0, 0, 100, 0, 0, 5, 7, 112
"c:\Users\nukec\Documents\GitHub\voxelstation13\build\_deps\glm-src\doc\api\a00822.html", "HTML", 0, 0, 0, 0, 0, 0, 0, 0, 0, 0, 0, 0, 0, 152, 0, 0, 5, 19, 176
"c:\Users\nukec\Documents\GitHub\voxelstation13\build\_deps\glm-src\doc\api\a00823.html", "HTML", 0, 0, 0, 0, 0, 0, 0, 0, 0, 0, 0, 0, 0, 120, 0, 0, 5, 11, 136
"c:\Users\nukec\Documents\GitHub\voxelstation13\build\_deps\glm-src\doc\api\a00824.html", "HTML", 0, 0, 0, 0, 0, 0, 0, 0, 0, 0, 0, 0, 0, 224, 0, 0, 5, 35, 264
"c:\Users\nukec\Documents\GitHub\voxelstation13\build\_deps\glm-src\doc\api\a00825.html", "HTML", 0, 0, 0, 0, 0, 0, 0, 0, 0, 0, 0, 0, 0, 284, 0, 0, 5, 15, 304
"c:\Users\nukec\Documents\GitHub\voxelstation13\build\_deps\glm-src\doc\api\a00826.html", "HTML", 0, 0, 0, 0, 0, 0, 0, 0, 0, 0, 0, 0, 0, 509, 0, 0, 5, 24, 538
"c:\Users\nukec\Documents\GitHub\voxelstation13\build\_deps\glm-src\doc\api\a00827.html", "HTML", 0, 0, 0, 0, 0, 0, 0, 0, 0, 0, 0, 0, 0, 543, 0, 0, 5, 33, 581
"c:\Users\nukec\Documents\GitHub\voxelstation13\build\_deps\glm-src\doc\api\a00828.html", "HTML", 0, 0, 0, 0, 0, 0, 0, 0, 0, 0, 0, 0, 0, 497, 0, 0, 5, 24, 526
"c:\Users\nukec\Documents\GitHub\voxelstation13\build\_deps\glm-src\doc\api\a00829.html", "HTML", 0, 0, 0, 0, 0, 0, 0, 0, 0, 0, 0, 0, 0, 120, 0, 0, 5, 11, 136
"c:\Users\nukec\Documents\GitHub\voxelstation13\build\_deps\glm-src\doc\api\a00830.html", "HTML", 0, 0, 0, 0, 0, 0, 0, 0, 0, 0, 0, 0, 0, 224, 0, 0, 5, 35, 264
"c:\Users\nukec\Documents\GitHub\voxelstation13\build\_deps\glm-src\doc\api\a00831.html", "HTML", 0, 0, 0, 0, 0, 0, 0, 0, 0, 0, 0, 0, 0, 100, 0, 0, 5, 7, 112
"c:\Users\nukec\Documents\GitHub\voxelstation13\build\_deps\glm-src\doc\api\a00832.html", "HTML", 0, 0, 0, 0, 0, 0, 0, 0, 0, 0, 0, 0, 0, 152, 0, 0, 5, 19, 176
"c:\Users\nukec\Documents\GitHub\voxelstation13\build\_deps\glm-src\doc\api\a00833.html", "HTML", 0, 0, 0, 0, 0, 0, 0, 0, 0, 0, 0, 0, 0, 100, 0, 0, 5, 7, 112
"c:\Users\nukec\Documents\GitHub\voxelstation13\build\_deps\glm-src\doc\api\a00834.html", "HTML", 0, 0, 0, 0, 0, 0, 0, 0, 0, 0, 0, 0, 0, 152, 0, 0, 5, 19, 176
"c:\Users\nukec\Documents\GitHub\voxelstation13\build\_deps\glm-src\doc\api\a00835.html", "HTML", 0, 0, 0, 0, 0, 0, 0, 0, 0, 0, 0, 0, 0, 100, 0, 0, 5, 7, 112
"c:\Users\nukec\Documents\GitHub\voxelstation13\build\_deps\glm-src\doc\api\a00836.html", "HTML", 0, 0, 0, 0, 0, 0, 0, 0, 0, 0, 0, 0, 0, 152, 0, 0, 5, 19, 176
"c:\Users\nukec\Documents\GitHub\voxelstation13\build\_deps\glm-src\doc\api\a00837.html", "HTML", 0, 0, 0, 0, 0, 0, 0, 0, 0, 0, 0, 0, 0, 120, 0, 0, 5, 11, 136
"c:\Users\nukec\Documents\GitHub\voxelstation13\build\_deps\glm-src\doc\api\a00838.html", "HTML", 0, 0, 0, 0, 0, 0, 0, 0, 0, 0, 0, 0, 0, 224, 0, 0, 5, 35, 264
"c:\Users\nukec\Documents\GitHub\voxelstation13\build\_deps\glm-src\doc\api\a00839.html", "HTML", 0, 0, 0, 0, 0, 0, 0, 0, 0, 0, 0, 0, 0, 101, 0, 0, 5, 7, 113
"c:\Users\nukec\Documents\GitHub\voxelstation13\build\_deps\glm-src\doc\api\a00840.html", "HTML", 0, 0, 0, 0, 0, 0, 0, 0, 0, 0, 0, 0, 0, 152, 0, 0, 5, 19, 176
"c:\Users\nukec\Documents\GitHub\voxelstation13\build\_deps\glm-src\doc\api\a00841.html", "HTML", 0, 0, 0, 0, 0, 0, 0, 0, 0, 0, 0, 0, 0, 100, 0, 0, 5, 7, 112
"c:\Users\nukec\Documents\GitHub\voxelstation13\build\_deps\glm-src\doc\api\a00842.html", "HTML", 0, 0, 0, 0, 0, 0, 0, 0, 0, 0, 0, 0, 0, 152, 0, 0, 5, 19, 176
"c:\Users\nukec\Documents\GitHub\voxelstation13\build\_deps\glm-src\doc\api\a00843.html", "HTML", 0, 0, 0, 0, 0, 0, 0, 0, 0, 0, 0, 0, 0, 100, 0, 0, 5, 7, 112
"c:\Users\nukec\Documents\GitHub\voxelstation13\build\_deps\glm-src\doc\api\a00844.html", "HTML", 0, 0, 0, 0, 0, 0, 0, 0, 0, 0, 0, 0, 0, 152, 0, 0, 5, 19, 176
"c:\Users\nukec\Documents\GitHub\voxelstation13\build\_deps\glm-src\doc\api\a00845.html", "HTML", 0, 0, 0, 0, 0, 0, 0, 0, 0, 0, 0, 0, 0, 120, 0, 0, 5, 11, 136
"c:\Users\nukec\Documents\GitHub\voxelstation13\build\_deps\glm-src\doc\api\a00846.html", "HTML", 0, 0, 0, 0, 0, 0, 0, 0, 0, 0, 0, 0, 0, 224, 0, 0, 5, 35, 264
"c:\Users\nukec\Documents\GitHub\voxelstation13\build\_deps\glm-src\doc\api\a00847.html", "HTML", 0, 0, 0, 0, 0, 0, 0, 0, 0, 0, 0, 0, 0, 433, 0, 0, 5, 27, 465
"c:\Users\nukec\Documents\GitHub\voxelstation13\build\_deps\glm-src\doc\api\a00848.html", "HTML", 0, 0, 0, 0, 0, 0, 0, 0, 0, 0, 0, 0, 0, 98, 0, 0, 5, 3, 106
"c:\Users\nukec\Documents\GitHub\voxelstation13\build\_deps\glm-src\doc\api\a00849.html", "HTML", 0, 0, 0, 0, 0, 0, 0, 0, 0, 0, 0, 0, 0, 134, 0, 0, 5, 15, 154
"c:\Users\nukec\Documents\GitHub\voxelstation13\build\_deps\glm-src\doc\api\a00850.html", "HTML", 0, 0, 0, 0, 0, 0, 0, 0, 0, 0, 0, 0, 0, 77, 0, 0, 5, 3, 85
"c:\Users\nukec\Documents\GitHub\voxelstation13\build\_deps\glm-src\doc\api\a00851.html", "HTML", 0, 0, 0, 0, 0, 0, 0, 0, 0, 0, 0, 0, 0, 98, 0, 0, 5, 3, 106
"c:\Users\nukec\Documents\GitHub\voxelstation13\build\_deps\glm-src\doc\api\a00852.html", "HTML", 0, 0, 0, 0, 0, 0, 0, 0, 0, 0, 0, 0, 0, 91, 0, 0, 5, 3, 99
"c:\Users\nukec\Documents\GitHub\voxelstation13\build\_deps\glm-src\doc\api\a00853.html", "HTML", 0, 0, 0, 0, 0, 0, 0, 0, 0, 0, 0, 0, 0, 221, 0, 0, 5, 15, 241
"c:\Users\nukec\Documents\GitHub\voxelstation13\build\_deps\glm-src\doc\api\a00854.html", "HTML", 0, 0, 0, 0, 0, 0, 0, 0, 0, 0, 0, 0, 0, 253, 0, 0, 5, 15, 273
"c:\Users\nukec\Documents\GitHub\voxelstation13\build\_deps\glm-src\doc\api\a00855.html", "HTML", 0, 0, 0, 0, 0, 0, 0, 0, 0, 0, 0, 0, 0, 265, 0, 0, 5, 18, 288
"c:\Users\nukec\Documents\GitHub\voxelstation13\build\_deps\glm-src\doc\api\a00856.html", "HTML", 0, 0, 0, 0, 0, 0, 0, 0, 0, 0, 0, 0, 0, 198, 0, 0, 5, 12, 215
"c:\Users\nukec\Documents\GitHub\voxelstation13\build\_deps\glm-src\doc\api\a00857.html", "HTML", 0, 0, 0, 0, 0, 0, 0, 0, 0, 0, 0, 0, 0, 784, 0, 0, 5, 54, 843
"c:\Users\nukec\Documents\GitHub\voxelstation13\build\_deps\glm-src\doc\api\a00858.html", "HTML", 0, 0, 0, 0, 0, 0, 0, 0, 0, 0, 0, 0, 0, 94, 0, 0, 5, 3, 102
"c:\Users\nukec\Documents\GitHub\voxelstation13\build\_deps\glm-src\doc\api\a00859.html", "HTML", 0, 0, 0, 0, 0, 0, 0, 0, 0, 0, 0, 0, 0, 96, 0, 0, 5, 3, 104
"c:\Users\nukec\Documents\GitHub\voxelstation13\build\_deps\glm-src\doc\api\a00860.html", "HTML", 0, 0, 0, 0, 0, 0, 0, 0, 0, 0, 0, 0, 0, 306, 0, 0, 5, 24, 335
"c:\Users\nukec\Documents\GitHub\voxelstation13\build\_deps\glm-src\doc\api\a00861.html", "HTML", 0, 0, 0, 0, 0, 0, 0, 0, 0, 0, 0, 0, 0, 72, 0, 0, 5, 3, 80
"c:\Users\nukec\Documents\GitHub\voxelstation13\build\_deps\glm-src\doc\api\a00862.html", "HTML", 0, 0, 0, 0, 0, 0, 0, 0, 0, 0, 0, 0, 0, 518, 0, 0, 5, 39, 562
"c:\Users\nukec\Documents\GitHub\voxelstation13\build\_deps\glm-src\doc\api\a00863.html", "HTML", 0, 0, 0, 0, 0, 0, 0, 0, 0, 0, 0, 0, 0, 277, 0, 0, 5, 15, 297
"c:\Users\nukec\Documents\GitHub\voxelstation13\build\_deps\glm-src\doc\api\a00864.html", "HTML", 0, 0, 0, 0, 0, 0, 0, 0, 0, 0, 0, 0, 0, 96, 0, 0, 5, 3, 104
"c:\Users\nukec\Documents\GitHub\voxelstation13\build\_deps\glm-src\doc\api\a00865.html", "HTML", 0, 0, 0, 0, 0, 0, 0, 0, 0, 0, 0, 0, 0, 277, 0, 0, 5, 21, 303
"c:\Users\nukec\Documents\GitHub\voxelstation13\build\_deps\glm-src\doc\api\a00866.html", "HTML", 0, 0, 0, 0, 0, 0, 0, 0, 0, 0, 0, 0, 0, 84, 0, 0, 5, 3, 92
"c:\Users\nukec\Documents\GitHub\voxelstation13\build\_deps\glm-src\doc\api\a00867.html", "HTML", 0, 0, 0, 0, 0, 0, 0, 0, 0, 0, 0, 0, 0, 91, 0, 0, 5, 3, 99
"c:\Users\nukec\Documents\GitHub\voxelstation13\build\_deps\glm-src\doc\api\a00868.html", "HTML", 0, 0, 0, 0, 0, 0, 0, 0, 0, 0, 0, 0, 0, 927, 0, 0, 5, 63, 995
"c:\Users\nukec\Documents\GitHub\voxelstation13\build\_deps\glm-src\doc\api\a00869.html", "HTML", 0, 0, 0, 0, 0, 0, 0, 0, 0, 0, 0, 0, 0, 86, 0, 0, 5, 3, 94
"c:\Users\nukec\Documents\GitHub\voxelstation13\build\_deps\glm-src\doc\api\a00870.html", "HTML", 0, 0, 0, 0, 0, 0, 0, 0, 0, 0, 0, 0, 0, 92, 0, 0, 5, 3, 100
"c:\Users\nukec\Documents\GitHub\voxelstation13\build\_deps\glm-src\doc\api\a00871.html", "HTML", 0, 0, 0, 0, 0, 0, 0, 0, 0, 0, 0, 0, 0, 86, 0, 0, 5, 3, 94
"c:\Users\nukec\Documents\GitHub\voxelstation13\build\_deps\glm-src\doc\api\a00872.html", "HTML", 0, 0, 0, 0, 0, 0, 0, 0, 0, 0, 0, 0, 0, 92, 0, 0, 5, 3, 100
"c:\Users\nukec\Documents\GitHub\voxelstation13\build\_deps\glm-src\doc\api\a00873.html", "HTML", 0, 0, 0, 0, 0, 0, 0, 0, 0, 0, 0, 0, 0, 86, 0, 0, 5, 3, 94
"c:\Users\nukec\Documents\GitHub\voxelstation13\build\_deps\glm-src\doc\api\a00874.html", "HTML", 0, 0, 0, 0, 0, 0, 0, 0, 0, 0, 0, 0, 0, 155, 0, 0, 5, 19, 179
"c:\Users\nukec\Documents\GitHub\voxelstation13\build\_deps\glm-src\doc\api\a00875.html", "HTML", 0, 0, 0, 0, 0, 0, 0, 0, 0, 0, 0, 0, 0, 155, 0, 0, 5, 19, 179
"c:\Users\nukec\Documents\GitHub\voxelstation13\build\_deps\glm-src\doc\api\a00876.html", "HTML", 0, 0, 0, 0, 0, 0, 0, 0, 0, 0, 0, 0, 0, 155, 0, 0, 5, 19, 179
"c:\Users\nukec\Documents\GitHub\voxelstation13\build\_deps\glm-src\doc\api\a00877.html", "HTML", 0, 0, 0, 0, 0, 0, 0, 0, 0, 0, 0, 0, 0, 155, 0, 0, 5, 19, 179
"c:\Users\nukec\Documents\GitHub\voxelstation13\build\_deps\glm-src\doc\api\a00878.html", "HTML", 0, 0, 0, 0, 0, 0, 0, 0, 0, 0, 0, 0, 0, 477, 0, 0, 5, 33, 515
"c:\Users\nukec\Documents\GitHub\voxelstation13\build\_deps\glm-src\doc\api\a00879.html", "HTML", 0, 0, 0, 0, 0, 0, 0, 0, 0, 0, 0, 0, 0, 72, 0, 0, 5, 3, 80
"c:\Users\nukec\Documents\GitHub\voxelstation13\build\_deps\glm-src\doc\api\a00880.html", "HTML", 0, 0, 0, 0, 0, 0, 0, 0, 0, 0, 0, 0, 0, 72, 0, 0, 5, 3, 80
"c:\Users\nukec\Documents\GitHub\voxelstation13\build\_deps\glm-src\doc\api\a00881.html", "HTML", 0, 0, 0, 0, 0, 0, 0, 0, 0, 0, 0, 0, 0, 453, 0, 0, 5, 27, 485
"c:\Users\nukec\Documents\GitHub\voxelstation13\build\_deps\glm-src\doc\api\a00882.html", "HTML", 0, 0, 0, 0, 0, 0, 0, 0, 0, 0, 0, 0, 0, 86, 0, 0, 5, 3, 94
"c:\Users\nukec\Documents\GitHub\voxelstation13\build\_deps\glm-src\doc\api\a00883.html", "HTML", 0, 0, 0, 0, 0, 0, 0, 0, 0, 0, 0, 0, 0, 155, 0, 0, 5, 19, 179
"c:\Users\nukec\Documents\GitHub\voxelstation13\build\_deps\glm-src\doc\api\a00884.html", "HTML", 0, 0, 0, 0, 0, 0, 0, 0, 0, 0, 0, 0, 0, 155, 0, 0, 5, 19, 179
"c:\Users\nukec\Documents\GitHub\voxelstation13\build\_deps\glm-src\doc\api\a00885.html", "HTML", 0, 0, 0, 0, 0, 0, 0, 0, 0, 0, 0, 0, 0, 155, 0, 0, 5, 19, 179
"c:\Users\nukec\Documents\GitHub\voxelstation13\build\_deps\glm-src\doc\api\a00886.html", "HTML", 0, 0, 0, 0, 0, 0, 0, 0, 0, 0, 0, 0, 0, 155, 0, 0, 5, 19, 179
"c:\Users\nukec\Documents\GitHub\voxelstation13\build\_deps\glm-src\doc\api\a00887.html", "HTML", 0, 0, 0, 0, 0, 0, 0, 0, 0, 0, 0, 0, 0, 383, 0, 0, 5, 27, 415
"c:\Users\nukec\Documents\GitHub\voxelstation13\build\_deps\glm-src\doc\api\a00888.html", "HTML", 0, 0, 0, 0, 0, 0, 0, 0, 0, 0, 0, 0, 0, 400, 0, 0, 5, 27, 432
"c:\Users\nukec\Documents\GitHub\voxelstation13\build\_deps\glm-src\doc\api\a00889.html", "HTML", 0, 0, 0, 0, 0, 0, 0, 0, 0, 0, 0, 0, 0, 111, 0, 0, 5, 4, 120
"c:\Users\nukec\Documents\GitHub\voxelstation13\build\_deps\glm-src\doc\api\a00890.html", "HTML", 0, 0, 0, 0, 0, 0, 0, 0, 0, 0, 0, 0, 0, 351, 0, 0, 5, 64, 420
"c:\Users\nukec\Documents\GitHub\voxelstation13\build\_deps\glm-src\doc\api\a00891.html", "HTML", 0, 0, 0, 0, 0, 0, 0, 0, 0, 0, 0, 0, 0, 630, 0, 0, 5, 112, 747
"c:\Users\nukec\Documents\GitHub\voxelstation13\build\_deps\glm-src\doc\api\a00892.html", "HTML", 0, 0, 0, 0, 0, 0, 0, 0, 0, 0, 0, 0, 0, 513, 0, 0, 5, 100, 618
"c:\Users\nukec\Documents\GitHub\voxelstation13\build\_deps\glm-src\doc\api\a00893.html", "HTML", 0, 0, 0, 0, 0, 0, 0, 0, 0, 0, 0, 0, 0, 1524, 0, 0, 5, 292, 1821
"c:\Users\nukec\Documents\GitHub\voxelstation13\build\_deps\glm-src\doc\api\a00894.html", "HTML", 0, 0, 0, 0, 0, 0, 0, 0, 0, 0, 0, 0, 0, 248, 0, 0, 5, 4, 257
"c:\Users\nukec\Documents\GitHub\voxelstation13\build\_deps\glm-src\doc\api\a00895.html", "HTML", 0, 0, 0, 0, 0, 0, 0, 0, 0, 0, 0, 0, 0, 123, 0, 0, 5, 4, 132
"c:\Users\nukec\Documents\GitHub\voxelstation13\build\_deps\glm-src\doc\api\a00896.html", "HTML", 0, 0, 0, 0, 0, 0, 0, 0, 0, 0, 0, 0, 0, 214, 0, 0, 5, 4, 223
"c:\Users\nukec\Documents\GitHub\voxelstation13\build\_deps\glm-src\doc\api\a00897.html", "HTML", 0, 0, 0, 0, 0, 0, 0, 0, 0, 0, 0, 0, 0, 1173, 0, 0, 5, 99, 1277
"c:\Users\nukec\Documents\GitHub\voxelstation13\build\_deps\glm-src\doc\api\a00898.html", "HTML", 0, 0, 0, 0, 0, 0, 0, 0, 0, 0, 0, 0, 0, 161, 0, 0, 5, 12, 178
"c:\Users\nukec\Documents\GitHub\voxelstation13\build\_deps\glm-src\doc\api\a00899.html", "HTML", 0, 0, 0, 0, 0, 0, 0, 0, 0, 0, 0, 0, 0, 668, 0, 0, 5, 87, 760
"c:\Users\nukec\Documents\GitHub\voxelstation13\build\_deps\glm-src\doc\api\a00900.html", "HTML", 0, 0, 0, 0, 0, 0, 0, 0, 0, 0, 0, 0, 0, 236, 0, 0, 5, 15, 256
"c:\Users\nukec\Documents\GitHub\voxelstation13\build\_deps\glm-src\doc\api\a00901.html", "HTML", 0, 0, 0, 0, 0, 0, 0, 0, 0, 0, 0, 0, 0, 104, 0, 0, 5, 7, 116
"c:\Users\nukec\Documents\GitHub\voxelstation13\build\_deps\glm-src\doc\api\a00902.html", "HTML", 0, 0, 0, 0, 0, 0, 0, 0, 0, 0, 0, 0, 0, 220, 0, 0, 5, 15, 240
"c:\Users\nukec\Documents\GitHub\voxelstation13\build\_deps\glm-src\doc\api\a00903.html", "HTML", 0, 0, 0, 0, 0, 0, 0, 0, 0, 0, 0, 0, 0, 1376, 0, 0, 5, 291, 1672
"c:\Users\nukec\Documents\GitHub\voxelstation13\build\_deps\glm-src\doc\api\a00904.html", "HTML", 0, 0, 0, 0, 0, 0, 0, 0, 0, 0, 0, 0, 0, 148, 0, 0, 5, 9, 162
"c:\Users\nukec\Documents\GitHub\voxelstation13\build\_deps\glm-src\doc\api\a00905.html", "HTML", 0, 0, 0, 0, 0, 0, 0, 0, 0, 0, 0, 0, 0, 73, 0, 0, 5, 3, 81
"c:\Users\nukec\Documents\GitHub\voxelstation13\build\_deps\glm-src\doc\api\a00906.html", "HTML", 0, 0, 0, 0, 0, 0, 0, 0, 0, 0, 0, 0, 0, 156, 0, 0, 5, 12, 173
"c:\Users\nukec\Documents\GitHub\voxelstation13\build\_deps\glm-src\doc\api\a00907.html", "HTML", 0, 0, 0, 0, 0, 0, 0, 0, 0, 0, 0, 0, 0, 1941, 0, 0, 5, 213, 2159
"c:\Users\nukec\Documents\GitHub\voxelstation13\build\_deps\glm-src\doc\api\a00908.html", "HTML", 0, 0, 0, 0, 0, 0, 0, 0, 0, 0, 0, 0, 0, 578, 0, 0, 5, 51, 634
"c:\Users\nukec\Documents\GitHub\voxelstation13\build\_deps\glm-src\doc\api\a00909.html", "HTML", 0, 0, 0, 0, 0, 0, 0, 0, 0, 0, 0, 0, 0, 290, 0, 0, 5, 24, 319
"c:\Users\nukec\Documents\GitHub\voxelstation13\build\_deps\glm-src\doc\api\a00910.html", "HTML", 0, 0, 0, 0, 0, 0, 0, 0, 0, 0, 0, 0, 0, 72, 0, 0, 5, 3, 80
"c:\Users\nukec\Documents\GitHub\voxelstation13\build\_deps\glm-src\doc\api\a00911.html", "HTML", 0, 0, 0, 0, 0, 0, 0, 0, 0, 0, 0, 0, 0, 512, 0, 0, 5, 39, 556
"c:\Users\nukec\Documents\GitHub\voxelstation13\build\_deps\glm-src\doc\api\a00912.html", "HTML", 0, 0, 0, 0, 0, 0, 0, 0, 0, 0, 0, 0, 0, 1487, 0, 0, 5, 3, 1495
"c:\Users\nukec\Documents\GitHub\voxelstation13\build\_deps\glm-src\doc\api\a00913.html", "HTML", 0, 0, 0, 0, 0, 0, 0, 0, 0, 0, 0, 0, 0, 7908, 0, 0, 5, 1731, 9644
"c:\Users\nukec\Documents\GitHub\voxelstation13\build\_deps\glm-src\doc\api\a00914.html", "HTML", 0, 0, 0, 0, 0, 0, 0, 0, 0, 0, 0, 0, 0, 821, 0, 0, 5, 102, 928
"c:\Users\nukec\Documents\GitHub\voxelstation13\build\_deps\glm-src\doc\api\a00915.html", "HTML", 0, 0, 0, 0, 0, 0, 0, 0, 0, 0, 0, 0, 0, 572, 0, 0, 5, 45, 622
"c:\Users\nukec\Documents\GitHub\voxelstation13\build\_deps\glm-src\doc\api\a00916.html", "HTML", 0, 0, 0, 0, 0, 0, 0, 0, 0, 0, 0, 0, 0, 72, 0, 0, 5, 3, 80
"c:\Users\nukec\Documents\GitHub\voxelstation13\build\_deps\glm-src\doc\api\a00917.html", "HTML", 0, 0, 0, 0, 0, 0, 0, 0, 0, 0, 0, 0, 0, 1314, 0, 0, 5, 70, 1389
"c:\Users\nukec\Documents\GitHub\voxelstation13\build\_deps\glm-src\doc\api\a00918.html", "HTML", 0, 0, 0, 0, 0, 0, 0, 0, 0, 0, 0, 0, 0, 292, 0, 0, 5, 28, 325
"c:\Users\nukec\Documents\GitHub\voxelstation13\build\_deps\glm-src\doc\api\a00919.html", "HTML", 0, 0, 0, 0, 0, 0, 0, 0, 0, 0, 0, 0, 0, 123, 0, 0, 5, 6, 134
"c:\Users\nukec\Documents\GitHub\voxelstation13\build\_deps\glm-src\doc\api\a00920.html", "HTML", 0, 0, 0, 0, 0, 0, 0, 0, 0, 0, 0, 0, 0, 101, 0, 0, 5, 4, 110
"c:\Users\nukec\Documents\GitHub\voxelstation13\build\_deps\glm-src\doc\api\a00921.html", "HTML", 0, 0, 0, 0, 0, 0, 0, 0, 0, 0, 0, 0, 0, 232, 0, 0, 5, 21, 258
"c:\Users\nukec\Documents\GitHub\voxelstation13\build\_deps\glm-src\doc\api\a00922.html", "HTML", 0, 0, 0, 0, 0, 0, 0, 0, 0, 0, 0, 0, 0, 172, 0, 0, 5, 15, 192
"c:\Users\nukec\Documents\GitHub\voxelstation13\build\_deps\glm-src\doc\api\a00923.html", "HTML", 0, 0, 0, 0, 0, 0, 0, 0, 0, 0, 0, 0, 0, 232, 0, 0, 5, 16, 253
"c:\Users\nukec\Documents\GitHub\voxelstation13\build\_deps\glm-src\doc\api\a00924.html", "HTML", 0, 0, 0, 0, 0, 0, 0, 0, 0, 0, 0, 0, 0, 407, 0, 0, 5, 3, 415
"c:\Users\nukec\Documents\GitHub\voxelstation13\build\_deps\glm-src\doc\api\a00925.html", "HTML", 0, 0, 0, 0, 0, 0, 0, 0, 0, 0, 0, 0, 0, 212, 0, 0, 5, 21, 238
"c:\Users\nukec\Documents\GitHub\voxelstation13\build\_deps\glm-src\doc\api\a00926.html", "HTML", 0, 0, 0, 0, 0, 0, 0, 0, 0, 0, 0, 0, 0, 492, 0, 0, 5, 75, 572
"c:\Users\nukec\Documents\GitHub\voxelstation13\build\_deps\glm-src\doc\api\a00927.html", "HTML", 0, 0, 0, 0, 0, 0, 0, 0, 0, 0, 0, 0, 0, 845, 0, 0, 5, 93, 943
"c:\Users\nukec\Documents\GitHub\voxelstation13\build\_deps\glm-src\doc\api\a00928.html", "HTML", 0, 0, 0, 0, 0, 0, 0, 0, 0, 0, 0, 0, 0, 1545, 0, 0, 5, 126, 1676
"c:\Users\nukec\Documents\GitHub\voxelstation13\build\_deps\glm-src\doc\api\a00929.html", "HTML", 0, 0, 0, 0, 0, 0, 0, 0, 0, 0, 0, 0, 0, 118, 0, 0, 5, 6, 129
"c:\Users\nukec\Documents\GitHub\voxelstation13\build\_deps\glm-src\doc\api\a00930.html", "HTML", 0, 0, 0, 0, 0, 0, 0, 0, 0, 0, 0, 0, 0, 572, 0, 0, 5, 39, 616
"c:\Users\nukec\Documents\GitHub\voxelstation13\build\_deps\glm-src\doc\api\a00931.html", "HTML", 0, 0, 0, 0, 0, 0, 0, 0, 0, 0, 0, 0, 0, 121, 0, 0, 5, 7, 133
"c:\Users\nukec\Documents\GitHub\voxelstation13\build\_deps\glm-src\doc\api\a00932.html", "HTML", 0, 0, 0, 0, 0, 0, 0, 0, 0, 0, 0, 0, 0, 374, 0, 0, 5, 39, 418
"c:\Users\nukec\Documents\GitHub\voxelstation13\build\_deps\glm-src\doc\api\a00933.html", "HTML", 0, 0, 0, 0, 0, 0, 0, 0, 0, 0, 0, 0, 0, 322, 0, 0, 5, 33, 360
"c:\Users\nukec\Documents\GitHub\voxelstation13\build\_deps\glm-src\doc\api\a00934.html", "HTML", 0, 0, 0, 0, 0, 0, 0, 0, 0, 0, 0, 0, 0, 249, 0, 0, 5, 24, 278
"c:\Users\nukec\Documents\GitHub\voxelstation13\build\_deps\glm-src\doc\api\a00935.html", "HTML", 0, 0, 0, 0, 0, 0, 0, 0, 0, 0, 0, 0, 0, 156, 0, 0, 5, 9, 170
"c:\Users\nukec\Documents\GitHub\voxelstation13\build\_deps\glm-src\doc\api\a00936.html", "HTML", 0, 0, 0, 0, 0, 0, 0, 0, 0, 0, 0, 0, 0, 162, 0, 0, 5, 9, 176
"c:\Users\nukec\Documents\GitHub\voxelstation13\build\_deps\glm-src\doc\api\a00937.html", "HTML", 0, 0, 0, 0, 0, 0, 0, 0, 0, 0, 0, 0, 0, 156, 0, 0, 5, 9, 170
"c:\Users\nukec\Documents\GitHub\voxelstation13\build\_deps\glm-src\doc\api\a00938.html", "HTML", 0, 0, 0, 0, 0, 0, 0, 0, 0, 0, 0, 0, 0, 72, 0, 0, 5, 3, 80
"c:\Users\nukec\Documents\GitHub\voxelstation13\build\_deps\glm-src\doc\api\a00939.html", "HTML", 0, 0, 0, 0, 0, 0, 0, 0, 0, 0, 0, 0, 0, 316, 0, 0, 5, 31, 352
"c:\Users\nukec\Documents\GitHub\voxelstation13\build\_deps\glm-src\doc\api\a00940.html", "HTML", 0, 0, 0, 0, 0, 0, 0, 0, 0, 0, 0, 0, 0, 422, 0, 0, 5, 21, 448
"c:\Users\nukec\Documents\GitHub\voxelstation13\build\_deps\glm-src\doc\api\a00941.html", "HTML", 0, 0, 0, 0, 0, 0, 0, 0, 0, 0, 0, 0, 0, 74, 0, 0, 5, 3, 82
"c:\Users\nukec\Documents\GitHub\voxelstation13\build\_deps\glm-src\doc\api\a00942.html", "HTML", 0, 0, 0, 0, 0, 0, 0, 0, 0, 0, 0, 0, 0, 144, 0, 0, 5, 9, 158
"c:\Users\nukec\Documents\GitHub\voxelstation13\build\_deps\glm-src\doc\api\a00943.html", "HTML", 0, 0, 0, 0, 0, 0, 0, 0, 0, 0, 0, 0, 0, 124, 0, 0, 5, 9, 138
"c:\Users\nukec\Documents\GitHub\voxelstation13\build\_deps\glm-src\doc\api\a00944.html", "HTML", 0, 0, 0, 0, 0, 0, 0, 0, 0, 0, 0, 0, 0, 136, 0, 0, 5, 6, 147
"c:\Users\nukec\Documents\GitHub\voxelstation13\build\_deps\glm-src\doc\api\a00945.html", "HTML", 0, 0, 0, 0, 0, 0, 0, 0, 0, 0, 0, 0, 0, 202, 0, 0, 5, 15, 222
"c:\Users\nukec\Documents\GitHub\voxelstation13\build\_deps\glm-src\doc\api\a00946.html", "HTML", 0, 0, 0, 0, 0, 0, 0, 0, 0, 0, 0, 0, 0, 210, 0, 0, 5, 15, 230
"c:\Users\nukec\Documents\GitHub\voxelstation13\build\_deps\glm-src\doc\api\a00947.html", "HTML", 0, 0, 0, 0, 0, 0, 0, 0, 0, 0, 0, 0, 0, 440, 0, 0, 5, 39, 484
"c:\Users\nukec\Documents\GitHub\voxelstation13\build\_deps\glm-src\doc\api\a00948.html", "HTML", 0, 0, 0, 0, 0, 0, 0, 0, 0, 0, 0, 0, 0, 344, 0, 0, 5, 39, 388
"c:\Users\nukec\Documents\GitHub\voxelstation13\build\_deps\glm-src\doc\api\a00949.html", "HTML", 0, 0, 0, 0, 0, 0, 0, 0, 0, 0, 0, 0, 0, 336, 0, 0, 5, 27, 368
"c:\Users\nukec\Documents\GitHub\voxelstation13\build\_deps\glm-src\doc\api\a00950.html", "HTML", 0, 0, 0, 0, 0, 0, 0, 0, 0, 0, 0, 0, 0, 270, 0, 0, 5, 18, 293
"c:\Users\nukec\Documents\GitHub\voxelstation13\build\_deps\glm-src\doc\api\a00951.html", "HTML", 0, 0, 0, 0, 0, 0, 0, 0, 0, 0, 0, 0, 0, 84, 0, 0, 5, 3, 92
"c:\Users\nukec\Documents\GitHub\voxelstation13\build\_deps\glm-src\doc\api\a00952.html", "HTML", 0, 0, 0, 0, 0, 0, 0, 0, 0, 0, 0, 0, 0, 366, 0, 0, 5, 33, 404
"c:\Users\nukec\Documents\GitHub\voxelstation13\build\_deps\glm-src\doc\api\a00953.html", "HTML", 0, 0, 0, 0, 0, 0, 0, 0, 0, 0, 0, 0, 0, 118, 0, 0, 5, 6, 129
"c:\Users\nukec\Documents\GitHub\voxelstation13\build\_deps\glm-src\doc\api\a00954.html", "HTML", 0, 0, 0, 0, 0, 0, 0, 0, 0, 0, 0, 0, 0, 146, 0, 0, 5, 9, 160
"c:\Users\nukec\Documents\GitHub\voxelstation13\build\_deps\glm-src\doc\api\a00955.html", "HTML", 0, 0, 0, 0, 0, 0, 0, 0, 0, 0, 0, 0, 0, 95, 0, 0, 5, 3, 103
"c:\Users\nukec\Documents\GitHub\voxelstation13\build\_deps\glm-src\doc\api\a00956.html", "HTML", 0, 0, 0, 0, 0, 0, 0, 0, 0, 0, 0, 0, 0, 146, 0, 0, 5, 12, 163
"c:\Users\nukec\Documents\GitHub\voxelstation13\build\_deps\glm-src\doc\api\a00957.html", "HTML", 0, 0, 0, 0, 0, 0, 0, 0, 0, 0, 0, 0, 0, 134, 0, 0, 5, 9, 148
"c:\Users\nukec\Documents\GitHub\voxelstation13\build\_deps\glm-src\doc\api\a00958.html", "HTML", 0, 0, 0, 0, 0, 0, 0, 0, 0, 0, 0, 0, 0, 338, 0, 0, 5, 21, 364
"c:\Users\nukec\Documents\GitHub\voxelstation13\build\_deps\glm-src\doc\api\a00959.html", "HTML", 0, 0, 0, 0, 0, 0, 0, 0, 0, 0, 0, 0, 0, 112, 0, 0, 5, 6, 123
"c:\Users\nukec\Documents\GitHub\voxelstation13\build\_deps\glm-src\doc\api\a00960.html", "HTML", 0, 0, 0, 0, 0, 0, 0, 0, 0, 0, 0, 0, 0, 124, 0, 0, 5, 9, 138
"c:\Users\nukec\Documents\GitHub\voxelstation13\build\_deps\glm-src\doc\api\a00961.html", "HTML", 0, 0, 0, 0, 0, 0, 0, 0, 0, 0, 0, 0, 0, 119, 0, 0, 5, 6, 130
"c:\Users\nukec\Documents\GitHub\voxelstation13\build\_deps\glm-src\doc\api\a00962.html", "HTML", 0, 0, 0, 0, 0, 0, 0, 0, 0, 0, 0, 0, 0, 575, 0, 0, 5, 59, 639
"c:\Users\nukec\Documents\GitHub\voxelstation13\build\_deps\glm-src\doc\api\a00963.html", "HTML", 0, 0, 0, 0, 0, 0, 0, 0, 0, 0, 0, 0, 0, 73, 0, 0, 5, 3, 81
"c:\Users\nukec\Documents\GitHub\voxelstation13\build\_deps\glm-src\doc\api\a00964.html", "HTML", 0, 0, 0, 0, 0, 0, 0, 0, 0, 0, 0, 0, 0, 152, 0, 0, 5, 19, 176
"c:\Users\nukec\Documents\GitHub\voxelstation13\build\_deps\glm-src\doc\api\a00965.html", "HTML", 0, 0, 0, 0, 0, 0, 0, 0, 0, 0, 0, 0, 0, 184, 0, 0, 5, 9, 198
"c:\Users\nukec\Documents\GitHub\voxelstation13\build\_deps\glm-src\doc\api\a00966.html", "HTML", 0, 0, 0, 0, 0, 0, 0, 0, 0, 0, 0, 0, 0, 458, 0, 0, 5, 36, 499
"c:\Users\nukec\Documents\GitHub\voxelstation13\build\_deps\glm-src\doc\api\a00967.html", "HTML", 0, 0, 0, 0, 0, 0, 0, 0, 0, 0, 0, 0, 0, 74, 0, 0, 5, 3, 82
"c:\Users\nukec\Documents\GitHub\voxelstation13\build\_deps\glm-src\doc\api\a00968.html", "HTML", 0, 0, 0, 0, 0, 0, 0, 0, 0, 0, 0, 0, 0, 72, 0, 0, 5, 3, 80
"c:\Users\nukec\Documents\GitHub\voxelstation13\build\_deps\glm-src\doc\api\a00969.html", "HTML", 0, 0, 0, 0, 0, 0, 0, 0, 0, 0, 0, 0, 0, 230, 0, 0, 5, 12, 247
"c:\Users\nukec\Documents\GitHub\voxelstation13\build\_deps\glm-src\doc\api\a00970.html", "HTML", 0, 0, 0, 0, 0, 0, 0, 0, 0, 0, 0, 0, 0, 224, 0, 0, 5, 35, 264
"c:\Users\nukec\Documents\GitHub\voxelstation13\build\_deps\glm-src\doc\api\a00971.html", "HTML", 0, 0, 0, 0, 0, 0, 0, 0, 0, 0, 0, 0, 0, 102, 0, 0, 5, 6, 113
"c:\Users\nukec\Documents\GitHub\voxelstation13\build\_deps\glm-src\doc\api\a00972.html", "HTML", 0, 0, 0, 0, 0, 0, 0, 0, 0, 0, 0, 0, 0, 115, 0, 0, 5, 6, 126
"c:\Users\nukec\Documents\GitHub\voxelstation13\build\_deps\glm-src\doc\api\a00973.html", "HTML", 0, 0, 0, 0, 0, 0, 0, 0, 0, 0, 0, 0, 0, 162, 0, 0, 5, 12, 179
"c:\Users\nukec\Documents\GitHub\voxelstation13\build\_deps\glm-src\doc\api\a00974.html", "HTML", 0, 0, 0, 0, 0, 0, 0, 0, 0, 0, 0, 0, 0, 359, 0, 0, 5, 27, 391
"c:\Users\nukec\Documents\GitHub\voxelstation13\build\_deps\glm-src\doc\api\a00975.html", "HTML", 0, 0, 0, 0, 0, 0, 0, 0, 0, 0, 0, 0, 0, 7716, 0, 0, 5, 621, 8342
"c:\Users\nukec\Documents\GitHub\voxelstation13\build\_deps\glm-src\doc\api\a00976.html", "HTML", 0, 0, 0, 0, 0, 0, 0, 0, 0, 0, 0, 0, 0, 73, 0, 0, 5, 3, 81
"c:\Users\nukec\Documents\GitHub\voxelstation13\build\_deps\glm-src\doc\api\a00977.html", "HTML", 0, 0, 0, 0, 0, 0, 0, 0, 0, 0, 0, 0, 0, 73, 0, 0, 5, 3, 81
"c:\Users\nukec\Documents\GitHub\voxelstation13\build\_deps\glm-src\doc\api\a00978.html", "HTML", 0, 0, 0, 0, 0, 0, 0, 0, 0, 0, 0, 0, 0, 182, 0, 0, 5, 12, 199
"c:\Users\nukec\Documents\GitHub\voxelstation13\build\_deps\glm-src\doc\api\a00979.html", "HTML", 0, 0, 0, 0, 0, 0, 0, 0, 0, 0, 0, 0, 0, 290, 0, 0, 5, 21, 316
"c:\Users\nukec\Documents\GitHub\voxelstation13\build\_deps\glm-src\doc\api\a00980.html", "HTML", 0, 0, 0, 0, 0, 0, 0, 0, 0, 0, 0, 0, 0, 72, 0, 0, 5, 3, 80
"c:\Users\nukec\Documents\GitHub\voxelstation13\build\_deps\glm-src\doc\api\a00981.html", "HTML", 0, 0, 0, 0, 0, 0, 0, 0, 0, 0, 0, 0, 0, 603, 0, 0, 5, 42, 650
"c:\Users\nukec\Documents\GitHub\voxelstation13\build\_deps\glm-src\doc\api\a00982.html", "HTML", 0, 0, 0, 0, 0, 0, 0, 0, 0, 0, 0, 0, 0, 113, 0, 0, 5, 6, 124
"c:\Users\nukec\Documents\GitHub\voxelstation13\build\_deps\glm-src\doc\api\a00983.html", "HTML", 0, 0, 0, 0, 0, 0, 0, 0, 0, 0, 0, 0, 0, 385, 0, 0, 5, 39, 429
"c:\Users\nukec\Documents\GitHub\voxelstation13\build\_deps\glm-src\doc\api\a00984.html", "HTML", 0, 0, 0, 0, 0, 0, 0, 0, 0, 0, 0, 0, 0, 581, 0, 0, 5, 49, 635
"c:\Users\nukec\Documents\GitHub\voxelstation13\build\_deps\glm-src\doc\api\a00985.html", "HTML", 0, 0, 0, 0, 0, 0, 0, 0, 0, 0, 0, 0, 0, 419, 0, 0, 5, 30, 454
"c:\Users\nukec\Documents\GitHub\voxelstation13\build\_deps\glm-src\doc\api\a01558.html", "HTML", 0, 0, 0, 0, 0, 0, 0, 0, 0, 0, 0, 0, 0, 106, 0, 0, 5, 6, 117
"c:\Users\nukec\Documents\GitHub\voxelstation13\build\_deps\glm-src\doc\api\a01558_source.html", "HTML", 0, 0, 0, 0, 0, 0, 0, 0, 0, 0, 0, 0, 0, 110, 0, 0, 5, 3, 118
"c:\Users\nukec\Documents\GitHub\voxelstation13\build\_deps\glm-src\doc\api\a01561.html", "HTML", 0, 0, 0, 0, 0, 0, 0, 0, 0, 0, 0, 0, 0, 111, 0, 0, 5, 6, 122
"c:\Users\nukec\Documents\GitHub\voxelstation13\build\_deps\glm-src\doc\api\a01561_source.html", "HTML", 0, 0, 0, 0, 0, 0, 0, 0, 0, 0, 0, 0, 0, 122, 0, 0, 5, 3, 130
"c:\Users\nukec\Documents\GitHub\voxelstation13\build\_deps\glm-src\doc\api\a01564.html", "HTML", 0, 0, 0, 0, 0, 0, 0, 0, 0, 0, 0, 0, 0, 103, 0, 0, 5, 6, 114
"c:\Users\nukec\Documents\GitHub\voxelstation13\build\_deps\glm-src\doc\api\a01564_source.html", "HTML", 0, 0, 0, 0, 0, 0, 0, 0, 0, 0, 0, 0, 0, 111, 0, 0, 5, 3, 119
"c:\Users\nukec\Documents\GitHub\voxelstation13\build\_deps\glm-src\doc\api\a01567.html", "HTML", 0, 0, 0, 0, 0, 0, 0, 0, 0, 0, 0, 0, 0, 93, 0, 0, 5, 6, 104
"c:\Users\nukec\Documents\GitHub\voxelstation13\build\_deps\glm-src\doc\api\a01567_source.html", "HTML", 0, 0, 0, 0, 0, 0, 0, 0, 0, 0, 0, 0, 0, 101, 0, 0, 5, 3, 109
"c:\Users\nukec\Documents\GitHub\voxelstation13\build\_deps\glm-src\doc\api\a01570.html", "HTML", 0, 0, 0, 0, 0, 0, 0, 0, 0, 0, 0, 0, 0, 123, 0, 0, 5, 6, 134
"c:\Users\nukec\Documents\GitHub\voxelstation13\build\_deps\glm-src\doc\api\a01570_source.html", "HTML", 0, 0, 0, 0, 0, 0, 0, 0, 0, 0, 0, 0, 0, 121, 0, 0, 5, 3, 129
"c:\Users\nukec\Documents\GitHub\voxelstation13\build\_deps\glm-src\doc\api\a01573.html", "HTML", 0, 0, 0, 0, 0, 0, 0, 0, 0, 0, 0, 0, 0, 102, 0, 0, 5, 6, 113
"c:\Users\nukec\Documents\GitHub\voxelstation13\build\_deps\glm-src\doc\api\a01573_source.html", "HTML", 0, 0, 0, 0, 0, 0, 0, 0, 0, 0, 0, 0, 0, 109, 0, 0, 5, 3, 117
"c:\Users\nukec\Documents\GitHub\voxelstation13\build\_deps\glm-src\doc\api\a01576.html", "HTML", 0, 0, 0, 0, 0, 0, 0, 0, 0, 0, 0, 0, 0, 141, 0, 0, 5, 6, 152
"c:\Users\nukec\Documents\GitHub\voxelstation13\build\_deps\glm-src\doc\api\a01576_source.html", "HTML", 0, 0, 0, 0, 0, 0, 0, 0, 0, 0, 0, 0, 0, 397, 0, 0, 5, 3, 405
"c:\Users\nukec\Documents\GitHub\voxelstation13\build\_deps\glm-src\doc\api\a01579.html", "HTML", 0, 0, 0, 0, 0, 0, 0, 0, 0, 0, 0, 0, 0, 119, 0, 0, 5, 6, 130
"c:\Users\nukec\Documents\GitHub\voxelstation13\build\_deps\glm-src\doc\api\a01579_source.html", "HTML", 0, 0, 0, 0, 0, 0, 0, 0, 0, 0, 0, 0, 0, 134, 0, 0, 5, 3, 142
"c:\Users\nukec\Documents\GitHub\voxelstation13\build\_deps\glm-src\doc\api\a01582.html", "HTML", 0, 0, 0, 0, 0, 0, 0, 0, 0, 0, 0, 0, 0, 85, 0, 0, 5, 6, 96
"c:\Users\nukec\Documents\GitHub\voxelstation13\build\_deps\glm-src\doc\api\a01582_source.html", "HTML", 0, 0, 0, 0, 0, 0, 0, 0, 0, 0, 0, 0, 0, 91, 0, 0, 5, 3, 99
"c:\Users\nukec\Documents\GitHub\voxelstation13\build\_deps\glm-src\doc\api\a01585.html", "HTML", 0, 0, 0, 0, 0, 0, 0, 0, 0, 0, 0, 0, 0, 305, 0, 0, 5, 6, 316
"c:\Users\nukec\Documents\GitHub\voxelstation13\build\_deps\glm-src\doc\api\a01585_source.html", "HTML", 0, 0, 0, 0, 0, 0, 0, 0, 0, 0, 0, 0, 0, 335, 0, 0, 5, 3, 343
"c:\Users\nukec\Documents\GitHub\voxelstation13\build\_deps\glm-src\doc\api\a01588.html", "HTML", 0, 0, 0, 0, 0, 0, 0, 0, 0, 0, 0, 0, 0, 149, 0, 0, 5, 6, 160
"c:\Users\nukec\Documents\GitHub\voxelstation13\build\_deps\glm-src\doc\api\a01588_source.html", "HTML", 0, 0, 0, 0, 0, 0, 0, 0, 0, 0, 0, 0, 0, 169, 0, 0, 5, 3, 177
"c:\Users\nukec\Documents\GitHub\voxelstation13\build\_deps\glm-src\doc\api\a01591.html", "HTML", 0, 0, 0, 0, 0, 0, 0, 0, 0, 0, 0, 0, 0, 153, 0, 0, 5, 6, 164
"c:\Users\nukec\Documents\GitHub\voxelstation13\build\_deps\glm-src\doc\api\a01591_source.html", "HTML", 0, 0, 0, 0, 0, 0, 0, 0, 0, 0, 0, 0, 0, 193, 0, 0, 5, 3, 201
"c:\Users\nukec\Documents\GitHub\voxelstation13\build\_deps\glm-src\doc\api\a01594.html", "HTML", 0, 0, 0, 0, 0, 0, 0, 0, 0, 0, 0, 0, 0, 102, 0, 0, 5, 6, 113
"c:\Users\nukec\Documents\GitHub\voxelstation13\build\_deps\glm-src\doc\api\a01594_source.html", "HTML", 0, 0, 0, 0, 0, 0, 0, 0, 0, 0, 0, 0, 0, 105, 0, 0, 5, 3, 113
"c:\Users\nukec\Documents\GitHub\voxelstation13\build\_deps\glm-src\doc\api\a01597.html", "HTML", 0, 0, 0, 0, 0, 0, 0, 0, 0, 0, 0, 0, 0, 81, 0, 0, 5, 6, 92
"c:\Users\nukec\Documents\GitHub\voxelstation13\build\_deps\glm-src\doc\api\a01597_source.html", "HTML", 0, 0, 0, 0, 0, 0, 0, 0, 0, 0, 0, 0, 0, 94, 0, 0, 5, 3, 102
"c:\Users\nukec\Documents\GitHub\voxelstation13\build\_deps\glm-src\doc\api\a01600.html", "HTML", 0, 0, 0, 0, 0, 0, 0, 0, 0, 0, 0, 0, 0, 1495, 0, 0, 5, 6, 1506
"c:\Users\nukec\Documents\GitHub\voxelstation13\build\_deps\glm-src\doc\api\a01600_source.html", "HTML", 0, 0, 0, 0, 0, 0, 0, 0, 0, 0, 0, 0, 0, 1375, 0, 0, 5, 3, 1383
"c:\Users\nukec\Documents\GitHub\voxelstation13\build\_deps\glm-src\doc\api\a01603.html", "HTML", 0, 0, 0, 0, 0, 0, 0, 0, 0, 0, 0, 0, 0, 707, 0, 0, 5, 6, 718
"c:\Users\nukec\Documents\GitHub\voxelstation13\build\_deps\glm-src\doc\api\a01603_source.html", "HTML", 0, 0, 0, 0, 0, 0, 0, 0, 0, 0, 0, 0, 0, 820, 0, 0, 5, 3, 828
"c:\Users\nukec\Documents\GitHub\voxelstation13\build\_deps\glm-src\doc\api\a01606.html", "HTML", 0, 0, 0, 0, 0, 0, 0, 0, 0, 0, 0, 0, 0, 121, 0, 0, 5, 6, 132
"c:\Users\nukec\Documents\GitHub\voxelstation13\build\_deps\glm-src\doc\api\a01606_source.html", "HTML", 0, 0, 0, 0, 0, 0, 0, 0, 0, 0, 0, 0, 0, 117, 0, 0, 5, 3, 125
"c:\Users\nukec\Documents\GitHub\voxelstation13\build\_deps\glm-src\doc\api\dir_382f4fd018b81be8753cb53c0a41a09a.html", "HTML", 0, 0, 0, 0, 0, 0, 0, 0, 0, 0, 0, 0, 0, 120, 0, 0, 5, 3, 128
"c:\Users\nukec\Documents\GitHub\voxelstation13\build\_deps\glm-src\doc\api\dir_50f12b6ceb23d7f6adfb377a1ae8b006.html", "HTML", 0, 0, 0, 0, 0, 0, 0, 0, 0, 0, 0, 0, 0, 78, 0, 0, 5, 3, 86
"c:\Users\nukec\Documents\GitHub\voxelstation13\build\_deps\glm-src\doc\api\dir_628fd60eb37daf5aa9a81e3983c640b7.html", "HTML", 0, 0, 0, 0, 0, 0, 0, 0, 0, 0, 0, 0, 0, 270, 0, 0, 5, 3, 278
"c:\Users\nukec\Documents\GitHub\voxelstation13\build\_deps\glm-src\doc\api\dir_63ed049134a778d525e06b63afc2c979.html", "HTML", 0, 0, 0, 0, 0, 0, 0, 0, 0, 0, 0, 0, 0, 74, 0, 0, 5, 3, 82
"c:\Users\nukec\Documents\GitHub\voxelstation13\build\_deps\glm-src\doc\api\dir_885cc87fac2d91e269af0a5a959fa5f6.html", "HTML", 0, 0, 0, 0, 0, 0, 0, 0, 0, 0, 0, 0, 0, 74, 0, 0, 5, 3, 82
"c:\Users\nukec\Documents\GitHub\voxelstation13\build\_deps\glm-src\doc\api\dir_b11711034def6a4ce452fe9c451dd3d0.html", "HTML", 0, 0, 0, 0, 0, 0, 0, 0, 0, 0, 0, 0, 0, 74, 0, 0, 5, 3, 82
"c:\Users\nukec\Documents\GitHub\voxelstation13\build\_deps\glm-src\doc\api\dir_b171cecbb853a9ee4caace490047c53f.html", "HTML", 0, 0, 0, 0, 0, 0, 0, 0, 0, 0, 0, 0, 0, 498, 0, 0, 5, 3, 506
"c:\Users\nukec\Documents\GitHub\voxelstation13\build\_deps\glm-src\doc\api\dir_c98a9ac98258ab9f831b188d66361a70.html", "HTML", 0, 0, 0, 0, 0, 0, 0, 0, 0, 0, 0, 0, 0, 74, 0, 0, 5, 3, 82
"c:\Users\nukec\Documents\GitHub\voxelstation13\build\_deps\glm-src\doc\api\dir_d9678a6a9012da969e0b059b39347945.html", "HTML", 0, 0, 0, 0, 0, 0, 0, 0, 0, 0, 0, 0, 0, 138, 0, 0, 5, 3, 146
"c:\Users\nukec\Documents\GitHub\voxelstation13\build\_deps\glm-src\doc\api\dir_fca33f1b5115d46f42c670590789c0d2.html", "HTML", 0, 0, 0, 0, 0, 0, 0, 0, 0, 0, 0, 0, 0, 143, 0, 0, 5, 3, 151
"c:\Users\nukec\Documents\GitHub\voxelstation13\build\_deps\glm-src\doc\api\doxygen.css", "PostCSS", 0, 0, 0, 0, 0, 0, 0, 0, 0, 0, 1406, 0, 0, 0, 0, 0, 44, 281, 1731
"c:\Users\nukec\Documents\GitHub\voxelstation13\build\_deps\glm-src\doc\api\dynsections.js", "JavaScript", 0, 0, 0, 0, 0, 0, 0, 0, 0, 0, 0, 0, 86, 0, 0, 0, 32, 11, 129
"c:\Users\nukec\Documents\GitHub\voxelstation13\build\_deps\glm-src\doc\api\files.html", "HTML", 0, 0, 0, 0, 0, 0, 0, 0, 0, 0, 0, 0, 0, 352, 0, 0, 5, 3, 360
"c:\Users\nukec\Documents\GitHub\voxelstation13\build\_deps\glm-src\doc\api\index.html", "HTML", 0, 0, 0, 0, 0, 0, 0, 0, 0, 0, 0, 0, 0, 76, 0, 0, 5, 3, 84
"c:\Users\nukec\Documents\GitHub\voxelstation13\build\_deps\glm-src\doc\api\jquery.js", "JavaScript", 0, 0, 0, 0, 0, 0, 0, 0, 0, 0, 0, 0, 22, 0, 0, 0, 12, 1, 35
"c:\Users\nukec\Documents\GitHub\voxelstation13\build\_deps\glm-src\doc\api\menu.js", "JavaScript", 0, 0, 0, 0, 0, 0, 0, 0, 0, 0, 0, 0, 25, 0, 0, 0, 25, 2, 52
"c:\Users\nukec\Documents\GitHub\voxelstation13\build\_deps\glm-src\doc\api\menudata.js", "JavaScript", 0, 0, 0, 0, 0, 0, 0, 0, 0, 0, 0, 0, 5, 0, 0, 0, 24, 1, 30
"c:\Users\nukec\Documents\GitHub\voxelstation13\build\_deps\glm-src\doc\api\modules.html", "HTML", 0, 0, 0, 0, 0, 0, 0, 0, 0, 0, 0, 0, 0, 257, 0, 0, 5, 3, 265
"c:\Users\nukec\Documents\GitHub\voxelstation13\build\_deps\glm-src\doc\api\search\all_0.html", "HTML", 0, 0, 0, 0, 0, 0, 0, 0, 0, 0, 0, 0, 0, 36, 0, 0, 0, 1, 37
"c:\Users\nukec\Documents\GitHub\voxelstation13\build\_deps\glm-src\doc\api\search\all_0.js", "JavaScript", 0, 0, 0, 0, 0, 0, 0, 0, 0, 0, 0, 0, 209, 0, 0, 0, 0, 1, 210
"c:\Users\nukec\Documents\GitHub\voxelstation13\build\_deps\glm-src\doc\api\search\all_1.html", "HTML", 0, 0, 0, 0, 0, 0, 0, 0, 0, 0, 0, 0, 0, 36, 0, 0, 0, 1, 37
"c:\Users\nukec\Documents\GitHub\voxelstation13\build\_deps\glm-src\doc\api\search\all_1.js", "JavaScript", 0, 0, 0, 0, 0, 0, 0, 0, 0, 0, 0, 0, 41, 0, 0, 0, 0, 1, 42
"c:\Users\nukec\Documents\GitHub\voxelstation13\build\_deps\glm-src\doc\api\search\all_10.html", "HTML", 0, 0, 0, 0, 0, 0, 0, 0, 0, 0, 0, 0, 0, 36, 0, 0, 0, 1, 37
"c:\Users\nukec\Documents\GitHub\voxelstation13\build\_deps\glm-src\doc\api\search\all_10.js", "JavaScript", 0, 0, 0, 0, 0, 0, 0, 0, 0, 0, 0, 0, 54, 0, 0, 0, 0, 1, 55
"c:\Users\nukec\Documents\GitHub\voxelstation13\build\_deps\glm-src\doc\api\search\all_11.html", "HTML", 0, 0, 0, 0, 0, 0, 0, 0, 0, 0, 0, 0, 0, 36, 0, 0, 0, 1, 37
"c:\Users\nukec\Documents\GitHub\voxelstation13\build\_deps\glm-src\doc\api\search\all_11.js", "JavaScript", 0, 0, 0, 0, 0, 0, 0, 0, 0, 0, 0, 0, 42, 0, 0, 0, 0, 1, 43
"c:\Users\nukec\Documents\GitHub\voxelstation13\build\_deps\glm-src\doc\api\search\all_12.html", "HTML", 0, 0, 0, 0, 0, 0, 0, 0, 0, 0, 0, 0, 0, 36, 0, 0, 0, 1, 37
"c:\Users\nukec\Documents\GitHub\voxelstation13\build\_deps\glm-src\doc\api\search\all_12.js", "JavaScript", 0, 0, 0, 0, 0, 0, 0, 0, 0, 0, 0, 0, 145, 0, 0, 0, 0, 1, 146
"c:\Users\nukec\Documents\GitHub\voxelstation13\build\_deps\glm-src\doc\api\search\all_13.html", "HTML", 0, 0, 0, 0, 0, 0, 0, 0, 0, 0, 0, 0, 0, 36, 0, 0, 0, 1, 37
"c:\Users\nukec\Documents\GitHub\voxelstation13\build\_deps\glm-src\doc\api\search\all_13.js", "JavaScript", 0, 0, 0, 0, 0, 0, 0, 0, 0, 0, 0, 0, 64, 0, 0, 0, 0, 1, 65
"c:\Users\nukec\Documents\GitHub\voxelstation13\build\_deps\glm-src\doc\api\search\all_14.html", "HTML", 0, 0, 0, 0, 0, 0, 0, 0, 0, 0, 0, 0, 0, 36, 0, 0, 0, 1, 37
"c:\Users\nukec\Documents\GitHub\voxelstation13\build\_deps\glm-src\doc\api\search\all_14.js", "JavaScript", 0, 0, 0, 0, 0, 0, 0, 0, 0, 0, 0, 0, 6, 0, 0, 0, 0, 1, 7
"c:\Users\nukec\Documents\GitHub\voxelstation13\build\_deps\glm-src\doc\api\search\all_15.html", "HTML", 0, 0, 0, 0, 0, 0, 0, 0, 0, 0, 0, 0, 0, 36, 0, 0, 0, 1, 37
"c:\Users\nukec\Documents\GitHub\voxelstation13\build\_deps\glm-src\doc\api\search\all_15.js", "JavaScript", 0, 0, 0, 0, 0, 0, 0, 0, 0, 0, 0, 0, 7, 0, 0, 0, 0, 1, 8
"c:\Users\nukec\Documents\GitHub\voxelstation13\build\_deps\glm-src\doc\api\search\all_16.html", "HTML", 0, 0, 0, 0, 0, 0, 0, 0, 0, 0, 0, 0, 0, 36, 0, 0, 0, 1, 37
"c:\Users\nukec\Documents\GitHub\voxelstation13\build\_deps\glm-src\doc\api\search\all_16.js", "JavaScript", 0, 0, 0, 0, 0, 0, 0, 0, 0, 0, 0, 0, 4, 0, 0, 0, 0, 1, 5
"c:\Users\nukec\Documents\GitHub\voxelstation13\build\_deps\glm-src\doc\api\search\all_2.html", "HTML", 0, 0, 0, 0, 0, 0, 0, 0, 0, 0, 0, 0, 0, 36, 0, 0, 0, 1, 37
"c:\Users\nukec\Documents\GitHub\voxelstation13\build\_deps\glm-src\doc\api\search\all_2.js", "JavaScript", 0, 0, 0, 0, 0, 0, 0, 0, 0, 0, 0, 0, 53, 0, 0, 0, 0, 1, 54
"c:\Users\nukec\Documents\GitHub\voxelstation13\build\_deps\glm-src\doc\api\search\all_3.html", "HTML", 0, 0, 0, 0, 0, 0, 0, 0, 0, 0, 0, 0, 0, 36, 0, 0, 0, 1, 37
"c:\Users\nukec\Documents\GitHub\voxelstation13\build\_deps\glm-src\doc\api\search\all_3.js", "JavaScript", 0, 0, 0, 0, 0, 0, 0, 0, 0, 0, 0, 0, 59, 0, 0, 0, 0, 1, 60
"c:\Users\nukec\Documents\GitHub\voxelstation13\build\_deps\glm-src\doc\api\search\all_4.html", "HTML", 0, 0, 0, 0, 0, 0, 0, 0, 0, 0, 0, 0, 0, 36, 0, 0, 0, 1, 37
"c:\Users\nukec\Documents\GitHub\voxelstation13\build\_deps\glm-src\doc\api\search\all_4.js", "JavaScript", 0, 0, 0, 0, 0, 0, 0, 0, 0, 0, 0, 0, 69, 0, 0, 0, 0, 1, 70
"c:\Users\nukec\Documents\GitHub\voxelstation13\build\_deps\glm-src\doc\api\search\all_5.html", "HTML", 0, 0, 0, 0, 0, 0, 0, 0, 0, 0, 0, 0, 0, 36, 0, 0, 0, 1, 37
"c:\Users\nukec\Documents\GitHub\voxelstation13\build\_deps\glm-src\doc\api\search\all_5.js", "JavaScript", 0, 0, 0, 0, 0, 0, 0, 0, 0, 0, 0, 0, 134, 0, 0, 0, 0, 1, 135
"c:\Users\nukec\Documents\GitHub\voxelstation13\build\_deps\glm-src\doc\api\search\all_6.html", "HTML", 0, 0, 0, 0, 0, 0, 0, 0, 0, 0, 0, 0, 0, 36, 0, 0, 0, 1, 37
"c:\Users\nukec\Documents\GitHub\voxelstation13\build\_deps\glm-src\doc\api\search\all_6.js", "JavaScript", 0, 0, 0, 0, 0, 0, 0, 0, 0, 0, 0, 0, 188, 0, 0, 0, 0, 1, 189
"c:\Users\nukec\Documents\GitHub\voxelstation13\build\_deps\glm-src\doc\api\search\all_7.html", "HTML", 0, 0, 0, 0, 0, 0, 0, 0, 0, 0, 0, 0, 0, 36, 0, 0, 0, 1, 37
"c:\Users\nukec\Documents\GitHub\voxelstation13\build\_deps\glm-src\doc\api\search\all_7.js", "JavaScript", 0, 0, 0, 0, 0, 0, 0, 0, 0, 0, 0, 0, 194, 0, 0, 0, 0, 1, 195
"c:\Users\nukec\Documents\GitHub\voxelstation13\build\_deps\glm-src\doc\api\search\all_8.html", "HTML", 0, 0, 0, 0, 0, 0, 0, 0, 0, 0, 0, 0, 0, 36, 0, 0, 0, 1, 37
"c:\Users\nukec\Documents\GitHub\voxelstation13\build\_deps\glm-src\doc\api\search\all_8.js", "JavaScript", 0, 0, 0, 0, 0, 0, 0, 0, 0, 0, 0, 0, 141, 0, 0, 0, 0, 1, 142
"c:\Users\nukec\Documents\GitHub\voxelstation13\build\_deps\glm-src\doc\api\search\all_9.html", "HTML", 0, 0, 0, 0, 0, 0, 0, 0, 0, 0, 0, 0, 0, 36, 0, 0, 0, 1, 37
"c:\Users\nukec\Documents\GitHub\voxelstation13\build\_deps\glm-src\doc\api\search\all_9.js", "JavaScript", 0, 0, 0, 0, 0, 0, 0, 0, 0, 0, 0, 0, 214, 0, 0, 0, 0, 1, 215
"c:\Users\nukec\Documents\GitHub\voxelstation13\build\_deps\glm-src\doc\api\search\all_a.html", "HTML", 0, 0, 0, 0, 0, 0, 0, 0, 0, 0, 0, 0, 0, 36, 0, 0, 0, 1, 37
"c:\Users\nukec\Documents\GitHub\voxelstation13\build\_deps\glm-src\doc\api\search\all_a.js", "JavaScript", 0, 0, 0, 0, 0, 0, 0, 0, 0, 0, 0, 0, 330, 0, 0, 0, 0, 1, 331
"c:\Users\nukec\Documents\GitHub\voxelstation13\build\_deps\glm-src\doc\api\search\all_b.html", "HTML", 0, 0, 0, 0, 0, 0, 0, 0, 0, 0, 0, 0, 0, 36, 0, 0, 0, 1, 37
"c:\Users\nukec\Documents\GitHub\voxelstation13\build\_deps\glm-src\doc\api\search\all_b.js", "JavaScript", 0, 0, 0, 0, 0, 0, 0, 0, 0, 0, 0, 0, 17, 0, 0, 0, 0, 1, 18
"c:\Users\nukec\Documents\GitHub\voxelstation13\build\_deps\glm-src\doc\api\search\all_c.html", "HTML", 0, 0, 0, 0, 0, 0, 0, 0, 0, 0, 0, 0, 0, 36, 0, 0, 0, 1, 37
"c:\Users\nukec\Documents\GitHub\voxelstation13\build\_deps\glm-src\doc\api\search\all_c.js", "JavaScript", 0, 0, 0, 0, 0, 0, 0, 0, 0, 0, 0, 0, 27, 0, 0, 0, 0, 1, 28
"c:\Users\nukec\Documents\GitHub\voxelstation13\build\_deps\glm-src\doc\api\search\all_d.html", "HTML", 0, 0, 0, 0, 0, 0, 0, 0, 0, 0, 0, 0, 0, 36, 0, 0, 0, 1, 37
"c:\Users\nukec\Documents\GitHub\voxelstation13\build\_deps\glm-src\doc\api\search\all_d.js", "JavaScript", 0, 0, 0, 0, 0, 0, 0, 0, 0, 0, 0, 0, 266, 0, 0, 0, 0, 1, 267
"c:\Users\nukec\Documents\GitHub\voxelstation13\build\_deps\glm-src\doc\api\search\all_e.html", "HTML", 0, 0, 0, 0, 0, 0, 0, 0, 0, 0, 0, 0, 0, 36, 0, 0, 0, 1, 37
"c:\Users\nukec\Documents\GitHub\voxelstation13\build\_deps\glm-src\doc\api\search\all_e.js", "JavaScript", 0, 0, 0, 0, 0, 0, 0, 0, 0, 0, 0, 0, 31, 0, 0, 0, 0, 1, 32
"c:\Users\nukec\Documents\GitHub\voxelstation13\build\_deps\glm-src\doc\api\search\all_f.html", "HTML", 0, 0, 0, 0, 0, 0, 0, 0, 0, 0, 0, 0, 0, 36, 0, 0, 0, 1, 37
"c:\Users\nukec\Documents\GitHub\voxelstation13\build\_deps\glm-src\doc\api\search\all_f.js", "JavaScript", 0, 0, 0, 0, 0, 0, 0, 0, 0, 0, 0, 0, 43, 0, 0, 0, 0, 1, 44
"c:\Users\nukec\Documents\GitHub\voxelstation13\build\_deps\glm-src\doc\api\search\files_0.html", "HTML", 0, 0, 0, 0, 0, 0, 0, 0, 0, 0, 0, 0, 0, 36, 0, 0, 0, 1, 37
"c:\Users\nukec\Documents\GitHub\voxelstation13\build\_deps\glm-src\doc\api\search\files_0.js", "JavaScript", 0, 0, 0, 0, 0, 0, 0, 0, 0, 0, 0, 0, 4, 0, 0, 0, 0, 1, 5
"c:\Users\nukec\Documents\GitHub\voxelstation13\build\_deps\glm-src\doc\api\search\files_1.html", "HTML", 0, 0, 0, 0, 0, 0, 0, 0, 0, 0, 0, 0, 0, 36, 0, 0, 0, 1, 37
"c:\Users\nukec\Documents\GitHub\voxelstation13\build\_deps\glm-src\doc\api\search\files_1.js", "JavaScript", 0, 0, 0, 0, 0, 0, 0, 0, 0, 0, 0, 0, 5, 0, 0, 0, 0, 1, 6
"c:\Users\nukec\Documents\GitHub\voxelstation13\build\_deps\glm-src\doc\api\search\files_10.html", "HTML", 0, 0, 0, 0, 0, 0, 0, 0, 0, 0, 0, 0, 0, 36, 0, 0, 0, 1, 37
"c:\Users\nukec\Documents\GitHub\voxelstation13\build\_deps\glm-src\doc\api\search\files_10.js", "JavaScript", 0, 0, 0, 0, 0, 0, 0, 0, 0, 0, 0, 0, 15, 0, 0, 0, 0, 1, 16
"c:\Users\nukec\Documents\GitHub\voxelstation13\build\_deps\glm-src\doc\api\search\files_11.html", "HTML", 0, 0, 0, 0, 0, 0, 0, 0, 0, 0, 0, 0, 0, 36, 0, 0, 0, 1, 37
"c:\Users\nukec\Documents\GitHub\voxelstation13\build\_deps\glm-src\doc\api\search\files_11.js", "JavaScript", 0, 0, 0, 0, 0, 0, 0, 0, 0, 0, 0, 0, 24, 0, 0, 0, 0, 1, 25
"c:\Users\nukec\Documents\GitHub\voxelstation13\build\_deps\glm-src\doc\api\search\files_12.html", "HTML", 0, 0, 0, 0, 0, 0, 0, 0, 0, 0, 0, 0, 0, 36, 0, 0, 0, 1, 37
"c:\Users\nukec\Documents\GitHub\voxelstation13\build\_deps\glm-src\doc\api\search\files_12.js", "JavaScript", 0, 0, 0, 0, 0, 0, 0, 0, 0, 0, 0, 0, 4, 0, 0, 0, 0, 1, 5
"c:\Users\nukec\Documents\GitHub\voxelstation13\build\_deps\glm-src\doc\api\search\files_13.html", "HTML", 0, 0, 0, 0, 0, 0, 0, 0, 0, 0, 0, 0, 0, 36, 0, 0, 0, 1, 37
"c:\Users\nukec\Documents\GitHub\voxelstation13\build\_deps\glm-src\doc\api\search\files_13.js", "JavaScript", 0, 0, 0, 0, 0, 0, 0, 0, 0, 0, 0, 0, 56, 0, 0, 0, 0, 1, 57
"c:\Users\nukec\Documents\GitHub\voxelstation13\build\_deps\glm-src\doc\api\search\files_14.html", "HTML", 0, 0, 0, 0, 0, 0, 0, 0, 0, 0, 0, 0, 0, 36, 0, 0, 0, 1, 37
"c:\Users\nukec\Documents\GitHub\voxelstation13\build\_deps\glm-src\doc\api\search\files_14.js", "JavaScript", 0, 0, 0, 0, 0, 0, 0, 0, 0, 0, 0, 0, 4, 0, 0, 0, 0, 1, 5
"c:\Users\nukec\Documents\GitHub\voxelstation13\build\_deps\glm-src\doc\api\search\files_2.html", "HTML", 0, 0, 0, 0, 0, 0, 0, 0, 0, 0, 0, 0, 0, 36, 0, 0, 0, 1, 37
"c:\Users\nukec\Documents\GitHub\voxelstation13\build\_deps\glm-src\doc\api\search\files_2.js", "JavaScript", 0, 0, 0, 0, 0, 0, 0, 0, 0, 0, 0, 0, 10, 0, 0, 0, 0, 1, 11
"c:\Users\nukec\Documents\GitHub\voxelstation13\build\_deps\glm-src\doc\api\search\files_3.html", "HTML", 0, 0, 0, 0, 0, 0, 0, 0, 0, 0, 0, 0, 0, 36, 0, 0, 0, 1, 37
"c:\Users\nukec\Documents\GitHub\voxelstation13\build\_deps\glm-src\doc\api\search\files_3.js", "JavaScript", 0, 0, 0, 0, 0, 0, 0, 0, 0, 0, 0, 0, 4, 0, 0, 0, 0, 1, 5
"c:\Users\nukec\Documents\GitHub\voxelstation13\build\_deps\glm-src\doc\api\search\files_4.html", "HTML", 0, 0, 0, 0, 0, 0, 0, 0, 0, 0, 0, 0, 0, 36, 0, 0, 0, 1, 37
"c:\Users\nukec\Documents\GitHub\voxelstation13\build\_deps\glm-src\doc\api\search\files_4.js", "JavaScript", 0, 0, 0, 0, 0, 0, 0, 0, 0, 0, 0, 0, 15, 0, 0, 0, 0, 1, 16
"c:\Users\nukec\Documents\GitHub\voxelstation13\build\_deps\glm-src\doc\api\search\files_5.html", "HTML", 0, 0, 0, 0, 0, 0, 0, 0, 0, 0, 0, 0, 0, 36, 0, 0, 0, 1, 37
"c:\Users\nukec\Documents\GitHub\voxelstation13\build\_deps\glm-src\doc\api\search\files_5.js", "JavaScript", 0, 0, 0, 0, 0, 0, 0, 0, 0, 0, 0, 0, 7, 0, 0, 0, 0, 1, 8
"c:\Users\nukec\Documents\GitHub\voxelstation13\build\_deps\glm-src\doc\api\search\files_6.html", "HTML", 0, 0, 0, 0, 0, 0, 0, 0, 0, 0, 0, 0, 0, 36, 0, 0, 0, 1, 37
"c:\Users\nukec\Documents\GitHub\voxelstation13\build\_deps\glm-src\doc\api\search\files_6.js", "JavaScript", 0, 0, 0, 0, 0, 0, 0, 0, 0, 0, 0, 0, 14, 0, 0, 0, 0, 1, 15
"c:\Users\nukec\Documents\GitHub\voxelstation13\build\_deps\glm-src\doc\api\search\files_7.html", "HTML", 0, 0, 0, 0, 0, 0, 0, 0, 0, 0, 0, 0, 0, 36, 0, 0, 0, 1, 37
"c:\Users\nukec\Documents\GitHub\voxelstation13\build\_deps\glm-src\doc\api\search\files_7.js", "JavaScript", 0, 0, 0, 0, 0, 0, 0, 0, 0, 0, 0, 0, 5, 0, 0, 0, 0, 1, 6
"c:\Users\nukec\Documents\GitHub\voxelstation13\build\_deps\glm-src\doc\api\search\files_8.html", "HTML", 0, 0, 0, 0, 0, 0, 0, 0, 0, 0, 0, 0, 0, 36, 0, 0, 0, 1, 37
"c:\Users\nukec\Documents\GitHub\voxelstation13\build\_deps\glm-src\doc\api\search\files_8.js", "JavaScript", 0, 0, 0, 0, 0, 0, 0, 0, 0, 0, 0, 0, 6, 0, 0, 0, 0, 1, 7
"c:\Users\nukec\Documents\GitHub\voxelstation13\build\_deps\glm-src\doc\api\search\files_9.html", "HTML", 0, 0, 0, 0, 0, 0, 0, 0, 0, 0, 0, 0, 0, 36, 0, 0, 0, 1, 37
"c:\Users\nukec\Documents\GitHub\voxelstation13\build\_deps\glm-src\doc\api\search\files_9.js", "JavaScript", 0, 0, 0, 0, 0, 0, 0, 0, 0, 0, 0, 0, 4, 0, 0, 0, 0, 1, 5
"c:\Users\nukec\Documents\GitHub\voxelstation13\build\_deps\glm-src\doc\api\search\files_a.html", "HTML", 0, 0, 0, 0, 0, 0, 0, 0, 0, 0, 0, 0, 0, 36, 0, 0, 0, 1, 37
"c:\Users\nukec\Documents\GitHub\voxelstation13\build\_deps\glm-src\doc\api\search\files_a.js", "JavaScript", 0, 0, 0, 0, 0, 0, 0, 0, 0, 0, 0, 0, 97, 0, 0, 0, 0, 1, 98
"c:\Users\nukec\Documents\GitHub\voxelstation13\build\_deps\glm-src\doc\api\search\files_b.html", "HTML", 0, 0, 0, 0, 0, 0, 0, 0, 0, 0, 0, 0, 0, 36, 0, 0, 0, 1, 37
"c:\Users\nukec\Documents\GitHub\voxelstation13\build\_deps\glm-src\doc\api\search\files_b.js", "JavaScript", 0, 0, 0, 0, 0, 0, 0, 0, 0, 0, 0, 0, 8, 0, 0, 0, 0, 1, 9
"c:\Users\nukec\Documents\GitHub\voxelstation13\build\_deps\glm-src\doc\api\search\files_c.html", "HTML", 0, 0, 0, 0, 0, 0, 0, 0, 0, 0, 0, 0, 0, 36, 0, 0, 0, 1, 37
"c:\Users\nukec\Documents\GitHub\voxelstation13\build\_deps\glm-src\doc\api\search\files_c.js", "JavaScript", 0, 0, 0, 0, 0, 0, 0, 0, 0, 0, 0, 0, 5, 0, 0, 0, 0, 1, 6
"c:\Users\nukec\Documents\GitHub\voxelstation13\build\_deps\glm-src\doc\api\search\files_d.html", "HTML", 0, 0, 0, 0, 0, 0, 0, 0, 0, 0, 0, 0, 0, 36, 0, 0, 0, 1, 37
"c:\Users\nukec\Documents\GitHub\voxelstation13\build\_deps\glm-src\doc\api\search\files_d.js", "JavaScript", 0, 0, 0, 0, 0, 0, 0, 0, 0, 0, 0, 0, 8, 0, 0, 0, 0, 1, 9
"c:\Users\nukec\Documents\GitHub\voxelstation13\build\_deps\glm-src\doc\api\search\files_e.html", "HTML", 0, 0, 0, 0, 0, 0, 0, 0, 0, 0, 0, 0, 0, 36, 0, 0, 0, 1, 37
"c:\Users\nukec\Documents\GitHub\voxelstation13\build\_deps\glm-src\doc\api\search\files_e.js", "JavaScript", 0, 0, 0, 0, 0, 0, 0, 0, 0, 0, 0, 0, 13, 0, 0, 0, 0, 1, 14
"c:\Users\nukec\Documents\GitHub\voxelstation13\build\_deps\glm-src\doc\api\search\files_f.html", "HTML", 0, 0, 0, 0, 0, 0, 0, 0, 0, 0, 0, 0, 0, 36, 0, 0, 0, 1, 37
"c:\Users\nukec\Documents\GitHub\voxelstation13\build\_deps\glm-src\doc\api\search\files_f.js", "JavaScript", 0, 0, 0, 0, 0, 0, 0, 0, 0, 0, 0, 0, 10, 0, 0, 0, 0, 1, 11
"c:\Users\nukec\Documents\GitHub\voxelstation13\build\_deps\glm-src\doc\api\search\functions_0.html", "HTML", 0, 0, 0, 0, 0, 0, 0, 0, 0, 0, 0, 0, 0, 36, 0, 0, 0, 1, 37
"c:\Users\nukec\Documents\GitHub\voxelstation13\build\_deps\glm-src\doc\api\search\functions_0.js", "JavaScript", 0, 0, 0, 0, 0, 0, 0, 0, 0, 0, 0, 0, 31, 0, 0, 0, 0, 1, 32
"c:\Users\nukec\Documents\GitHub\voxelstation13\build\_deps\glm-src\doc\api\search\functions_1.html", "HTML", 0, 0, 0, 0, 0, 0, 0, 0, 0, 0, 0, 0, 0, 36, 0, 0, 0, 1, 37
"c:\Users\nukec\Documents\GitHub\voxelstation13\build\_deps\glm-src\doc\api\search\functions_1.js", "JavaScript", 0, 0, 0, 0, 0, 0, 0, 0, 0, 0, 0, 0, 20, 0, 0, 0, 0, 1, 21
"c:\Users\nukec\Documents\GitHub\voxelstation13\build\_deps\glm-src\doc\api\search\functions_10.html", "HTML", 0, 0, 0, 0, 0, 0, 0, 0, 0, 0, 0, 0, 0, 36, 0, 0, 0, 1, 37
"c:\Users\nukec\Documents\GitHub\voxelstation13\build\_deps\glm-src\doc\api\search\functions_10.js", "JavaScript", 0, 0, 0, 0, 0, 0, 0, 0, 0, 0, 0, 0, 32, 0, 0, 0, 0, 1, 33
"c:\Users\nukec\Documents\GitHub\voxelstation13\build\_deps\glm-src\doc\api\search\functions_11.html", "HTML", 0, 0, 0, 0, 0, 0, 0, 0, 0, 0, 0, 0, 0, 36, 0, 0, 0, 1, 37
"c:\Users\nukec\Documents\GitHub\voxelstation13\build\_deps\glm-src\doc\api\search\functions_11.js", "JavaScript", 0, 0, 0, 0, 0, 0, 0, 0, 0, 0, 0, 0, 21, 0, 0, 0, 0, 1, 22
"c:\Users\nukec\Documents\GitHub\voxelstation13\build\_deps\glm-src\doc\api\search\functions_12.html", "HTML", 0, 0, 0, 0, 0, 0, 0, 0, 0, 0, 0, 0, 0, 36, 0, 0, 0, 1, 37
"c:\Users\nukec\Documents\GitHub\voxelstation13\build\_deps\glm-src\doc\api\search\functions_12.js", "JavaScript", 0, 0, 0, 0, 0, 0, 0, 0, 0, 0, 0, 0, 52, 0, 0, 0, 0, 1, 53
"c:\Users\nukec\Documents\GitHub\voxelstation13\build\_deps\glm-src\doc\api\search\functions_13.html", "HTML", 0, 0, 0, 0, 0, 0, 0, 0, 0, 0, 0, 0, 0, 36, 0, 0, 0, 1, 37
"c:\Users\nukec\Documents\GitHub\voxelstation13\build\_deps\glm-src\doc\api\search\functions_13.js", "JavaScript", 0, 0, 0, 0, 0, 0, 0, 0, 0, 0, 0, 0, 4, 0, 0, 0, 0, 1, 5
"c:\Users\nukec\Documents\GitHub\voxelstation13\build\_deps\glm-src\doc\api\search\functions_14.html", "HTML", 0, 0, 0, 0, 0, 0, 0, 0, 0, 0, 0, 0, 0, 36, 0, 0, 0, 1, 37
"c:\Users\nukec\Documents\GitHub\voxelstation13\build\_deps\glm-src\doc\api\search\functions_14.js", "JavaScript", 0, 0, 0, 0, 0, 0, 0, 0, 0, 0, 0, 0, 4, 0, 0, 0, 0, 1, 5
"c:\Users\nukec\Documents\GitHub\voxelstation13\build\_deps\glm-src\doc\api\search\functions_15.html", "HTML", 0, 0, 0, 0, 0, 0, 0, 0, 0, 0, 0, 0, 0, 36, 0, 0, 0, 1, 37
"c:\Users\nukec\Documents\GitHub\voxelstation13\build\_deps\glm-src\doc\api\search\functions_15.js", "JavaScript", 0, 0, 0, 0, 0, 0, 0, 0, 0, 0, 0, 0, 7, 0, 0, 0, 0, 1, 8
"c:\Users\nukec\Documents\GitHub\voxelstation13\build\_deps\glm-src\doc\api\search\functions_16.html", "HTML", 0, 0, 0, 0, 0, 0, 0, 0, 0, 0, 0, 0, 0, 36, 0, 0, 0, 1, 37
"c:\Users\nukec\Documents\GitHub\voxelstation13\build\_deps\glm-src\doc\api\search\functions_16.js", "JavaScript", 0, 0, 0, 0, 0, 0, 0, 0, 0, 0, 0, 0, 4, 0, 0, 0, 0, 1, 5
"c:\Users\nukec\Documents\GitHub\voxelstation13\build\_deps\glm-src\doc\api\search\functions_2.html", "HTML", 0, 0, 0, 0, 0, 0, 0, 0, 0, 0, 0, 0, 0, 36, 0, 0, 0, 1, 37
"c:\Users\nukec\Documents\GitHub\voxelstation13\build\_deps\glm-src\doc\api\search\functions_2.js", "JavaScript", 0, 0, 0, 0, 0, 0, 0, 0, 0, 0, 0, 0, 44, 0, 0, 0, 0, 1, 45
"c:\Users\nukec\Documents\GitHub\voxelstation13\build\_deps\glm-src\doc\api\search\functions_3.html", "HTML", 0, 0, 0, 0, 0, 0, 0, 0, 0, 0, 0, 0, 0, 36, 0, 0, 0, 1, 37
"c:\Users\nukec\Documents\GitHub\voxelstation13\build\_deps\glm-src\doc\api\search\functions_3.js", "JavaScript", 0, 0, 0, 0, 0, 0, 0, 0, 0, 0, 0, 0, 24, 0, 0, 0, 0, 1, 25
"c:\Users\nukec\Documents\GitHub\voxelstation13\build\_deps\glm-src\doc\api\search\functions_4.html", "HTML", 0, 0, 0, 0, 0, 0, 0, 0, 0, 0, 0, 0, 0, 36, 0, 0, 0, 1, 37
"c:\Users\nukec\Documents\GitHub\voxelstation13\build\_deps\glm-src\doc\api\search\functions_4.js", "JavaScript", 0, 0, 0, 0, 0, 0, 0, 0, 0, 0, 0, 0, 55, 0, 0, 0, 0, 1, 56
"c:\Users\nukec\Documents\GitHub\voxelstation13\build\_deps\glm-src\doc\api\search\functions_5.html", "HTML", 0, 0, 0, 0, 0, 0, 0, 0, 0, 0, 0, 0, 0, 36, 0, 0, 0, 1, 37
"c:\Users\nukec\Documents\GitHub\voxelstation13\build\_deps\glm-src\doc\api\search\functions_5.js", "JavaScript", 0, 0, 0, 0, 0, 0, 0, 0, 0, 0, 0, 0, 54, 0, 0, 0, 0, 1, 55
"c:\Users\nukec\Documents\GitHub\voxelstation13\build\_deps\glm-src\doc\api\search\functions_6.html", "HTML", 0, 0, 0, 0, 0, 0, 0, 0, 0, 0, 0, 0, 0, 36, 0, 0, 0, 1, 37
"c:\Users\nukec\Documents\GitHub\voxelstation13\build\_deps\glm-src\doc\api\search\functions_6.js", "JavaScript", 0, 0, 0, 0, 0, 0, 0, 0, 0, 0, 0, 0, 9, 0, 0, 0, 0, 1, 10
"c:\Users\nukec\Documents\GitHub\voxelstation13\build\_deps\glm-src\doc\api\search\functions_7.html", "HTML", 0, 0, 0, 0, 0, 0, 0, 0, 0, 0, 0, 0, 0, 36, 0, 0, 0, 1, 37
"c:\Users\nukec\Documents\GitHub\voxelstation13\build\_deps\glm-src\doc\api\search\functions_7.js", "JavaScript", 0, 0, 0, 0, 0, 0, 0, 0, 0, 0, 0, 0, 7, 0, 0, 0, 0, 1, 8
"c:\Users\nukec\Documents\GitHub\voxelstation13\build\_deps\glm-src\doc\api\search\functions_8.html", "HTML", 0, 0, 0, 0, 0, 0, 0, 0, 0, 0, 0, 0, 0, 36, 0, 0, 0, 1, 37
"c:\Users\nukec\Documents\GitHub\voxelstation13\build\_deps\glm-src\doc\api\search\functions_8.js", "JavaScript", 0, 0, 0, 0, 0, 0, 0, 0, 0, 0, 0, 0, 31, 0, 0, 0, 0, 1, 32
"c:\Users\nukec\Documents\GitHub\voxelstation13\build\_deps\glm-src\doc\api\search\functions_9.html", "HTML", 0, 0, 0, 0, 0, 0, 0, 0, 0, 0, 0, 0, 0, 36, 0, 0, 0, 1, 37
"c:\Users\nukec\Documents\GitHub\voxelstation13\build\_deps\glm-src\doc\api\search\functions_9.js", "JavaScript", 0, 0, 0, 0, 0, 0, 0, 0, 0, 0, 0, 0, 28, 0, 0, 0, 0, 1, 29
"c:\Users\nukec\Documents\GitHub\voxelstation13\build\_deps\glm-src\doc\api\search\functions_a.html", "HTML", 0, 0, 0, 0, 0, 0, 0, 0, 0, 0, 0, 0, 0, 36, 0, 0, 0, 1, 37
"c:\Users\nukec\Documents\GitHub\voxelstation13\build\_deps\glm-src\doc\api\search\functions_a.js", "JavaScript", 0, 0, 0, 0, 0, 0, 0, 0, 0, 0, 0, 0, 36, 0, 0, 0, 0, 1, 37
"c:\Users\nukec\Documents\GitHub\voxelstation13\build\_deps\glm-src\doc\api\search\functions_b.html", "HTML", 0, 0, 0, 0, 0, 0, 0, 0, 0, 0, 0, 0, 0, 36, 0, 0, 0, 1, 37
"c:\Users\nukec\Documents\GitHub\voxelstation13\build\_deps\glm-src\doc\api\search\functions_b.js", "JavaScript", 0, 0, 0, 0, 0, 0, 0, 0, 0, 0, 0, 0, 12, 0, 0, 0, 0, 1, 13
"c:\Users\nukec\Documents\GitHub\voxelstation13\build\_deps\glm-src\doc\api\search\functions_c.html", "HTML", 0, 0, 0, 0, 0, 0, 0, 0, 0, 0, 0, 0, 0, 36, 0, 0, 0, 1, 37
"c:\Users\nukec\Documents\GitHub\voxelstation13\build\_deps\glm-src\doc\api\search\functions_c.js", "JavaScript", 0, 0, 0, 0, 0, 0, 0, 0, 0, 0, 0, 0, 24, 0, 0, 0, 0, 1, 25
"c:\Users\nukec\Documents\GitHub\voxelstation13\build\_deps\glm-src\doc\api\search\functions_d.html", "HTML", 0, 0, 0, 0, 0, 0, 0, 0, 0, 0, 0, 0, 0, 36, 0, 0, 0, 1, 37
"c:\Users\nukec\Documents\GitHub\voxelstation13\build\_deps\glm-src\doc\api\search\functions_d.js", "JavaScript", 0, 0, 0, 0, 0, 0, 0, 0, 0, 0, 0, 0, 85, 0, 0, 0, 0, 1, 86
"c:\Users\nukec\Documents\GitHub\voxelstation13\build\_deps\glm-src\doc\api\search\functions_e.html", "HTML", 0, 0, 0, 0, 0, 0, 0, 0, 0, 0, 0, 0, 0, 36, 0, 0, 0, 1, 37
"c:\Users\nukec\Documents\GitHub\voxelstation13\build\_deps\glm-src\doc\api\search\functions_e.js", "JavaScript", 0, 0, 0, 0, 0, 0, 0, 0, 0, 0, 0, 0, 19, 0, 0, 0, 0, 1, 20
"c:\Users\nukec\Documents\GitHub\voxelstation13\build\_deps\glm-src\doc\api\search\functions_f.html", "HTML", 0, 0, 0, 0, 0, 0, 0, 0, 0, 0, 0, 0, 0, 36, 0, 0, 0, 1, 37
"c:\Users\nukec\Documents\GitHub\voxelstation13\build\_deps\glm-src\doc\api\search\functions_f.js", "JavaScript", 0, 0, 0, 0, 0, 0, 0, 0, 0, 0, 0, 0, 35, 0, 0, 0, 0, 1, 36
"c:\Users\nukec\Documents\GitHub\voxelstation13\build\_deps\glm-src\doc\api\search\groups_0.html", "HTML", 0, 0, 0, 0, 0, 0, 0, 0, 0, 0, 0, 0, 0, 36, 0, 0, 0, 1, 37
"c:\Users\nukec\Documents\GitHub\voxelstation13\build\_deps\glm-src\doc\api\search\groups_0.js", "JavaScript", 0, 0, 0, 0, 0, 0, 0, 0, 0, 0, 0, 0, 4, 0, 0, 0, 0, 1, 5
"c:\Users\nukec\Documents\GitHub\voxelstation13\build\_deps\glm-src\doc\api\search\groups_1.html", "HTML", 0, 0, 0, 0, 0, 0, 0, 0, 0, 0, 0, 0, 0, 36, 0, 0, 0, 1, 37
"c:\Users\nukec\Documents\GitHub\voxelstation13\build\_deps\glm-src\doc\api\search\groups_1.js", "JavaScript", 0, 0, 0, 0, 0, 0, 0, 0, 0, 0, 0, 0, 5, 0, 0, 0, 0, 1, 6
"c:\Users\nukec\Documents\GitHub\voxelstation13\build\_deps\glm-src\doc\api\search\groups_2.html", "HTML", 0, 0, 0, 0, 0, 0, 0, 0, 0, 0, 0, 0, 0, 36, 0, 0, 0, 1, 37
"c:\Users\nukec\Documents\GitHub\voxelstation13\build\_deps\glm-src\doc\api\search\groups_2.js", "JavaScript", 0, 0, 0, 0, 0, 0, 0, 0, 0, 0, 0, 0, 5, 0, 0, 0, 0, 1, 6
"c:\Users\nukec\Documents\GitHub\voxelstation13\build\_deps\glm-src\doc\api\search\groups_3.html", "HTML", 0, 0, 0, 0, 0, 0, 0, 0, 0, 0, 0, 0, 0, 36, 0, 0, 0, 1, 37
"c:\Users\nukec\Documents\GitHub\voxelstation13\build\_deps\glm-src\doc\api\search\groups_3.js", "JavaScript", 0, 0, 0, 0, 0, 0, 0, 0, 0, 0, 0, 0, 4, 0, 0, 0, 0, 1, 5
"c:\Users\nukec\Documents\GitHub\voxelstation13\build\_deps\glm-src\doc\api\search\groups_4.html", "HTML", 0, 0, 0, 0, 0, 0, 0, 0, 0, 0, 0, 0, 0, 36, 0, 0, 0, 1, 37
"c:\Users\nukec\Documents\GitHub\voxelstation13\build\_deps\glm-src\doc\api\search\groups_4.js", "JavaScript", 0, 0, 0, 0, 0, 0, 0, 0, 0, 0, 0, 0, 171, 0, 0, 0, 0, 1, 172
"c:\Users\nukec\Documents\GitHub\voxelstation13\build\_deps\glm-src\doc\api\search\groups_5.html", "HTML", 0, 0, 0, 0, 0, 0, 0, 0, 0, 0, 0, 0, 0, 36, 0, 0, 0, 1, 37
"c:\Users\nukec\Documents\GitHub\voxelstation13\build\_deps\glm-src\doc\api\search\groups_5.js", "JavaScript", 0, 0, 0, 0, 0, 0, 0, 0, 0, 0, 0, 0, 4, 0, 0, 0, 0, 1, 5
"c:\Users\nukec\Documents\GitHub\voxelstation13\build\_deps\glm-src\doc\api\search\groups_6.html", "HTML", 0, 0, 0, 0, 0, 0, 0, 0, 0, 0, 0, 0, 0, 36, 0, 0, 0, 1, 37
"c:\Users\nukec\Documents\GitHub\voxelstation13\build\_deps\glm-src\doc\api\search\groups_6.js", "JavaScript", 0, 0, 0, 0, 0, 0, 0, 0, 0, 0, 0, 0, 6, 0, 0, 0, 0, 1, 7
"c:\Users\nukec\Documents\GitHub\voxelstation13\build\_deps\glm-src\doc\api\search\groups_7.html", "HTML", 0, 0, 0, 0, 0, 0, 0, 0, 0, 0, 0, 0, 0, 36, 0, 0, 0, 1, 37
"c:\Users\nukec\Documents\GitHub\voxelstation13\build\_deps\glm-src\doc\api\search\groups_7.js", "JavaScript", 0, 0, 0, 0, 0, 0, 0, 0, 0, 0, 0, 0, 4, 0, 0, 0, 0, 1, 5
"c:\Users\nukec\Documents\GitHub\voxelstation13\build\_deps\glm-src\doc\api\search\groups_8.html", "HTML", 0, 0, 0, 0, 0, 0, 0, 0, 0, 0, 0, 0, 0, 36, 0, 0, 0, 1, 37
"c:\Users\nukec\Documents\GitHub\voxelstation13\build\_deps\glm-src\doc\api\search\groups_8.js", "JavaScript", 0, 0, 0, 0, 0, 0, 0, 0, 0, 0, 0, 0, 4, 0, 0, 0, 0, 1, 5
"c:\Users\nukec\Documents\GitHub\voxelstation13\build\_deps\glm-src\doc\api\search\groups_9.html", "HTML", 0, 0, 0, 0, 0, 0, 0, 0, 0, 0, 0, 0, 0, 36, 0, 0, 0, 1, 37
"c:\Users\nukec\Documents\GitHub\voxelstation13\build\_deps\glm-src\doc\api\search\groups_9.js", "JavaScript", 0, 0, 0, 0, 0, 0, 0, 0, 0, 0, 0, 0, 6, 0, 0, 0, 0, 1, 7
"c:\Users\nukec\Documents\GitHub\voxelstation13\build\_deps\glm-src\doc\api\search\nomatches.html", "HTML", 0, 0, 0, 0, 0, 0, 0, 0, 0, 0, 0, 0, 0, 12, 0, 0, 0, 1, 13
"c:\Users\nukec\Documents\GitHub\voxelstation13\build\_deps\glm-src\doc\api\search\pages_0.html", "HTML", 0, 0, 0, 0, 0, 0, 0, 0, 0, 0, 0, 0, 0, 36, 0, 0, 0, 1, 37
"c:\Users\nukec\Documents\GitHub\voxelstation13\build\_deps\glm-src\doc\api\search\pages_0.js", "JavaScript", 0, 0, 0, 0, 0, 0, 0, 0, 0, 0, 0, 0, 4, 0, 0, 0, 0, 1, 5
"c:\Users\nukec\Documents\GitHub\voxelstation13\build\_deps\glm-src\doc\api\search\search.css", "PostCSS", 0, 0, 0, 0, 0, 0, 0, 0, 0, 0, 220, 0, 0, 0, 0, 0, 5, 47, 272
"c:\Users\nukec\Documents\GitHub\voxelstation13\build\_deps\glm-src\doc\api\search\search.js", "JavaScript", 0, 0, 0, 0, 0, 0, 0, 0, 0, 0, 0, 0, 687, 0, 0, 0, 61, 67, 815
"c:\Users\nukec\Documents\GitHub\voxelstation13\build\_deps\glm-src\doc\api\search\searchdata.js", "JavaScript", 0, 0, 0, 0, 0, 0, 0, 0, 0, 0, 0, 0, 27, 0, 0, 0, 0, 4, 31
"c:\Users\nukec\Documents\GitHub\voxelstation13\build\_deps\glm-src\doc\api\search\typedefs_0.html", "HTML", 0, 0, 0, 0, 0, 0, 0, 0, 0, 0, 0, 0, 0, 36, 0, 0, 0, 1, 37
"c:\Users\nukec\Documents\GitHub\voxelstation13\build\_deps\glm-src\doc\api\search\typedefs_0.js", "JavaScript", 0, 0, 0, 0, 0, 0, 0, 0, 0, 0, 0, 0, 179, 0, 0, 0, 0, 1, 180
"c:\Users\nukec\Documents\GitHub\voxelstation13\build\_deps\glm-src\doc\api\search\typedefs_1.html", "HTML", 0, 0, 0, 0, 0, 0, 0, 0, 0, 0, 0, 0, 0, 36, 0, 0, 0, 1, 37
"c:\Users\nukec\Documents\GitHub\voxelstation13\build\_deps\glm-src\doc\api\search\typedefs_1.js", "JavaScript", 0, 0, 0, 0, 0, 0, 0, 0, 0, 0, 0, 0, 22, 0, 0, 0, 0, 1, 23
"c:\Users\nukec\Documents\GitHub\voxelstation13\build\_deps\glm-src\doc\api\search\typedefs_2.html", "HTML", 0, 0, 0, 0, 0, 0, 0, 0, 0, 0, 0, 0, 0, 36, 0, 0, 0, 1, 37
"c:\Users\nukec\Documents\GitHub\voxelstation13\build\_deps\glm-src\doc\api\search\typedefs_2.js", "JavaScript", 0, 0, 0, 0, 0, 0, 0, 0, 0, 0, 0, 0, 37, 0, 0, 0, 0, 1, 38
"c:\Users\nukec\Documents\GitHub\voxelstation13\build\_deps\glm-src\doc\api\search\typedefs_3.html", "HTML", 0, 0, 0, 0, 0, 0, 0, 0, 0, 0, 0, 0, 0, 36, 0, 0, 0, 1, 37
"c:\Users\nukec\Documents\GitHub\voxelstation13\build\_deps\glm-src\doc\api\search\typedefs_3.js", "JavaScript", 0, 0, 0, 0, 0, 0, 0, 0, 0, 0, 0, 0, 78, 0, 0, 0, 0, 1, 79
"c:\Users\nukec\Documents\GitHub\voxelstation13\build\_deps\glm-src\doc\api\search\typedefs_4.html", "HTML", 0, 0, 0, 0, 0, 0, 0, 0, 0, 0, 0, 0, 0, 36, 0, 0, 0, 1, 37
"c:\Users\nukec\Documents\GitHub\voxelstation13\build\_deps\glm-src\doc\api\search\typedefs_4.js", "JavaScript", 0, 0, 0, 0, 0, 0, 0, 0, 0, 0, 0, 0, 188, 0, 0, 0, 0, 1, 189
"c:\Users\nukec\Documents\GitHub\voxelstation13\build\_deps\glm-src\doc\api\search\typedefs_5.html", "HTML", 0, 0, 0, 0, 0, 0, 0, 0, 0, 0, 0, 0, 0, 36, 0, 0, 0, 1, 37
"c:\Users\nukec\Documents\GitHub\voxelstation13\build\_deps\glm-src\doc\api\search\typedefs_5.js", "JavaScript", 0, 0, 0, 0, 0, 0, 0, 0, 0, 0, 0, 0, 109, 0, 0, 0, 0, 1, 110
"c:\Users\nukec\Documents\GitHub\voxelstation13\build\_deps\glm-src\doc\api\search\typedefs_6.html", "HTML", 0, 0, 0, 0, 0, 0, 0, 0, 0, 0, 0, 0, 0, 36, 0, 0, 0, 1, 37
"c:\Users\nukec\Documents\GitHub\voxelstation13\build\_deps\glm-src\doc\api\search\typedefs_6.js", "JavaScript", 0, 0, 0, 0, 0, 0, 0, 0, 0, 0, 0, 0, 188, 0, 0, 0, 0, 1, 189
"c:\Users\nukec\Documents\GitHub\voxelstation13\build\_deps\glm-src\doc\api\search\typedefs_7.html", "HTML", 0, 0, 0, 0, 0, 0, 0, 0, 0, 0, 0, 0, 0, 36, 0, 0, 0, 1, 37
"c:\Users\nukec\Documents\GitHub\voxelstation13\build\_deps\glm-src\doc\api\search\typedefs_7.js", "JavaScript", 0, 0, 0, 0, 0, 0, 0, 0, 0, 0, 0, 0, 200, 0, 0, 0, 0, 1, 201
"c:\Users\nukec\Documents\GitHub\voxelstation13\build\_deps\glm-src\doc\api\search\typedefs_8.html", "HTML", 0, 0, 0, 0, 0, 0, 0, 0, 0, 0, 0, 0, 0, 36, 0, 0, 0, 1, 37
"c:\Users\nukec\Documents\GitHub\voxelstation13\build\_deps\glm-src\doc\api\search\typedefs_8.js", "JavaScript", 0, 0, 0, 0, 0, 0, 0, 0, 0, 0, 0, 0, 179, 0, 0, 0, 0, 1, 180
"c:\Users\nukec\Documents\GitHub\voxelstation13\build\_deps\glm-src\doc\api\search\typedefs_9.html", "HTML", 0, 0, 0, 0, 0, 0, 0, 0, 0, 0, 0, 0, 0, 36, 0, 0, 0, 1, 37
"c:\Users\nukec\Documents\GitHub\voxelstation13\build\_deps\glm-src\doc\api\search\typedefs_9.js", "JavaScript", 0, 0, 0, 0, 0, 0, 0, 0, 0, 0, 0, 0, 5, 0, 0, 0, 0, 1, 6
"c:\Users\nukec\Documents\GitHub\voxelstation13\build\_deps\glm-src\doc\api\search\typedefs_a.html", "HTML", 0, 0, 0, 0, 0, 0, 0, 0, 0, 0, 0, 0, 0, 36, 0, 0, 0, 1, 37
"c:\Users\nukec\Documents\GitHub\voxelstation13\build\_deps\glm-src\doc\api\search\typedefs_a.js", "JavaScript", 0, 0, 0, 0, 0, 0, 0, 0, 0, 0, 0, 0, 12, 0, 0, 0, 0, 1, 13
"c:\Users\nukec\Documents\GitHub\voxelstation13\build\_deps\glm-src\doc\api\search\typedefs_b.html", "HTML", 0, 0, 0, 0, 0, 0, 0, 0, 0, 0, 0, 0, 0, 36, 0, 0, 0, 1, 37
"c:\Users\nukec\Documents\GitHub\voxelstation13\build\_deps\glm-src\doc\api\search\typedefs_b.js", "JavaScript", 0, 0, 0, 0, 0, 0, 0, 0, 0, 0, 0, 0, 95, 0, 0, 0, 0, 1, 96
"c:\Users\nukec\Documents\GitHub\voxelstation13\build\_deps\glm-src\doc\api\search\typedefs_c.html", "HTML", 0, 0, 0, 0, 0, 0, 0, 0, 0, 0, 0, 0, 0, 36, 0, 0, 0, 1, 37
"c:\Users\nukec\Documents\GitHub\voxelstation13\build\_deps\glm-src\doc\api\search\typedefs_c.js", "JavaScript", 0, 0, 0, 0, 0, 0, 0, 0, 0, 0, 0, 0, 7, 0, 0, 0, 0, 1, 8
"c:\Users\nukec\Documents\GitHub\voxelstation13\build\_deps\glm-src\doc\api\search\typedefs_d.html", "HTML", 0, 0, 0, 0, 0, 0, 0, 0, 0, 0, 0, 0, 0, 36, 0, 0, 0, 1, 37
"c:\Users\nukec\Documents\GitHub\voxelstation13\build\_deps\glm-src\doc\api\search\typedefs_d.js", "JavaScript", 0, 0, 0, 0, 0, 0, 0, 0, 0, 0, 0, 0, 4, 0, 0, 0, 0, 1, 5
"c:\Users\nukec\Documents\GitHub\voxelstation13\build\_deps\glm-src\doc\api\tabs.css", "PostCSS", 0, 0, 0, 0, 0, 0, 0, 0, 0, 0, 1, 0, 0, 0, 0, 0, 0, 0, 1
"c:\Users\nukec\Documents\GitHub\voxelstation13\build\_deps\glm-src\doc\theme\doxygen.css", "PostCSS", 0, 0, 0, 0, 0, 0, 0, 0, 0, 0, 1214, 0, 0, 0, 0, 0, 46, 237, 1497
"c:\Users\nukec\Documents\GitHub\voxelstation13\build\_deps\glm-src\glm\CMakeLists.txt", "CMake", 0, 0, 0, 0, 60, 0, 0, 0, 0, 0, 0, 0, 0, 0, 0, 0, 0, 10, 70
"c:\Users\nukec\Documents\GitHub\voxelstation13\build\_deps\glm-src\glm\common.hpp", "C++", 0, 0, 0, 97, 0, 0, 0, 0, 0, 0, 0, 0, 0, 0, 0, 0, 389, 54, 540
"c:\Users\nukec\Documents\GitHub\voxelstation13\build\_deps\glm-src\glm\detail\_features.hpp", "C++", 0, 0, 0, 110, 0, 0, 0, 0, 0, 0, 0, 0, 0, 0, 0, 0, 185, 100, 395
"c:\Users\nukec\Documents\GitHub\voxelstation13\build\_deps\glm-src\glm\detail\_fixes.hpp", "C++", 0, 0, 0, 16, 0, 0, 0, 0, 0, 0, 0, 0, 0, 0, 0, 0, 5, 7, 28
"c:\Users\nukec\Documents\GitHub\voxelstation13\build\_deps\glm-src\glm\detail\_noise.hpp", "C++", 0, 0, 0, 67, 0, 0, 0, 0, 0, 0, 0, 0, 0, 0, 0, 0, 0, 15, 82
"c:\Users\nukec\Documents\GitHub\voxelstation13\build\_deps\glm-src\glm\detail\_swizzle.hpp", "C++", 0, 0, 0, 704, 0, 0, 0, 0, 0, 0, 0, 0, 0, 0, 0, 0, 55, 46, 805
"c:\Users\nukec\Documents\GitHub\voxelstation13\build\_deps\glm-src\glm\detail\_swizzle_func.hpp", "C++", 0, 0, 0, 648, 0, 0, 0, 0, 0, 0, 0, 0, 0, 0, 0, 0, 0, 35, 683
"c:\Users\nukec\Documents\GitHub\voxelstation13\build\_deps\glm-src\glm\detail\_vectorize.hpp", "C++", 0, 0, 0, 142, 0, 0, 0, 0, 0, 0, 0, 0, 0, 0, 0, 0, 0, 21, 163
"c:\Users\nukec\Documents\GitHub\voxelstation13\build\_deps\glm-src\glm\detail\compute_common.hpp", "C++", 0, 0, 0, 43, 0, 0, 0, 0, 0, 0, 0, 0, 0, 0, 0, 0, 1, 7, 51
"c:\Users\nukec\Documents\GitHub\voxelstation13\build\_deps\glm-src\glm\detail\compute_vector_decl.hpp", "C++", 0, 0, 0, 161, 0, 0, 0, 0, 0, 0, 0, 0, 0, 0, 0, 0, 0, 30, 191
"c:\Users\nukec\Documents\GitHub\voxelstation13\build\_deps\glm-src\glm\detail\compute_vector_relational.hpp", "C++", 0, 0, 0, 16, 0, 0, 0, 0, 0, 0, 0, 0, 0, 0, 0, 0, 12, 3, 31
"c:\Users\nukec\Documents\GitHub\voxelstation13\build\_deps\glm-src\glm\detail\func_common.inl", "C++", 0, 0, 0, 638, 0, 0, 0, 0, 0, 0, 0, 0, 0, 0, 0, 0, 43, 112, 793
"c:\Users\nukec\Documents\GitHub\voxelstation13\build\_deps\glm-src\glm\detail\func_common_simd.inl", "C++", 0, 0, 0, 195, 0, 0, 0, 0, 0, 0, 0, 0, 0, 0, 0, 0, 14, 23, 232
"c:\Users\nukec\Documents\GitHub\voxelstation13\build\_deps\glm-src\glm\detail\func_exponential.inl", "C++", 0, 0, 0, 123, 0, 0, 0, 0, 0, 0, 0, 0, 0, 0, 0, 0, 9, 21, 153
"c:\Users\nukec\Documents\GitHub\voxelstation13\build\_deps\glm-src\glm\detail\func_exponential_simd.inl", "C++", 0, 0, 0, 30, 0, 0, 0, 0, 0, 0, 0, 0, 0, 0, 0, 0, 2, 6, 38
"c:\Users\nukec\Documents\GitHub\voxelstation13\build\_deps\glm-src\glm\detail\func_geometric.inl", "C++", 0, 0, 0, 193, 0, 0, 0, 0, 0, 0, 0, 0, 0, 0, 0, 0, 17, 34, 244
"c:\Users\nukec\Documents\GitHub\voxelstation13\build\_deps\glm-src\glm\detail\func_geometric_simd.inl", "C++", 0, 0, 0, 143, 0, 0, 0, 0, 0, 0, 0, 0, 0, 0, 0, 0, 2, 19, 164
"c:\Users\nukec\Documents\GitHub\voxelstation13\build\_deps\glm-src\glm\detail\func_integer.inl", "C++", 0, 0, 0, 325, 0, 0, 0, 0, 0, 0, 0, 0, 0, 0, 0, 0, 11, 57, 393
"c:\Users\nukec\Documents\GitHub\voxelstation13\build\_deps\glm-src\glm\detail\func_integer_simd.inl", "C++", 0, 0, 0, 52, 0, 0, 0, 0, 0, 0, 0, 0, 0, 0, 0, 0, 0, 14, 66
"c:\Users\nukec\Documents\GitHub\voxelstation13\build\_deps\glm-src\glm\detail\func_matrix.inl", "C++", 0, 0, 0, 386, 0, 0, 0, 0, 0, 0, 0, 0, 0, 0, 0, 0, 0, 58, 444
"c:\Users\nukec\Documents\GitHub\voxelstation13\build\_deps\glm-src\glm\detail\func_matrix_simd.inl", "C++", 0, 0, 0, 194, 0, 0, 0, 0, 0, 0, 0, 0, 0, 0, 0, 0, 24, 35, 253
"c:\Users\nukec\Documents\GitHub\voxelstation13\build\_deps\glm-src\glm\detail\func_packing.inl", "C++", 0, 0, 0, 144, 0, 0, 0, 0, 0, 0, 0, 0, 0, 0, 0, 0, 2, 44, 190
"c:\Users\nukec\Documents\GitHub\voxelstation13\build\_deps\glm-src\glm\detail\func_packing_simd.inl", "C++", 0, 0, 0, 5, 0, 0, 0, 0, 0, 0, 0, 0, 0, 0, 0, 0, 0, 2, 7
"c:\Users\nukec\Documents\GitHub\voxelstation13\build\_deps\glm-src\glm\detail\func_trigonometric.inl", "C++", 0, 0, 0, 145, 0, 0, 0, 0, 0, 0, 0, 0, 0, 0, 0, 0, 14, 39, 198
"c:\Users\nukec\Documents\GitHub\voxelstation13\build\_deps\glm-src\glm\detail\func_trigonometric_simd.inl", "C++", 0, 0, 0, 0, 0, 0, 0, 0, 0, 0, 0, 0, 0, 0, 0, 0, 0, 1, 1
"c:\Users\nukec\Documents\GitHub\voxelstation13\build\_deps\glm-src\glm\detail\func_vector_relational.inl", "C++", 0, 0, 0, 78, 0, 0, 0, 0, 0, 0, 0, 0, 0, 0, 0, 0, 0, 10, 88
"c:\Users\nukec\Documents\GitHub\voxelstation13\build\_deps\glm-src\glm\detail\func_vector_relational_simd.inl", "C++", 0, 0, 0, 5, 0, 0, 0, 0, 0, 0, 0, 0, 0, 0, 0, 0, 0, 2, 7
"c:\Users\nukec\Documents\GitHub\voxelstation13\build\_deps\glm-src\glm\detail\glm.cpp", "C++", 0, 0, 0, 198, 0, 0, 0, 0, 0, 0, 0, 0, 0, 0, 0, 0, 17, 49, 264
"c:\Users\nukec\Documents\GitHub\voxelstation13\build\_deps\glm-src\glm\detail\qualifier.hpp", "C++", 0, 0, 0, 196, 0, 0, 0, 0, 0, 0, 0, 0, 0, 0, 0, 0, 1, 33, 230
"c:\Users\nukec\Documents\GitHub\voxelstation13\build\_deps\glm-src\glm\detail\setup.hpp", "C++", 0, 0, 0, 917, 0, 0, 0, 0, 0, 0, 0, 0, 0, 0, 0, 0, 104, 168, 1189
"c:\Users\nukec\Documents\GitHub\voxelstation13\build\_deps\glm-src\glm\detail\type_float.hpp", "C++", 0, 0, 0, 51, 0, 0, 0, 0, 0, 0, 0, 0, 0, 0, 0, 0, 3, 15, 69
"c:\Users\nukec\Documents\GitHub\voxelstation13\build\_deps\glm-src\glm\detail\type_half.hpp", "C++", 0, 0, 0, 11, 0, 0, 0, 0, 0, 0, 0, 0, 0, 0, 0, 0, 0, 6, 17
"c:\Users\nukec\Documents\GitHub\voxelstation13\build\_deps\glm-src\glm\detail\type_half.inl", "C++", 0, 0, 0, 121, 0, 0, 0, 0, 0, 0, 0, 0, 0, 0, 0, 0, 80, 41, 242
"c:\Users\nukec\Documents\GitHub\voxelstation13\build\_deps\glm-src\glm\detail\type_mat2x2.hpp", "C++", 0, 0, 0, 120, 0, 0, 0, 0, 0, 0, 0, 0, 0, 0, 0, 0, 11, 47, 178
"c:\Users\nukec\Documents\GitHub\voxelstation13\build\_deps\glm-src\glm\detail\type_mat2x2.inl", "C++", 0, 0, 0, 465, 0, 0, 0, 0, 0, 0, 0, 0, 0, 0, 0, 0, 9, 63, 537
"c:\Users\nukec\Documents\GitHub\voxelstation13\build\_deps\glm-src\glm\detail\type_mat2x3.hpp", "C++", 0, 0, 0, 107, 0, 0, 0, 0, 0, 0, 0, 0, 0, 0, 0, 0, 11, 42, 160
"c:\Users\nukec\Documents\GitHub\voxelstation13\build\_deps\glm-src\glm\detail\type_mat2x3.inl", "C++", 0, 0, 0, 445, 0, 0, 0, 0, 0, 0, 0, 0, 0, 0, 0, 0, 9, 57, 511
"c:\Users\nukec\Documents\GitHub\voxelstation13\build\_deps\glm-src\glm\detail\type_mat2x4.hpp", "C++", 0, 0, 0, 109, 0, 0, 0, 0, 0, 0, 0, 0, 0, 0, 0, 0, 11, 42, 162
"c:\Users\nukec\Documents\GitHub\voxelstation13\build\_deps\glm-src\glm\detail\type_mat2x4.inl", "C++", 0, 0, 0, 455, 0, 0, 0, 0, 0, 0, 0, 0, 0, 0, 0, 0, 9, 57, 521
"c:\Users\nukec\Documents\GitHub\voxelstation13\build\_deps\glm-src\glm\detail\type_mat3x2.hpp", "C++", 0, 0, 0, 114, 0, 0, 0, 0, 0, 0, 0, 0, 0, 0, 0, 0, 11, 43, 168
"c:\Users\nukec\Documents\GitHub\voxelstation13\build\_deps\glm-src\glm\detail\type_mat3x2.inl", "C++", 0, 0, 0, 467, 0, 0, 0, 0, 0, 0, 0, 0, 0, 0, 0, 0, 9, 57, 533
"c:\Users\nukec\Documents\GitHub\voxelstation13\build\_deps\glm-src\glm\detail\type_mat3x3.hpp", "C++", 0, 0, 0, 127, 0, 0, 0, 0, 0, 0, 0, 0, 0, 0, 0, 0, 11, 47, 185
"c:\Users\nukec\Documents\GitHub\voxelstation13\build\_deps\glm-src\glm\detail\type_mat3x3.inl", "C++", 0, 0, 0, 528, 0, 0, 0, 0, 0, 0, 0, 0, 0, 0, 0, 0, 9, 65, 602
"c:\Users\nukec\Documents\GitHub\voxelstation13\build\_deps\glm-src\glm\detail\type_mat3x4.hpp", "C++", 0, 0, 0, 114, 0, 0, 0, 0, 0, 0, 0, 0, 0, 0, 0, 0, 11, 42, 167
"c:\Users\nukec\Documents\GitHub\voxelstation13\build\_deps\glm-src\glm\detail\type_mat3x4.inl", "C++", 0, 0, 0, 513, 0, 0, 0, 0, 0, 0, 0, 0, 0, 0, 0, 0, 9, 57, 579
"c:\Users\nukec\Documents\GitHub\voxelstation13\build\_deps\glm-src\glm\detail\type_mat4x2.hpp", "C++", 0, 0, 0, 119, 0, 0, 0, 0, 0, 0, 0, 0, 0, 0, 0, 0, 11, 42, 172
"c:\Users\nukec\Documents\GitHub\voxelstation13\build\_deps\glm-src\glm\detail\type_mat4x2.inl", "C++", 0, 0, 0, 509, 0, 0, 0, 0, 0, 0, 0, 0, 0, 0, 0, 0, 9, 57, 575
"c:\Users\nukec\Documents\GitHub\voxelstation13\build\_deps\glm-src\glm\detail\type_mat4x3.hpp", "C++", 0, 0, 0, 119, 0, 0, 0, 0, 0, 0, 0, 0, 0, 0, 0, 0, 11, 42, 172
"c:\Users\nukec\Documents\GitHub\voxelstation13\build\_deps\glm-src\glm\detail\type_mat4x3.inl", "C++", 0, 0, 0, 533, 0, 0, 0, 0, 0, 0, 0, 0, 0, 0, 0, 0, 9, 57, 599
"c:\Users\nukec\Documents\GitHub\voxelstation13\build\_deps\glm-src\glm\detail\type_mat4x4.hpp", "C++", 0, 0, 0, 132, 0, 0, 0, 0, 0, 0, 0, 0, 0, 0, 0, 0, 11, 47, 190
"c:\Users\nukec\Documents\GitHub\voxelstation13\build\_deps\glm-src\glm\detail\type_mat4x4.inl", "C++", 0, 0, 0, 598, 0, 0, 0, 0, 0, 0, 0, 0, 0, 0, 0, 0, 36, 73, 707
"c:\Users\nukec\Documents\GitHub\voxelstation13\build\_deps\glm-src\glm\detail\type_mat4x4_simd.inl", "C++", 0, 0, 0, 3, 0, 0, 0, 0, 0, 0, 0, 0, 0, 0, 0, 0, 1, 3, 7
"c:\Users\nukec\Documents\GitHub\voxelstation13\build\_deps\glm-src\glm\detail\type_quat.hpp", "C++", 0, 0, 0, 126, 0, 0, 0, 0, 0, 0, 0, 0, 0, 0, 0, 0, 22, 46, 194
"c:\Users\nukec\Documents\GitHub\voxelstation13\build\_deps\glm-src\glm\detail\type_quat.inl", "C++", 0, 0, 0, 336, 0, 0, 0, 0, 0, 0, 0, 0, 0, 0, 0, 0, 29, 60, 425
"c:\Users\nukec\Documents\GitHub\voxelstation13\build\_deps\glm-src\glm\detail\type_quat_simd.inl", "C++", 0, 0, 0, 135, 0, 0, 0, 0, 0, 0, 0, 0, 0, 0, 0, 0, 55, 19, 209
"c:\Users\nukec\Documents\GitHub\voxelstation13\build\_deps\glm-src\glm\detail\type_vec1.hpp", "C++", 0, 0, 0, 194, 0, 0, 0, 0, 0, 0, 0, 0, 0, 0, 0, 0, 47, 68, 309
"c:\Users\nukec\Documents\GitHub\voxelstation13\build\_deps\glm-src\glm\detail\type_vec1.inl", "C++", 0, 0, 0, 455, 0, 0, 0, 0, 0, 0, 0, 0, 0, 0, 0, 0, 13, 86, 554
"c:\Users\nukec\Documents\GitHub\voxelstation13\build\_deps\glm-src\glm\detail\type_vec2.hpp", "C++", 0, 0, 0, 288, 0, 0, 0, 0, 0, 0, 0, 0, 0, 0, 0, 0, 21, 94, 403
"c:\Users\nukec\Documents\GitHub\voxelstation13\build\_deps\glm-src\glm\detail\type_vec2.inl", "C++", 0, 0, 0, 781, 0, 0, 0, 0, 0, 0, 0, 0, 0, 0, 0, 0, 13, 122, 916
"c:\Users\nukec\Documents\GitHub\voxelstation13\build\_deps\glm-src\glm\detail\type_vec3.hpp", "C++", 0, 0, 0, 317, 0, 0, 0, 0, 0, 0, 0, 0, 0, 0, 0, 0, 24, 96, 437
"c:\Users\nukec\Documents\GitHub\voxelstation13\build\_deps\glm-src\glm\detail\type_vec3.inl", "C++", 0, 0, 0, 929, 0, 0, 0, 0, 0, 0, 0, 0, 0, 0, 0, 0, 13, 129, 1071
"c:\Users\nukec\Documents\GitHub\voxelstation13\build\_deps\glm-src\glm\detail\type_vec4.hpp", "C++", 0, 0, 0, 372, 0, 0, 0, 0, 0, 0, 0, 0, 0, 0, 0, 0, 36, 101, 509
"c:\Users\nukec\Documents\GitHub\voxelstation13\build\_deps\glm-src\glm\detail\type_vec4.inl", "C++", 0, 0, 0, 968, 0, 0, 0, 0, 0, 0, 0, 0, 0, 0, 0, 0, 13, 162, 1143
"c:\Users\nukec\Documents\GitHub\voxelstation13\build\_deps\glm-src\glm\detail\type_vec4_simd.inl", "C++", 0, 0, 0, 688, 0, 0, 0, 0, 0, 0, 0, 0, 0, 0, 0, 0, 8, 93, 789
"c:\Users\nukec\Documents\GitHub\voxelstation13\build\_deps\glm-src\glm\exponential.hpp", "C++", 0, 0, 0, 24, 0, 0, 0, 0, 0, 0, 0, 0, 0, 0, 0, 0, 74, 13, 111
"c:\Users\nukec\Documents\GitHub\voxelstation13\build\_deps\glm-src\glm\ext.hpp", "C++", 0, 0, 0, 239, 0, 0, 0, 0, 0, 0, 0, 0, 0, 0, 0, 0, 3, 26, 268
"c:\Users\nukec\Documents\GitHub\voxelstation13\build\_deps\glm-src\glm\ext\_matrix_vectorize.hpp", "C++", 0, 0, 0, 98, 0, 0, 0, 0, 0, 0, 0, 0, 0, 0, 0, 0, 0, 31, 129
"c:\Users\nukec\Documents\GitHub\voxelstation13\build\_deps\glm-src\glm\ext\matrix_clip_space.hpp", "C++", 0, 0, 0, 137, 0, 0, 0, 0, 0, 0, 0, 0, 0, 0, 0, 0, 336, 50, 523
"c:\Users\nukec\Documents\GitHub\voxelstation13\build\_deps\glm-src\glm\ext\matrix_clip_space.inl", "C++", 0, 0, 0, 528, 0, 0, 0, 0, 0, 0, 0, 0, 0, 0, 0, 0, 1, 67, 596
"c:\Users\nukec\Documents\GitHub\voxelstation13\build\_deps\glm-src\glm\ext\matrix_common.hpp", "C++", 0, 0, 0, 16, 0, 0, 0, 0, 0, 0, 0, 0, 0, 0, 0, 0, 14, 10, 40
"c:\Users\nukec\Documents\GitHub\voxelstation13\build\_deps\glm-src\glm\ext\matrix_common.inl", "C++", 0, 0, 0, 28, 0, 0, 0, 0, 0, 0, 0, 0, 0, 0, 0, 0, 0, 7, 35
"c:\Users\nukec\Documents\GitHub\voxelstation13\build\_deps\glm-src\glm\ext\matrix_double2x2.hpp", "C++", 0, 0, 0, 7, 0, 0, 0, 0, 0, 0, 0, 0, 0, 0, 0, 0, 11, 6, 24
"c:\Users\nukec\Documents\GitHub\voxelstation13\build\_deps\glm-src\glm\ext\matrix_double2x2_precision.hpp", "C++", 0, 0, 0, 11, 0, 0, 0, 0, 0, 0, 0, 0, 0, 0, 0, 0, 29, 10, 50
"c:\Users\nukec\Documents\GitHub\voxelstation13\build\_deps\glm-src\glm\ext\matrix_double2x3.hpp", "C++", 0, 0, 0, 6, 0, 0, 0, 0, 0, 0, 0, 0, 0, 0, 0, 0, 8, 5, 19
"c:\Users\nukec\Documents\GitHub\voxelstation13\build\_deps\glm-src\glm\ext\matrix_double2x3_precision.hpp", "C++", 0, 0, 0, 8, 0, 0, 0, 0, 0, 0, 0, 0, 0, 0, 0, 0, 17, 7, 32
"c:\Users\nukec\Documents\GitHub\voxelstation13\build\_deps\glm-src\glm\ext\matrix_double2x4.hpp", "C++", 0, 0, 0, 6, 0, 0, 0, 0, 0, 0, 0, 0, 0, 0, 0, 0, 8, 5, 19
"c:\Users\nukec\Documents\GitHub\voxelstation13\build\_deps\glm-src\glm\ext\matrix_double2x4_precision.hpp", "C++", 0, 0, 0, 8, 0, 0, 0, 0, 0, 0, 0, 0, 0, 0, 0, 0, 17, 7, 32
"c:\Users\nukec\Documents\GitHub\voxelstation13\build\_deps\glm-src\glm\ext\matrix_double3x2.hpp", "C++", 0, 0, 0, 6, 0, 0, 0, 0, 0, 0, 0, 0, 0, 0, 0, 0, 8, 5, 19
"c:\Users\nukec\Documents\GitHub\voxelstation13\build\_deps\glm-src\glm\ext\matrix_double3x2_precision.hpp", "C++", 0, 0, 0, 8, 0, 0, 0, 0, 0, 0, 0, 0, 0, 0, 0, 0, 17, 7, 32
"c:\Users\nukec\Documents\GitHub\voxelstation13\build\_deps\glm-src\glm\ext\matrix_double3x3.hpp", "C++", 0, 0, 0, 7, 0, 0, 0, 0, 0, 0, 0, 0, 0, 0, 0, 0, 11, 6, 24
"c:\Users\nukec\Documents\GitHub\voxelstation13\build\_deps\glm-src\glm\ext\matrix_double3x3_precision.hpp", "C++", 0, 0, 0, 11, 0, 0, 0, 0, 0, 0, 0, 0, 0, 0, 0, 0, 29, 10, 50
"c:\Users\nukec\Documents\GitHub\voxelstation13\build\_deps\glm-src\glm\ext\matrix_double3x4.hpp", "C++", 0, 0, 0, 6, 0, 0, 0, 0, 0, 0, 0, 0, 0, 0, 0, 0, 8, 5, 19
"c:\Users\nukec\Documents\GitHub\voxelstation13\build\_deps\glm-src\glm\ext\matrix_double3x4_precision.hpp", "C++", 0, 0, 0, 8, 0, 0, 0, 0, 0, 0, 0, 0, 0, 0, 0, 0, 17, 7, 32
"c:\Users\nukec\Documents\GitHub\voxelstation13\build\_deps\glm-src\glm\ext\matrix_double4x2.hpp", "C++", 0, 0, 0, 6, 0, 0, 0, 0, 0, 0, 0, 0, 0, 0, 0, 0, 8, 5, 19
"c:\Users\nukec\Documents\GitHub\voxelstation13\build\_deps\glm-src\glm\ext\matrix_double4x2_precision.hpp", "C++", 0, 0, 0, 8, 0, 0, 0, 0, 0, 0, 0, 0, 0, 0, 0, 0, 17, 7, 32
"c:\Users\nukec\Documents\GitHub\voxelstation13\build\_deps\glm-src\glm\ext\matrix_double4x3.hpp", "C++", 0, 0, 0, 6, 0, 0, 0, 0, 0, 0, 0, 0, 0, 0, 0, 0, 8, 5, 19
"c:\Users\nukec\Documents\GitHub\voxelstation13\build\_deps\glm-src\glm\ext\matrix_double4x3_precision.hpp", "C++", 0, 0, 0, 8, 0, 0, 0, 0, 0, 0, 0, 0, 0, 0, 0, 0, 17, 7, 32
"c:\Users\nukec\Documents\GitHub\voxelstation13\build\_deps\glm-src\glm\ext\matrix_double4x4.hpp", "C++", 0, 0, 0, 7, 0, 0, 0, 0, 0, 0, 0, 0, 0, 0, 0, 0, 11, 6, 24
"c:\Users\nukec\Documents\GitHub\voxelstation13\build\_deps\glm-src\glm\ext\matrix_double4x4_precision.hpp", "C++", 0, 0, 0, 11, 0, 0, 0, 0, 0, 0, 0, 0, 0, 0, 0, 0, 29, 10, 50
"c:\Users\nukec\Documents\GitHub\voxelstation13\build\_deps\glm-src\glm\ext\matrix_float2x2.hpp", "C++", 0, 0, 0, 7, 0, 0, 0, 0, 0, 0, 0, 0, 0, 0, 0, 0, 11, 6, 24
"c:\Users\nukec\Documents\GitHub\voxelstation13\build\_deps\glm-src\glm\ext\matrix_float2x2_precision.hpp", "C++", 0, 0, 0, 11, 0, 0, 0, 0, 0, 0, 0, 0, 0, 0, 0, 0, 29, 10, 50
"c:\Users\nukec\Documents\GitHub\voxelstation13\build\_deps\glm-src\glm\ext\matrix_float2x3.hpp", "C++", 0, 0, 0, 6, 0, 0, 0, 0, 0, 0, 0, 0, 0, 0, 0, 0, 8, 5, 19
"c:\Users\nukec\Documents\GitHub\voxelstation13\build\_deps\glm-src\glm\ext\matrix_float2x3_precision.hpp", "C++", 0, 0, 0, 8, 0, 0, 0, 0, 0, 0, 0, 0, 0, 0, 0, 0, 17, 7, 32
"c:\Users\nukec\Documents\GitHub\voxelstation13\build\_deps\glm-src\glm\ext\matrix_float2x4.hpp", "C++", 0, 0, 0, 6, 0, 0, 0, 0, 0, 0, 0, 0, 0, 0, 0, 0, 8, 5, 19
"c:\Users\nukec\Documents\GitHub\voxelstation13\build\_deps\glm-src\glm\ext\matrix_float2x4_precision.hpp", "C++", 0, 0, 0, 8, 0, 0, 0, 0, 0, 0, 0, 0, 0, 0, 0, 0, 17, 7, 32
"c:\Users\nukec\Documents\GitHub\voxelstation13\build\_deps\glm-src\glm\ext\matrix_float3x2.hpp", "C++", 0, 0, 0, 6, 0, 0, 0, 0, 0, 0, 0, 0, 0, 0, 0, 0, 8, 5, 19
"c:\Users\nukec\Documents\GitHub\voxelstation13\build\_deps\glm-src\glm\ext\matrix_float3x2_precision.hpp", "C++", 0, 0, 0, 8, 0, 0, 0, 0, 0, 0, 0, 0, 0, 0, 0, 0, 17, 7, 32
"c:\Users\nukec\Documents\GitHub\voxelstation13\build\_deps\glm-src\glm\ext\matrix_float3x3.hpp", "C++", 0, 0, 0, 7, 0, 0, 0, 0, 0, 0, 0, 0, 0, 0, 0, 0, 11, 6, 24
"c:\Users\nukec\Documents\GitHub\voxelstation13\build\_deps\glm-src\glm\ext\matrix_float3x3_precision.hpp", "C++", 0, 0, 0, 11, 0, 0, 0, 0, 0, 0, 0, 0, 0, 0, 0, 0, 29, 10, 50
"c:\Users\nukec\Documents\GitHub\voxelstation13\build\_deps\glm-src\glm\ext\matrix_float3x4.hpp", "C++", 0, 0, 0, 6, 0, 0, 0, 0, 0, 0, 0, 0, 0, 0, 0, 0, 8, 5, 19
"c:\Users\nukec\Documents\GitHub\voxelstation13\build\_deps\glm-src\glm\ext\matrix_float3x4_precision.hpp", "C++", 0, 0, 0, 8, 0, 0, 0, 0, 0, 0, 0, 0, 0, 0, 0, 0, 17, 7, 32
"c:\Users\nukec\Documents\GitHub\voxelstation13\build\_deps\glm-src\glm\ext\matrix_float4x2.hpp", "C++", 0, 0, 0, 6, 0, 0, 0, 0, 0, 0, 0, 0, 0, 0, 0, 0, 8, 5, 19
"c:\Users\nukec\Documents\GitHub\voxelstation13\build\_deps\glm-src\glm\ext\matrix_float4x2_precision.hpp", "C++", 0, 0, 0, 8, 0, 0, 0, 0, 0, 0, 0, 0, 0, 0, 0, 0, 17, 7, 32
"c:\Users\nukec\Documents\GitHub\voxelstation13\build\_deps\glm-src\glm\ext\matrix_float4x3.hpp", "C++", 0, 0, 0, 6, 0, 0, 0, 0, 0, 0, 0, 0, 0, 0, 0, 0, 8, 5, 19
"c:\Users\nukec\Documents\GitHub\voxelstation13\build\_deps\glm-src\glm\ext\matrix_float4x3_precision.hpp", "C++", 0, 0, 0, 8, 0, 0, 0, 0, 0, 0, 0, 0, 0, 0, 0, 0, 17, 7, 32
"c:\Users\nukec\Documents\GitHub\voxelstation13\build\_deps\glm-src\glm\ext\matrix_float4x4.hpp", "C++", 0, 0, 0, 7, 0, 0, 0, 0, 0, 0, 0, 0, 0, 0, 0, 0, 11, 6, 24
"c:\Users\nukec\Documents\GitHub\voxelstation13\build\_deps\glm-src\glm\ext\matrix_float4x4_precision.hpp", "C++", 0, 0, 0, 11, 0, 0, 0, 0, 0, 0, 0, 0, 0, 0, 0, 0, 29, 10, 50
"c:\Users\nukec\Documents\GitHub\voxelstation13\build\_deps\glm-src\glm\ext\matrix_int2x2.hpp", "C++", 0, 0, 0, 10, 0, 0, 0, 0, 0, 0, 0, 0, 0, 0, 0, 0, 21, 8, 39
"c:\Users\nukec\Documents\GitHub\voxelstation13\build\_deps\glm-src\glm\ext\matrix_int2x2_sized.hpp", "C++", 0, 0, 0, 17, 0, 0, 0, 0, 0, 0, 0, 0, 0, 0, 0, 0, 39, 15, 71
"c:\Users\nukec\Documents\GitHub\voxelstation13\build\_deps\glm-src\glm\ext\matrix_int2x3.hpp", "C++", 0, 0, 0, 9, 0, 0, 0, 0, 0, 0, 0, 0, 0, 0, 0, 0, 18, 7, 34
"c:\Users\nukec\Documents\GitHub\voxelstation13\build\_deps\glm-src\glm\ext\matrix_int2x3_sized.hpp", "C++", 0, 0, 0, 13, 0, 0, 0, 0, 0, 0, 0, 0, 0, 0, 0, 0, 27, 10, 50
"c:\Users\nukec\Documents\GitHub\voxelstation13\build\_deps\glm-src\glm\ext\matrix_int2x4.hpp", "C++", 0, 0, 0, 9, 0, 0, 0, 0, 0, 0, 0, 0, 0, 0, 0, 0, 18, 7, 34
"c:\Users\nukec\Documents\GitHub\voxelstation13\build\_deps\glm-src\glm\ext\matrix_int2x4_sized.hpp", "C++", 0, 0, 0, 13, 0, 0, 0, 0, 0, 0, 0, 0, 0, 0, 0, 0, 27, 10, 50
"c:\Users\nukec\Documents\GitHub\voxelstation13\build\_deps\glm-src\glm\ext\matrix_int3x2.hpp", "C++", 0, 0, 0, 9, 0, 0, 0, 0, 0, 0, 0, 0, 0, 0, 0, 0, 18, 7, 34
"c:\Users\nukec\Documents\GitHub\voxelstation13\build\_deps\glm-src\glm\ext\matrix_int3x2_sized.hpp", "C++", 0, 0, 0, 13, 0, 0, 0, 0, 0, 0, 0, 0, 0, 0, 0, 0, 27, 10, 50
"c:\Users\nukec\Documents\GitHub\voxelstation13\build\_deps\glm-src\glm\ext\matrix_int3x3.hpp", "C++", 0, 0, 0, 10, 0, 0, 0, 0, 0, 0, 0, 0, 0, 0, 0, 0, 21, 8, 39
"c:\Users\nukec\Documents\GitHub\voxelstation13\build\_deps\glm-src\glm\ext\matrix_int3x3_sized.hpp", "C++", 0, 0, 0, 17, 0, 0, 0, 0, 0, 0, 0, 0, 0, 0, 0, 0, 39, 15, 71
"c:\Users\nukec\Documents\GitHub\voxelstation13\build\_deps\glm-src\glm\ext\matrix_int3x4.hpp", "C++", 0, 0, 0, 9, 0, 0, 0, 0, 0, 0, 0, 0, 0, 0, 0, 0, 18, 7, 34
"c:\Users\nukec\Documents\GitHub\voxelstation13\build\_deps\glm-src\glm\ext\matrix_int3x4_sized.hpp", "C++", 0, 0, 0, 13, 0, 0, 0, 0, 0, 0, 0, 0, 0, 0, 0, 0, 27, 10, 50
"c:\Users\nukec\Documents\GitHub\voxelstation13\build\_deps\glm-src\glm\ext\matrix_int4x2.hpp", "C++", 0, 0, 0, 9, 0, 0, 0, 0, 0, 0, 0, 0, 0, 0, 0, 0, 18, 7, 34
"c:\Users\nukec\Documents\GitHub\voxelstation13\build\_deps\glm-src\glm\ext\matrix_int4x2_sized.hpp", "C++", 0, 0, 0, 13, 0, 0, 0, 0, 0, 0, 0, 0, 0, 0, 0, 0, 27, 10, 50
"c:\Users\nukec\Documents\GitHub\voxelstation13\build\_deps\glm-src\glm\ext\matrix_int4x3.hpp", "C++", 0, 0, 0, 9, 0, 0, 0, 0, 0, 0, 0, 0, 0, 0, 0, 0, 18, 7, 34
"c:\Users\nukec\Documents\GitHub\voxelstation13\build\_deps\glm-src\glm\ext\matrix_int4x3_sized.hpp", "C++", 0, 0, 0, 13, 0, 0, 0, 0, 0, 0, 0, 0, 0, 0, 0, 0, 27, 10, 50
"c:\Users\nukec\Documents\GitHub\voxelstation13\build\_deps\glm-src\glm\ext\matrix_int4x4.hpp", "C++", 0, 0, 0, 10, 0, 0, 0, 0, 0, 0, 0, 0, 0, 0, 0, 0, 21, 8, 39
"c:\Users\nukec\Documents\GitHub\voxelstation13\build\_deps\glm-src\glm\ext\matrix_int4x4_sized.hpp", "C++", 0, 0, 0, 17, 0, 0, 0, 0, 0, 0, 0, 0, 0, 0, 0, 0, 39, 15, 71
"c:\Users\nukec\Documents\GitHub\voxelstation13\build\_deps\glm-src\glm\ext\matrix_integer.hpp", "C++", 0, 0, 0, 20, 0, 0, 0, 0, 0, 0, 0, 0, 0, 0, 0, 0, 61, 11, 92
"c:\Users\nukec\Documents\GitHub\voxelstation13\build\_deps\glm-src\glm\ext\matrix_integer.inl", "C++", 0, 0, 0, 34, 0, 0, 0, 0, 0, 0, 0, 0, 0, 0, 0, 0, 0, 5, 39
"c:\Users\nukec\Documents\GitHub\voxelstation13\build\_deps\glm-src\glm\ext\matrix_projection.hpp", "C++", 0, 0, 0, 33, 0, 0, 0, 0, 0, 0, 0, 0, 0, 0, 0, 0, 103, 14, 150
"c:\Users\nukec\Documents\GitHub\voxelstation13\build\_deps\glm-src\glm\ext\matrix_projection.inl", "C++", 0, 0, 0, 85, 0, 0, 0, 0, 0, 0, 0, 0, 0, 0, 0, 0, 1, 21, 107
"c:\Users\nukec\Documents\GitHub\voxelstation13\build\_deps\glm-src\glm\ext\matrix_relational.hpp", "C++", 0, 0, 0, 29, 0, 0, 0, 0, 0, 0, 0, 0, 0, 0, 0, 0, 87, 17, 133
"c:\Users\nukec\Documents\GitHub\voxelstation13\build\_deps\glm-src\glm\ext\matrix_relational.inl", "C++", 0, 0, 0, 73, 0, 0, 0, 0, 0, 0, 0, 0, 0, 0, 0, 0, 3, 13, 89
"c:\Users\nukec\Documents\GitHub\voxelstation13\build\_deps\glm-src\glm\ext\matrix_transform.hpp", "C++", 0, 0, 0, 35, 0, 0, 0, 0, 0, 0, 0, 0, 0, 0, 0, 0, 122, 15, 172
"c:\Users\nukec\Documents\GitHub\voxelstation13\build\_deps\glm-src\glm\ext\matrix_transform.inl", "C++", 0, 0, 0, 180, 0, 0, 0, 0, 0, 0, 0, 0, 0, 0, 0, 0, 0, 28, 208
"c:\Users\nukec\Documents\GitHub\voxelstation13\build\_deps\glm-src\glm\ext\matrix_uint2x2.hpp", "C++", 0, 0, 0, 10, 0, 0, 0, 0, 0, 0, 0, 0, 0, 0, 0, 0, 21, 8, 39
"c:\Users\nukec\Documents\GitHub\voxelstation13\build\_deps\glm-src\glm\ext\matrix_uint2x2_sized.hpp", "C++", 0, 0, 0, 17, 0, 0, 0, 0, 0, 0, 0, 0, 0, 0, 0, 0, 39, 15, 71
"c:\Users\nukec\Documents\GitHub\voxelstation13\build\_deps\glm-src\glm\ext\matrix_uint2x3.hpp", "C++", 0, 0, 0, 9, 0, 0, 0, 0, 0, 0, 0, 0, 0, 0, 0, 0, 18, 7, 34
"c:\Users\nukec\Documents\GitHub\voxelstation13\build\_deps\glm-src\glm\ext\matrix_uint2x3_sized.hpp", "C++", 0, 0, 0, 13, 0, 0, 0, 0, 0, 0, 0, 0, 0, 0, 0, 0, 27, 10, 50
"c:\Users\nukec\Documents\GitHub\voxelstation13\build\_deps\glm-src\glm\ext\matrix_uint2x4.hpp", "C++", 0, 0, 0, 9, 0, 0, 0, 0, 0, 0, 0, 0, 0, 0, 0, 0, 18, 7, 34
"c:\Users\nukec\Documents\GitHub\voxelstation13\build\_deps\glm-src\glm\ext\matrix_uint2x4_sized.hpp", "C++", 0, 0, 0, 13, 0, 0, 0, 0, 0, 0, 0, 0, 0, 0, 0, 0, 27, 10, 50
"c:\Users\nukec\Documents\GitHub\voxelstation13\build\_deps\glm-src\glm\ext\matrix_uint3x2.hpp", "C++", 0, 0, 0, 9, 0, 0, 0, 0, 0, 0, 0, 0, 0, 0, 0, 0, 18, 7, 34
"c:\Users\nukec\Documents\GitHub\voxelstation13\build\_deps\glm-src\glm\ext\matrix_uint3x2_sized.hpp", "C++", 0, 0, 0, 13, 0, 0, 0, 0, 0, 0, 0, 0, 0, 0, 0, 0, 27, 10, 50
"c:\Users\nukec\Documents\GitHub\voxelstation13\build\_deps\glm-src\glm\ext\matrix_uint3x3.hpp", "C++", 0, 0, 0, 10, 0, 0, 0, 0, 0, 0, 0, 0, 0, 0, 0, 0, 21, 8, 39
"c:\Users\nukec\Documents\GitHub\voxelstation13\build\_deps\glm-src\glm\ext\matrix_uint3x3_sized.hpp", "C++", 0, 0, 0, 17, 0, 0, 0, 0, 0, 0, 0, 0, 0, 0, 0, 0, 39, 15, 71
"c:\Users\nukec\Documents\GitHub\voxelstation13\build\_deps\glm-src\glm\ext\matrix_uint3x4.hpp", "C++", 0, 0, 0, 9, 0, 0, 0, 0, 0, 0, 0, 0, 0, 0, 0, 0, 18, 7, 34
"c:\Users\nukec\Documents\GitHub\voxelstation13\build\_deps\glm-src\glm\ext\matrix_uint3x4_sized.hpp", "C++", 0, 0, 0, 13, 0, 0, 0, 0, 0, 0, 0, 0, 0, 0, 0, 0, 27, 10, 50
"c:\Users\nukec\Documents\GitHub\voxelstation13\build\_deps\glm-src\glm\ext\matrix_uint4x2.hpp", "C++", 0, 0, 0, 9, 0, 0, 0, 0, 0, 0, 0, 0, 0, 0, 0, 0, 18, 7, 34
"c:\Users\nukec\Documents\GitHub\voxelstation13\build\_deps\glm-src\glm\ext\matrix_uint4x2_sized.hpp", "C++", 0, 0, 0, 13, 0, 0, 0, 0, 0, 0, 0, 0, 0, 0, 0, 0, 27, 10, 50
"c:\Users\nukec\Documents\GitHub\voxelstation13\build\_deps\glm-src\glm\ext\matrix_uint4x3.hpp", "C++", 0, 0, 0, 9, 0, 0, 0, 0, 0, 0, 0, 0, 0, 0, 0, 0, 18, 7, 34
"c:\Users\nukec\Documents\GitHub\voxelstation13\build\_deps\glm-src\glm\ext\matrix_uint4x3_sized.hpp", "C++", 0, 0, 0, 13, 0, 0, 0, 0, 0, 0, 0, 0, 0, 0, 0, 0, 27, 10, 50
"c:\Users\nukec\Documents\GitHub\voxelstation13\build\_deps\glm-src\glm\ext\matrix_uint4x4.hpp", "C++", 0, 0, 0, 10, 0, 0, 0, 0, 0, 0, 0, 0, 0, 0, 0, 0, 21, 8, 39
"c:\Users\nukec\Documents\GitHub\voxelstation13\build\_deps\glm-src\glm\ext\matrix_uint4x4_sized.hpp", "C++", 0, 0, 0, 17, 0, 0, 0, 0, 0, 0, 0, 0, 0, 0, 0, 0, 39, 15, 71
"c:\Users\nukec\Documents\GitHub\voxelstation13\build\_deps\glm-src\glm\ext\quaternion_common.hpp", "C++", 0, 0, 0, 30, 0, 0, 0, 0, 0, 0, 0, 0, 0, 0, 0, 0, 91, 15, 136
"c:\Users\nukec\Documents\GitHub\voxelstation13\build\_deps\glm-src\glm\ext\quaternion_common.inl", "C++", 0, 0, 0, 107, 0, 0, 0, 0, 0, 0, 0, 0, 0, 0, 0, 0, 14, 24, 145
"c:\Users\nukec\Documents\GitHub\voxelstation13\build\_deps\glm-src\glm\ext\quaternion_common_simd.inl", "C++", 0, 0, 0, 15, 0, 0, 0, 0, 0, 0, 0, 0, 0, 0, 0, 0, 0, 4, 19
"c:\Users\nukec\Documents\GitHub\voxelstation13\build\_deps\glm-src\glm\ext\quaternion_double.hpp", "C++", 0, 0, 0, 9, 0, 0, 0, 0, 0, 0, 0, 0, 0, 0, 0, 0, 23, 8, 40
"c:\Users\nukec\Documents\GitHub\voxelstation13\build\_deps\glm-src\glm\ext\quaternion_double_precision.hpp", "C++", 0, 0, 0, 11, 0, 0, 0, 0, 0, 0, 0, 0, 0, 0, 0, 0, 22, 10, 43
"c:\Users\nukec\Documents\GitHub\voxelstation13\build\_deps\glm-src\glm\ext\quaternion_exponential.hpp", "C++", 0, 0, 0, 20, 0, 0, 0, 0, 0, 0, 0, 0, 0, 0, 0, 0, 33, 11, 64
"c:\Users\nukec\Documents\GitHub\voxelstation13\build\_deps\glm-src\glm\ext\quaternion_exponential.inl", "C++", 0, 0, 0, 64, 0, 0, 0, 0, 0, 0, 0, 0, 0, 0, 0, 0, 12, 14, 90
"c:\Users\nukec\Documents\GitHub\voxelstation13\build\_deps\glm-src\glm\ext\quaternion_float.hpp", "C++", 0, 0, 0, 9, 0, 0, 0, 0, 0, 0, 0, 0, 0, 0, 0, 0, 23, 8, 40
"c:\Users\nukec\Documents\GitHub\voxelstation13\build\_deps\glm-src\glm\ext\quaternion_float_precision.hpp", "C++", 0, 0, 0, 11, 0, 0, 0, 0, 0, 0, 0, 0, 0, 0, 0, 0, 16, 10, 37
"c:\Users\nukec\Documents\GitHub\voxelstation13\build\_deps\glm-src\glm\ext\quaternion_geometric.hpp", "C++", 0, 0, 0, 19, 0, 0, 0, 0, 0, 0, 0, 0, 0, 0, 0, 0, 41, 11, 71
"c:\Users\nukec\Documents\GitHub\voxelstation13\build\_deps\glm-src\glm\ext\quaternion_geometric.inl", "C++", 0, 0, 0, 32, 0, 0, 0, 0, 0, 0, 0, 0, 0, 0, 0, 0, 0, 5, 37
"c:\Users\nukec\Documents\GitHub\voxelstation13\build\_deps\glm-src\glm\ext\quaternion_relational.hpp", "C++", 0, 0, 0, 17, 0, 0, 0, 0, 0, 0, 0, 0, 0, 0, 0, 0, 35, 11, 63
"c:\Users\nukec\Documents\GitHub\voxelstation13\build\_deps\glm-src\glm\ext\quaternion_relational.inl", "C++", 0, 0, 0, 31, 0, 0, 0, 0, 0, 0, 0, 0, 0, 0, 0, 0, 0, 5, 36
"c:\Users\nukec\Documents\GitHub\voxelstation13\build\_deps\glm-src\glm\ext\quaternion_transform.hpp", "C++", 0, 0, 0, 13, 0, 0, 0, 0, 0, 0, 0, 0, 0, 0, 0, 0, 28, 7, 48
"c:\Users\nukec\Documents\GitHub\voxelstation13\build\_deps\glm-src\glm\ext\quaternion_transform.inl", "C++", 0, 0, 0, 19, 0, 0, 0, 0, 0, 0, 0, 0, 0, 0, 0, 0, 1, 5, 25
"c:\Users\nukec\Documents\GitHub\voxelstation13\build\_deps\glm-src\glm\ext\quaternion_trigonometric.hpp", "C++", 0, 0, 0, 19, 0, 0, 0, 0, 0, 0, 0, 0, 0, 0, 0, 0, 37, 10, 66
"c:\Users\nukec\Documents\GitHub\voxelstation13\build\_deps\glm-src\glm\ext\quaternion_trigonometric.inl", "C++", 0, 0, 0, 32, 0, 0, 0, 0, 0, 0, 0, 0, 0, 0, 0, 0, 0, 6, 38
"c:\Users\nukec\Documents\GitHub\voxelstation13\build\_deps\glm-src\glm\ext\scalar_common.hpp", "C++", 0, 0, 0, 43, 0, 0, 0, 0, 0, 0, 0, 0, 0, 0, 0, 0, 115, 24, 182
"c:\Users\nukec\Documents\GitHub\voxelstation13\build\_deps\glm-src\glm\ext\scalar_common.inl", "C++", 0, 0, 0, 144, 0, 0, 0, 0, 0, 0, 0, 0, 0, 0, 0, 0, 1, 26, 171
"c:\Users\nukec\Documents\GitHub\voxelstation13\build\_deps\glm-src\glm\ext\scalar_constants.hpp", "C++", 0, 0, 0, 15, 0, 0, 0, 0, 0, 0, 0, 0, 0, 0, 0, 0, 16, 10, 41
"c:\Users\nukec\Documents\GitHub\voxelstation13\build\_deps\glm-src\glm\ext\scalar_constants.inl", "C++", 0, 0, 0, 21, 0, 0, 0, 0, 0, 0, 0, 0, 0, 0, 0, 0, 0, 4, 25
"c:\Users\nukec\Documents\GitHub\voxelstation13\build\_deps\glm-src\glm\ext\scalar_int_sized.hpp", "C++", 0, 0, 0, 38, 0, 0, 0, 0, 0, 0, 0, 0, 0, 0, 0, 0, 18, 15, 71
"c:\Users\nukec\Documents\GitHub\voxelstation13\build\_deps\glm-src\glm\ext\scalar_integer.hpp", "C++", 0, 0, 0, 29, 0, 0, 0, 0, 0, 0, 0, 0, 0, 0, 0, 0, 50, 14, 93
"c:\Users\nukec\Documents\GitHub\voxelstation13\build\_deps\glm-src\glm\ext\scalar_integer.inl", "C++", 0, 0, 0, 208, 0, 0, 0, 0, 0, 0, 0, 0, 0, 0, 0, 0, 0, 36, 244
"c:\Users\nukec\Documents\GitHub\voxelstation13\build\_deps\glm-src\glm\ext\scalar_packing.hpp", "C++", 0, 0, 0, 9, 0, 0, 0, 0, 0, 0, 0, 0, 0, 0, 0, 0, 16, 8, 33
"c:\Users\nukec\Documents\GitHub\voxelstation13\build\_deps\glm-src\glm\ext\scalar_packing.inl", "C++", 0, 0, 0, 0, 0, 0, 0, 0, 0, 0, 0, 0, 0, 0, 0, 0, 0, 1, 1
"c:\Users\nukec\Documents\GitHub\voxelstation13\build\_deps\glm-src\glm\ext\scalar_reciprocal.hpp", "C++", 0, 0, 0, 33, 0, 0, 0, 0, 0, 0, 0, 0, 0, 0, 0, 0, 84, 19, 136
"c:\Users\nukec\Documents\GitHub\voxelstation13\build\_deps\glm-src\glm\ext\scalar_reciprocal.inl", "C++", 0, 0, 0, 79, 0, 0, 0, 0, 0, 0, 0, 0, 0, 0, 0, 0, 13, 16, 108
"c:\Users\nukec\Documents\GitHub\voxelstation13\build\_deps\glm-src\glm\ext\scalar_relational.hpp", "C++", 0, 0, 0, 17, 0, 0, 0, 0, 0, 0, 0, 0, 0, 0, 0, 0, 41, 11, 69
"c:\Users\nukec\Documents\GitHub\voxelstation13\build\_deps\glm-src\glm\ext\scalar_relational.inl", "C++", 0, 0, 0, 32, 0, 0, 0, 0, 0, 0, 0, 0, 0, 0, 0, 0, 2, 7, 41
"c:\Users\nukec\Documents\GitHub\voxelstation13\build\_deps\glm-src\glm\ext\scalar_uint_sized.hpp", "C++", 0, 0, 0, 38, 0, 0, 0, 0, 0, 0, 0, 0, 0, 0, 0, 0, 18, 15, 71
"c:\Users\nukec\Documents\GitHub\voxelstation13\build\_deps\glm-src\glm\ext\scalar_ulp.hpp", "C++", 0, 0, 0, 21, 0, 0, 0, 0, 0, 0, 0, 0, 0, 0, 0, 0, 44, 13, 78
"c:\Users\nukec\Documents\GitHub\voxelstation13\build\_deps\glm-src\glm\ext\scalar_ulp.inl", "C++", 0, 0, 0, 257, 0, 0, 0, 0, 0, 0, 0, 0, 0, 0, 0, 0, 7, 28, 292
"c:\Users\nukec\Documents\GitHub\voxelstation13\build\_deps\glm-src\glm\ext\vector_bool1.hpp", "C++", 0, 0, 0, 9, 0, 0, 0, 0, 0, 0, 0, 0, 0, 0, 0, 0, 15, 7, 31
"c:\Users\nukec\Documents\GitHub\voxelstation13\build\_deps\glm-src\glm\ext\vector_bool1_precision.hpp", "C++", 0, 0, 0, 11, 0, 0, 0, 0, 0, 0, 0, 0, 0, 0, 0, 0, 15, 9, 35
"c:\Users\nukec\Documents\GitHub\voxelstation13\build\_deps\glm-src\glm\ext\vector_bool2.hpp", "C++", 0, 0, 0, 6, 0, 0, 0, 0, 0, 0, 0, 0, 0, 0, 0, 0, 8, 5, 19
"c:\Users\nukec\Documents\GitHub\voxelstation13\build\_deps\glm-src\glm\ext\vector_bool2_precision.hpp", "C++", 0, 0, 0, 8, 0, 0, 0, 0, 0, 0, 0, 0, 0, 0, 0, 0, 17, 7, 32
"c:\Users\nukec\Documents\GitHub\voxelstation13\build\_deps\glm-src\glm\ext\vector_bool3.hpp", "C++", 0, 0, 0, 6, 0, 0, 0, 0, 0, 0, 0, 0, 0, 0, 0, 0, 8, 5, 19
"c:\Users\nukec\Documents\GitHub\voxelstation13\build\_deps\glm-src\glm\ext\vector_bool3_precision.hpp", "C++", 0, 0, 0, 8, 0, 0, 0, 0, 0, 0, 0, 0, 0, 0, 0, 0, 17, 7, 32
"c:\Users\nukec\Documents\GitHub\voxelstation13\build\_deps\glm-src\glm\ext\vector_bool4.hpp", "C++", 0, 0, 0, 6, 0, 0, 0, 0, 0, 0, 0, 0, 0, 0, 0, 0, 8, 5, 19
"c:\Users\nukec\Documents\GitHub\voxelstation13\build\_deps\glm-src\glm\ext\vector_bool4_precision.hpp", "C++", 0, 0, 0, 8, 0, 0, 0, 0, 0, 0, 0, 0, 0, 0, 0, 0, 17, 7, 32
"c:\Users\nukec\Documents\GitHub\voxelstation13\build\_deps\glm-src\glm\ext\vector_common.hpp", "C++", 0, 0, 0, 50, 0, 0, 0, 0, 0, 0, 0, 0, 0, 0, 0, 0, 152, 27, 229
"c:\Users\nukec\Documents\GitHub\voxelstation13\build\_deps\glm-src\glm\ext\vector_common.inl", "C++", 0, 0, 0, 125, 0, 0, 0, 0, 0, 0, 0, 0, 0, 0, 0, 0, 0, 23, 148
"c:\Users\nukec\Documents\GitHub\voxelstation13\build\_deps\glm-src\glm\ext\vector_double1.hpp", "C++", 0, 0, 0, 9, 0, 0, 0, 0, 0, 0, 0, 0, 0, 0, 0, 0, 16, 7, 32
"c:\Users\nukec\Documents\GitHub\voxelstation13\build\_deps\glm-src\glm\ext\vector_double1_precision.hpp", "C++", 0, 0, 0, 11, 0, 0, 0, 0, 0, 0, 0, 0, 0, 0, 0, 0, 17, 9, 37
"c:\Users\nukec\Documents\GitHub\voxelstation13\build\_deps\glm-src\glm\ext\vector_double2.hpp", "C++", 0, 0, 0, 6, 0, 0, 0, 0, 0, 0, 0, 0, 0, 0, 0, 0, 8, 5, 19
"c:\Users\nukec\Documents\GitHub\voxelstation13\build\_deps\glm-src\glm\ext\vector_double2_precision.hpp", "C++", 0, 0, 0, 8, 0, 0, 0, 0, 0, 0, 0, 0, 0, 0, 0, 0, 17, 7, 32
"c:\Users\nukec\Documents\GitHub\voxelstation13\build\_deps\glm-src\glm\ext\vector_double3.hpp", "C++", 0, 0, 0, 6, 0, 0, 0, 0, 0, 0, 0, 0, 0, 0, 0, 0, 8, 5, 19
"c:\Users\nukec\Documents\GitHub\voxelstation13\build\_deps\glm-src\glm\ext\vector_double3_precision.hpp", "C++", 0, 0, 0, 8, 0, 0, 0, 0, 0, 0, 0, 0, 0, 0, 0, 0, 20, 7, 35
"c:\Users\nukec\Documents\GitHub\voxelstation13\build\_deps\glm-src\glm\ext\vector_double4.hpp", "C++", 0, 0, 0, 6, 0, 0, 0, 0, 0, 0, 0, 0, 0, 0, 0, 0, 8, 5, 19
"c:\Users\nukec\Documents\GitHub\voxelstation13\build\_deps\glm-src\glm\ext\vector_double4_precision.hpp", "C++", 0, 0, 0, 9, 0, 0, 0, 0, 0, 0, 0, 0, 0, 0, 0, 0, 20, 7, 36
"c:\Users\nukec\Documents\GitHub\voxelstation13\build\_deps\glm-src\glm\ext\vector_float1.hpp", "C++", 0, 0, 0, 9, 0, 0, 0, 0, 0, 0, 0, 0, 0, 0, 0, 0, 16, 7, 32
"c:\Users\nukec\Documents\GitHub\voxelstation13\build\_deps\glm-src\glm\ext\vector_float1_precision.hpp", "C++", 0, 0, 0, 11, 0, 0, 0, 0, 0, 0, 0, 0, 0, 0, 0, 0, 17, 9, 37
"c:\Users\nukec\Documents\GitHub\voxelstation13\build\_deps\glm-src\glm\ext\vector_float2.hpp", "C++", 0, 0, 0, 6, 0, 0, 0, 0, 0, 0, 0, 0, 0, 0, 0, 0, 8, 5, 19
"c:\Users\nukec\Documents\GitHub\voxelstation13\build\_deps\glm-src\glm\ext\vector_float2_precision.hpp", "C++", 0, 0, 0, 8, 0, 0, 0, 0, 0, 0, 0, 0, 0, 0, 0, 0, 17, 7, 32
"c:\Users\nukec\Documents\GitHub\voxelstation13\build\_deps\glm-src\glm\ext\vector_float3.hpp", "C++", 0, 0, 0, 6, 0, 0, 0, 0, 0, 0, 0, 0, 0, 0, 0, 0, 8, 5, 19
"c:\Users\nukec\Documents\GitHub\voxelstation13\build\_deps\glm-src\glm\ext\vector_float3_precision.hpp", "C++", 0, 0, 0, 8, 0, 0, 0, 0, 0, 0, 0, 0, 0, 0, 0, 0, 17, 7, 32
"c:\Users\nukec\Documents\GitHub\voxelstation13\build\_deps\glm-src\glm\ext\vector_float4.hpp", "C++", 0, 0, 0, 6, 0, 0, 0, 0, 0, 0, 0, 0, 0, 0, 0, 0, 8, 5, 19
"c:\Users\nukec\Documents\GitHub\voxelstation13\build\_deps\glm-src\glm\ext\vector_float4_precision.hpp", "C++", 0, 0, 0, 8, 0, 0, 0, 0, 0, 0, 0, 0, 0, 0, 0, 0, 17, 7, 32
"c:\Users\nukec\Documents\GitHub\voxelstation13\build\_deps\glm-src\glm\ext\vector_int1.hpp", "C++", 0, 0, 0, 9, 0, 0, 0, 0, 0, 0, 0, 0, 0, 0, 0, 0, 16, 8, 33
"c:\Users\nukec\Documents\GitHub\voxelstation13\build\_deps\glm-src\glm\ext\vector_int1_sized.hpp", "C++", 0, 0, 0, 13, 0, 0, 0, 0, 0, 0, 0, 0, 0, 0, 0, 0, 27, 10, 50
"c:\Users\nukec\Documents\GitHub\voxelstation13\build\_deps\glm-src\glm\ext\vector_int2.hpp", "C++", 0, 0, 0, 6, 0, 0, 0, 0, 0, 0, 0, 0, 0, 0, 0, 0, 8, 5, 19
"c:\Users\nukec\Documents\GitHub\voxelstation13\build\_deps\glm-src\glm\ext\vector_int2_sized.hpp", "C++", 0, 0, 0, 13, 0, 0, 0, 0, 0, 0, 0, 0, 0, 0, 0, 0, 27, 10, 50
"c:\Users\nukec\Documents\GitHub\voxelstation13\build\_deps\glm-src\glm\ext\vector_int3.hpp", "C++", 0, 0, 0, 6, 0, 0, 0, 0, 0, 0, 0, 0, 0, 0, 0, 0, 8, 5, 19
"c:\Users\nukec\Documents\GitHub\voxelstation13\build\_deps\glm-src\glm\ext\vector_int3_sized.hpp", "C++", 0, 0, 0, 13, 0, 0, 0, 0, 0, 0, 0, 0, 0, 0, 0, 0, 27, 10, 50
"c:\Users\nukec\Documents\GitHub\voxelstation13\build\_deps\glm-src\glm\ext\vector_int4.hpp", "C++", 0, 0, 0, 6, 0, 0, 0, 0, 0, 0, 0, 0, 0, 0, 0, 0, 8, 5, 19
"c:\Users\nukec\Documents\GitHub\voxelstation13\build\_deps\glm-src\glm\ext\vector_int4_sized.hpp", "C++", 0, 0, 0, 13, 0, 0, 0, 0, 0, 0, 0, 0, 0, 0, 0, 0, 27, 10, 50
"c:\Users\nukec\Documents\GitHub\voxelstation13\build\_deps\glm-src\glm\ext\vector_integer.hpp", "C++", 0, 0, 0, 34, 0, 0, 0, 0, 0, 0, 0, 0, 0, 0, 0, 0, 99, 17, 150
"c:\Users\nukec\Documents\GitHub\voxelstation13\build\_deps\glm-src\glm\ext\vector_integer.inl", "C++", 0, 0, 0, 65, 0, 0, 0, 0, 0, 0, 0, 0, 0, 0, 0, 0, 0, 21, 86
"c:\Users\nukec\Documents\GitHub\voxelstation13\build\_deps\glm-src\glm\ext\vector_packing.hpp", "C++", 0, 0, 0, 9, 0, 0, 0, 0, 0, 0, 0, 0, 0, 0, 0, 0, 16, 8, 33
"c:\Users\nukec\Documents\GitHub\voxelstation13\build\_deps\glm-src\glm\ext\vector_packing.inl", "C++", 0, 0, 0, 0, 0, 0, 0, 0, 0, 0, 0, 0, 0, 0, 0, 0, 0, 1, 1
"c:\Users\nukec\Documents\GitHub\voxelstation13\build\_deps\glm-src\glm\ext\vector_reciprocal.hpp", "C++", 0, 0, 0, 33, 0, 0, 0, 0, 0, 0, 0, 0, 0, 0, 0, 0, 84, 19, 136
"c:\Users\nukec\Documents\GitHub\voxelstation13\build\_deps\glm-src\glm\ext\vector_reciprocal.inl", "C++", 0, 0, 0, 79, 0, 0, 0, 0, 0, 0, 0, 0, 0, 0, 0, 0, 13, 14, 106
"c:\Users\nukec\Documents\GitHub\voxelstation13\build\_deps\glm-src\glm\ext\vector_relational.hpp", "C++", 0, 0, 0, 25, 0, 0, 0, 0, 0, 0, 0, 0, 0, 0, 0, 0, 68, 15, 108
"c:\Users\nukec\Documents\GitHub\voxelstation13\build\_deps\glm-src\glm\ext\vector_relational.inl", "C++", 0, 0, 0, 62, 0, 0, 0, 0, 0, 0, 0, 0, 0, 0, 0, 0, 3, 11, 76
"c:\Users\nukec\Documents\GitHub\voxelstation13\build\_deps\glm-src\glm\ext\vector_uint1.hpp", "C++", 0, 0, 0, 9, 0, 0, 0, 0, 0, 0, 0, 0, 0, 0, 0, 0, 16, 8, 33
"c:\Users\nukec\Documents\GitHub\voxelstation13\build\_deps\glm-src\glm\ext\vector_uint1_sized.hpp", "C++", 0, 0, 0, 13, 0, 0, 0, 0, 0, 0, 0, 0, 0, 0, 0, 0, 27, 10, 50
"c:\Users\nukec\Documents\GitHub\voxelstation13\build\_deps\glm-src\glm\ext\vector_uint2.hpp", "C++", 0, 0, 0, 6, 0, 0, 0, 0, 0, 0, 0, 0, 0, 0, 0, 0, 8, 5, 19
"c:\Users\nukec\Documents\GitHub\voxelstation13\build\_deps\glm-src\glm\ext\vector_uint2_sized.hpp", "C++", 0, 0, 0, 13, 0, 0, 0, 0, 0, 0, 0, 0, 0, 0, 0, 0, 27, 10, 50
"c:\Users\nukec\Documents\GitHub\voxelstation13\build\_deps\glm-src\glm\ext\vector_uint3.hpp", "C++", 0, 0, 0, 6, 0, 0, 0, 0, 0, 0, 0, 0, 0, 0, 0, 0, 8, 5, 19
"c:\Users\nukec\Documents\GitHub\voxelstation13\build\_deps\glm-src\glm\ext\vector_uint3_sized.hpp", "C++", 0, 0, 0, 13, 0, 0, 0, 0, 0, 0, 0, 0, 0, 0, 0, 0, 27, 10, 50
"c:\Users\nukec\Documents\GitHub\voxelstation13\build\_deps\glm-src\glm\ext\vector_uint4.hpp", "C++", 0, 0, 0, 6, 0, 0, 0, 0, 0, 0, 0, 0, 0, 0, 0, 0, 8, 5, 19
"c:\Users\nukec\Documents\GitHub\voxelstation13\build\_deps\glm-src\glm\ext\vector_uint4_sized.hpp", "C++", 0, 0, 0, 13, 0, 0, 0, 0, 0, 0, 0, 0, 0, 0, 0, 0, 27, 10, 50
"c:\Users\nukec\Documents\GitHub\voxelstation13\build\_deps\glm-src\glm\ext\vector_ulp.hpp", "C++", 0, 0, 0, 25, 0, 0, 0, 0, 0, 0, 0, 0, 0, 0, 0, 0, 73, 15, 113
"c:\Users\nukec\Documents\GitHub\voxelstation13\build\_deps\glm-src\glm\ext\vector_ulp.inl", "C++", 0, 0, 0, 67, 0, 0, 0, 0, 0, 0, 0, 0, 0, 0, 0, 0, 0, 8, 75
"c:\Users\nukec\Documents\GitHub\voxelstation13\build\_deps\glm-src\glm\fwd.hpp", "C++", 0, 0, 0, 1013, 0, 0, 0, 0, 0, 0, 0, 0, 0, 0, 0, 0, 12, 209, 1234
"c:\Users\nukec\Documents\GitHub\voxelstation13\build\_deps\glm-src\glm\geometric.hpp", "C++", 0, 0, 0, 30, 0, 0, 0, 0, 0, 0, 0, 0, 0, 0, 0, 0, 73, 14, 117
"c:\Users\nukec\Documents\GitHub\voxelstation13\build\_deps\glm-src\glm\glm.cppm", "C++", 0, 0, 0, 2652, 0, 0, 0, 0, 0, 0, 0, 0, 0, 0, 0, 0, 7, 17, 2676
"c:\Users\nukec\Documents\GitHub\voxelstation13\build\_deps\glm-src\glm\glm.hpp", "C++", 0, 0, 0, 29, 0, 0, 0, 0, 0, 0, 0, 0, 0, 0, 0, 0, 102, 7, 138
"c:\Users\nukec\Documents\GitHub\voxelstation13\build\_deps\glm-src\glm\gtc\bitfield.hpp", "C++", 0, 0, 0, 57, 0, 0, 0, 0, 0, 0, 0, 0, 0, 0, 0, 0, 170, 40, 267
"c:\Users\nukec\Documents\GitHub\voxelstation13\build\_deps\glm-src\glm\gtc\bitfield.inl", "C++", 0, 0, 0, 493, 0, 0, 0, 0, 0, 0, 0, 0, 0, 0, 0, 0, 1, 142, 636
"c:\Users\nukec\Documents\GitHub\voxelstation13\build\_deps\glm-src\glm\gtc\color_space.hpp", "C++", 0, 0, 0, 22, 0, 0, 0, 0, 0, 0, 0, 0, 0, 0, 0, 0, 24, 11, 57
"c:\Users\nukec\Documents\GitHub\voxelstation13\build\_deps\glm-src\glm\gtc\color_space.inl", "C++", 0, 0, 0, 72, 0, 0, 0, 0, 0, 0, 0, 0, 0, 0, 0, 0, 2, 11, 85
"c:\Users\nukec\Documents\GitHub\voxelstation13\build\_deps\glm-src\glm\gtc\constants.hpp", "C++", 0, 0, 0, 65, 0, 0, 0, 0, 0, 0, 0, 0, 0, 0, 0, 0, 71, 35, 171
"c:\Users\nukec\Documents\GitHub\voxelstation13\build\_deps\glm-src\glm\gtc\constants.inl", "C++", 0, 0, 0, 143, 0, 0, 0, 0, 0, 0, 0, 0, 0, 0, 0, 0, 1, 30, 174
"c:\Users\nukec\Documents\GitHub\voxelstation13\build\_deps\glm-src\glm\gtc\epsilon.hpp", "C++", 0, 0, 0, 18, 0, 0, 0, 0, 0, 0, 0, 0, 0, 0, 0, 0, 32, 11, 61
"c:\Users\nukec\Documents\GitHub\voxelstation13\build\_deps\glm-src\glm\gtc\epsilon.inl", "C++", 0, 0, 0, 67, 0, 0, 0, 0, 0, 0, 0, 0, 0, 0, 0, 0, 2, 12, 81
"c:\Users\nukec\Documents\GitHub\voxelstation13\build\_deps\glm-src\glm\gtc\integer.hpp", "C++", 0, 0, 0, 18, 0, 0, 0, 0, 0, 0, 0, 0, 0, 0, 0, 0, 18, 8, 44
"c:\Users\nukec\Documents\GitHub\voxelstation13\build\_deps\glm-src\glm\gtc\integer.inl", "C++", 0, 0, 0, 28, 0, 0, 0, 0, 0, 0, 0, 0, 0, 0, 0, 0, 3, 3, 34
"c:\Users\nukec\Documents\GitHub\voxelstation13\build\_deps\glm-src\glm\gtc\matrix_access.hpp", "C++", 0, 0, 0, 27, 0, 0, 0, 0, 0, 0, 0, 0, 0, 0, 0, 0, 23, 11, 61
"c:\Users\nukec\Documents\GitHub\voxelstation13\build\_deps\glm-src\glm\gtc\matrix_access.inl", "C++", 0, 0, 0, 53, 0, 0, 0, 0, 0, 0, 0, 0, 0, 0, 0, 0, 1, 9, 63
"c:\Users\nukec\Documents\GitHub\voxelstation13\build\_deps\glm-src\glm\gtc\matrix_integer.hpp", "C++", 0, 0, 0, 112, 0, 0, 0, 0, 0, 0, 0, 0, 0, 0, 0, 0, 207, 115, 434
"c:\Users\nukec\Documents\GitHub\voxelstation13\build\_deps\glm-src\glm\gtc\matrix_inverse.hpp", "C++", 0, 0, 0, 17, 0, 0, 0, 0, 0, 0, 0, 0, 0, 0, 0, 0, 25, 9, 51
"c:\Users\nukec\Documents\GitHub\voxelstation13\build\_deps\glm-src\glm\gtc\matrix_inverse.inl", "C++", 0, 0, 0, 99, 0, 0, 0, 0, 0, 0, 0, 0, 0, 0, 0, 0, 1, 19, 119
"c:\Users\nukec\Documents\GitHub\voxelstation13\build\_deps\glm-src\glm\gtc\matrix_transform.hpp", "C++", 0, 0, 0, 12, 0, 0, 0, 0, 0, 0, 0, 0, 0, 0, 0, 0, 20, 5, 37
"c:\Users\nukec\Documents\GitHub\voxelstation13\build\_deps\glm-src\glm\gtc\matrix_transform.inl", "C++", 0, 0, 0, 3, 0, 0, 0, 0, 0, 0, 0, 0, 0, 0, 0, 0, 0, 1, 4
"c:\Users\nukec\Documents\GitHub\voxelstation13\build\_deps\glm-src\glm\gtc\noise.hpp", "C++", 0, 0, 0, 27, 0, 0, 0, 0, 0, 0, 0, 0, 0, 0, 0, 0, 25, 10, 62
"c:\Users\nukec\Documents\GitHub\voxelstation13\build\_deps\glm-src\glm\gtc\noise.inl", "C++", 0, 0, 0, 582, 0, 0, 0, 0, 0, 0, 0, 0, 0, 0, 0, 0, 133, 93, 808
"c:\Users\nukec\Documents\GitHub\voxelstation13\build\_deps\glm-src\glm\gtc\packing.hpp", "C++", 0, 0, 0, 88, 0, 0, 0, 0, 0, 0, 0, 0, 0, 0, 0, 0, 561, 80, 729
"c:\Users\nukec\Documents\GitHub\voxelstation13\build\_deps\glm-src\glm\gtc\packing.inl", "C++", 0, 0, 0, 763, 0, 0, 0, 0, 0, 0, 0, 0, 0, 0, 0, 0, 61, 128, 952
"c:\Users\nukec\Documents\GitHub\voxelstation13\build\_deps\glm-src\glm\gtc\quaternion.hpp", "C++", 0, 0, 0, 60, 0, 0, 0, 0, 0, 0, 0, 0, 0, 0, 0, 0, 93, 21, 174
"c:\Users\nukec\Documents\GitHub\voxelstation13\build\_deps\glm-src\glm\gtc\quaternion.inl", "C++", 0, 0, 0, 175, 0, 0, 0, 0, 0, 0, 0, 0, 0, 0, 0, 0, 1, 33, 209
"c:\Users\nukec\Documents\GitHub\voxelstation13\build\_deps\glm-src\glm\gtc\quaternion_simd.inl", "C++", 0, 0, 0, 0, 0, 0, 0, 0, 0, 0, 0, 0, 0, 0, 0, 0, 0, 1, 1
"c:\Users\nukec\Documents\GitHub\voxelstation13\build\_deps\glm-src\glm\gtc\random.hpp", "C++", 0, 0, 0, 25, 0, 0, 0, 0, 0, 0, 0, 0, 0, 0, 0, 0, 44, 14, 83
"c:\Users\nukec\Documents\GitHub\voxelstation13\build\_deps\glm-src\glm\gtc\random.inl", "C++", 0, 0, 0, 262, 0, 0, 0, 0, 0, 0, 0, 0, 0, 0, 0, 0, 0, 42, 304
"c:\Users\nukec\Documents\GitHub\voxelstation13\build\_deps\glm-src\glm\gtc\reciprocal.hpp", "C++", 0, 0, 0, 7, 0, 0, 0, 0, 0, 0, 0, 0, 0, 0, 0, 0, 12, 6, 25
"c:\Users\nukec\Documents\GitHub\voxelstation13\build\_deps\glm-src\glm\gtc\round.hpp", "C++", 0, 0, 0, 38, 0, 0, 0, 0, 0, 0, 0, 0, 0, 0, 0, 0, 104, 19, 161
"c:\Users\nukec\Documents\GitHub\voxelstation13\build\_deps\glm-src\glm\gtc\round.inl", "C++", 0, 0, 0, 118, 0, 0, 0, 0, 0, 0, 0, 0, 0, 0, 0, 0, 13, 25, 156
"c:\Users\nukec\Documents\GitHub\voxelstation13\build\_deps\glm-src\glm\gtc\type_aligned.hpp", "C++", 0, 0, 0, 547, 0, 0, 0, 0, 0, 0, 0, 0, 0, 0, 0, 0, 384, 385, 1316
"c:\Users\nukec\Documents\GitHub\voxelstation13\build\_deps\glm-src\glm\gtc\type_precision.hpp", "C++", 0, 0, 0, 514, 0, 0, 0, 0, 0, 0, 0, 0, 0, 0, 0, 0, 1018, 563, 2095
"c:\Users\nukec\Documents\GitHub\voxelstation13\build\_deps\glm-src\glm\gtc\type_precision.inl", "C++", 0, 0, 0, 3, 0, 0, 0, 0, 0, 0, 0, 0, 0, 0, 0, 0, 1, 3, 7
"c:\Users\nukec\Documents\GitHub\voxelstation13\build\_deps\glm-src\glm\gtc\type_ptr.hpp", "C++", 0, 0, 0, 89, 0, 0, 0, 0, 0, 0, 0, 0, 0, 0, 0, 0, 102, 40, 231
"c:\Users\nukec\Documents\GitHub\voxelstation13\build\_deps\glm-src\glm\gtc\type_ptr.inl", "C++", 0, 0, 0, 320, 0, 0, 0, 0, 0, 0, 0, 0, 0, 0, 0, 0, 4, 63, 387
"c:\Users\nukec\Documents\GitHub\voxelstation13\build\_deps\glm-src\glm\gtc\ulp.hpp", "C++", 0, 0, 0, 38, 0, 0, 0, 0, 0, 0, 0, 0, 0, 0, 0, 0, 97, 21, 156
"c:\Users\nukec\Documents\GitHub\voxelstation13\build\_deps\glm-src\glm\gtc\ulp.inl", "C++", 0, 0, 0, 150, 0, 0, 0, 0, 0, 0, 0, 0, 0, 0, 0, 0, 1, 23, 174
"c:\Users\nukec\Documents\GitHub\voxelstation13\build\_deps\glm-src\glm\gtc\vec1.hpp", "C++", 0, 0, 0, 14, 0, 0, 0, 0, 0, 0, 0, 0, 0, 0, 0, 0, 12, 5, 31
"c:\Users\nukec\Documents\GitHub\voxelstation13\build\_deps\glm-src\glm\gtx\associated_min_max.hpp", "C++", 0, 0, 0, 117, 0, 0, 0, 0, 0, 0, 0, 0, 0, 0, 0, 0, 60, 29, 206
"c:\Users\nukec\Documents\GitHub\voxelstation13\build\_deps\glm-src\glm\gtx\associated_min_max.inl", "C++", 0, 0, 0, 310, 0, 0, 0, 0, 0, 0, 0, 0, 0, 0, 0, 0, 19, 26, 355
"c:\Users\nukec\Documents\GitHub\voxelstation13\build\_deps\glm-src\glm\gtx\bit.hpp", "C++", 0, 0, 0, 29, 0, 0, 0, 0, 0, 0, 0, 0, 0, 0, 0, 0, 50, 18, 97
"c:\Users\nukec\Documents\GitHub\voxelstation13\build\_deps\glm-src\glm\gtx\bit.inl", "C++", 0, 0, 0, 64, 0, 0, 0, 0, 0, 0, 0, 0, 0, 0, 0, 0, 11, 18, 93
"c:\Users\nukec\Documents\GitHub\voxelstation13\build\_deps\glm-src\glm\gtx\closest_point.hpp", "C++", 0, 0, 0, 21, 0, 0, 0, 0, 0, 0, 0, 0, 0, 0, 0, 0, 18, 9, 48
"c:\Users\nukec\Documents\GitHub\voxelstation13\build\_deps\glm-src\glm\gtx\closest_point.inl", "C++", 0, 0, 0, 35, 0, 0, 0, 0, 0, 0, 0, 0, 0, 0, 0, 0, 3, 8, 46
"c:\Users\nukec\Documents\GitHub\voxelstation13\build\_deps\glm-src\glm\gtx\color_encoding.hpp", "C++", 0, 0, 0, 22, 0, 0, 0, 0, 0, 0, 0, 0, 0, 0, 0, 0, 20, 11, 53
"c:\Users\nukec\Documents\GitHub\voxelstation13\build\_deps\glm-src\glm\gtx\color_encoding.inl", "C++", 0, 0, 0, 35, 0, 0, 0, 0, 0, 0, 0, 0, 0, 0, 0, 0, 1, 10, 46
"c:\Users\nukec\Documents\GitHub\voxelstation13\build\_deps\glm-src\glm\gtx\color_space.hpp", "C++", 0, 0, 0, 31, 0, 0, 0, 0, 0, 0, 0, 0, 0, 0, 0, 0, 27, 13, 71
"c:\Users\nukec\Documents\GitHub\voxelstation13\build\_deps\glm-src\glm\gtx\color_space.inl", "C++", 0, 0, 0, 119, 0, 0, 0, 0, 0, 0, 0, 0, 0, 0, 0, 0, 7, 19, 145
"c:\Users\nukec\Documents\GitHub\voxelstation13\build\_deps\glm-src\glm\gtx\color_space_YCoCg.hpp", "C++", 0, 0, 0, 23, 0, 0, 0, 0, 0, 0, 0, 0, 0, 0, 0, 0, 25, 11, 59
"c:\Users\nukec\Documents\GitHub\voxelstation13\build\_deps\glm-src\glm\gtx\color_space_YCoCg.inl", "C++", 0, 0, 0, 98, 0, 0, 0, 0, 0, 0, 0, 0, 0, 0, 0, 0, 1, 9, 108
"c:\Users\nukec\Documents\GitHub\voxelstation13\build\_deps\glm-src\glm\gtx\common.hpp", "C++", 0, 0, 0, 22, 0, 0, 0, 0, 0, 0, 0, 0, 0, 0, 0, 0, 42, 11, 75
"c:\Users\nukec\Documents\GitHub\voxelstation13\build\_deps\glm-src\glm\gtx\common.inl", "C++", 0, 0, 0, 105, 0, 0, 0, 0, 0, 0, 0, 0, 0, 0, 0, 0, 2, 19, 126
"c:\Users\nukec\Documents\GitHub\voxelstation13\build\_deps\glm-src\glm\gtx\compatibility.hpp", "C++", 0, 0, 0, 96, 0, 0, 0, 0, 0, 0, 0, 0, 0, 0, 0, 0, 15, 21, 132
"c:\Users\nukec\Documents\GitHub\voxelstation13\build\_deps\glm-src\glm\gtx\compatibility.inl", "C++", 0, 0, 0, 55, 0, 0, 0, 0, 0, 0, 0, 0, 0, 0, 0, 0, 1, 7, 63
"c:\Users\nukec\Documents\GitHub\voxelstation13\build\_deps\glm-src\glm\gtx\component_wise.hpp", "C++", 0, 0, 0, 28, 0, 0, 0, 0, 0, 0, 0, 0, 0, 0, 0, 0, 35, 15, 78
"c:\Users\nukec\Documents\GitHub\voxelstation13\build\_deps\glm-src\glm\gtx\component_wise.inl", "C++", 0, 0, 0, 127, 0, 0, 0, 0, 0, 0, 0, 0, 0, 0, 0, 0, 1, 20, 148
"c:\Users\nukec\Documents\GitHub\voxelstation13\build\_deps\glm-src\glm\gtx\dual_quaternion.hpp", "C++", 0, 0, 0, 119, 0, 0, 0, 0, 0, 0, 0, 0, 0, 0, 0, 0, 89, 65, 273
"c:\Users\nukec\Documents\GitHub\voxelstation13\build\_deps\glm-src\glm\gtx\dual_quaternion.inl", "C++", 0, 0, 0, 286, 0, 0, 0, 0, 0, 0, 0, 0, 0, 0, 0, 0, 12, 55, 353
"c:\Users\nukec\Documents\GitHub\voxelstation13\build\_deps\glm-src\glm\gtx\easing.hpp", "C++", 0, 0, 0, 80, 0, 0, 0, 0, 0, 0, 0, 0, 0, 0, 0, 0, 97, 41, 218
"c:\Users\nukec\Documents\GitHub\voxelstation13\build\_deps\glm-src\glm\gtx\easing.inl", "C++", 0, 0, 0, 334, 0, 0, 0, 0, 0, 0, 0, 0, 0, 0, 0, 0, 32, 71, 437
"c:\Users\nukec\Documents\GitHub\voxelstation13\build\_deps\glm-src\glm\gtx\euler_angles.hpp", "C++", 0, 0, 0, 186, 0, 0, 0, 0, 0, 0, 0, 0, 0, 0, 0, 0, 100, 48, 334
"c:\Users\nukec\Documents\GitHub\voxelstation13\build\_deps\glm-src\glm\gtx\euler_angles.inl", "C++", 0, 0, 0, 833, 0, 0, 0, 0, 0, 0, 0, 0, 0, 0, 0, 0, 1, 66, 900
"c:\Users\nukec\Documents\GitHub\voxelstation13\build\_deps\glm-src\glm\gtx\extend.hpp", "C++", 0, 0, 0, 16, 0, 0, 0, 0, 0, 0, 0, 0, 0, 0, 0, 0, 17, 8, 41
"c:\Users\nukec\Documents\GitHub\voxelstation13\build\_deps\glm-src\glm\gtx\extend.inl", "C++", 0, 0, 0, 43, 0, 0, 0, 0, 0, 0, 0, 0, 0, 0, 0, 0, 1, 5, 49
"c:\Users\nukec\Documents\GitHub\voxelstation13\build\_deps\glm-src\glm\gtx\extended_min_max.hpp", "C++", 0, 0, 0, 78, 0, 0, 0, 0, 0, 0, 0, 0, 0, 0, 0, 0, 39, 19, 136
"c:\Users\nukec\Documents\GitHub\voxelstation13\build\_deps\glm-src\glm\gtx\extended_min_max.inl", "C++", 0, 0, 0, 125, 0, 0, 0, 0, 0, 0, 0, 0, 0, 0, 0, 0, 1, 13, 139
"c:\Users\nukec\Documents\GitHub\voxelstation13\build\_deps\glm-src\glm\gtx\exterior_product.hpp", "C++", 0, 0, 0, 14, 0, 0, 0, 0, 0, 0, 0, 0, 0, 0, 0, 0, 22, 8, 44
"c:\Users\nukec\Documents\GitHub\voxelstation13\build\_deps\glm-src\glm\gtx\exterior_product.inl", "C++", 0, 0, 0, 20, 0, 0, 0, 0, 0, 0, 0, 0, 0, 0, 0, 0, 1, 6, 27
"c:\Users\nukec\Documents\GitHub\voxelstation13\build\_deps\glm-src\glm\gtx\fast_exponential.hpp", "C++", 0, 0, 0, 35, 0, 0, 0, 0, 0, 0, 0, 0, 0, 0, 0, 0, 40, 19, 94
"c:\Users\nukec\Documents\GitHub\voxelstation13\build\_deps\glm-src\glm\gtx\fast_exponential.inl", "C++", 0, 0, 0, 73, 0, 0, 0, 0, 0, 0, 0, 0, 0, 0, 0, 0, 50, 14, 137
"c:\Users\nukec\Documents\GitHub\voxelstation13\build\_deps\glm-src\glm\gtx\fast_square_root.hpp", "C++", 0, 0, 0, 33, 0, 0, 0, 0, 0, 0, 0, 0, 0, 0, 0, 0, 47, 17, 97
"c:\Users\nukec\Documents\GitHub\voxelstation13\build\_deps\glm-src\glm\gtx\fast_square_root.inl", "C++", 0, 0, 0, 56, 0, 0, 0, 0, 0, 0, 0, 0, 0, 0, 0, 0, 6, 14, 76
"c:\Users\nukec\Documents\GitHub\voxelstation13\build\_deps\glm-src\glm\gtx\fast_trigonometry.hpp", "C++", 0, 0, 0, 27, 0, 0, 0, 0, 0, 0, 0, 0, 0, 0, 0, 0, 36, 15, 78
"c:\Users\nukec\Documents\GitHub\voxelstation13\build\_deps\glm-src\glm\gtx\fast_trigonometry.inl", "C++", 0, 0, 0, 113, 0, 0, 0, 0, 0, 0, 0, 0, 0, 0, 0, 0, 8, 22, 143
"c:\Users\nukec\Documents\GitHub\voxelstation13\build\_deps\glm-src\glm\gtx\float_notmalize.inl", "C++", 0, 0, 0, 9, 0, 0, 0, 0, 0, 0, 0, 0, 0, 0, 0, 0, 1, 4, 14
"c:\Users\nukec\Documents\GitHub\voxelstation13\build\_deps\glm-src\glm\gtx\functions.hpp", "C++", 0, 0, 0, 23, 0, 0, 0, 0, 0, 0, 0, 0, 0, 0, 0, 0, 22, 10, 55
"c:\Users\nukec\Documents\GitHub\voxelstation13\build\_deps\glm-src\glm\gtx\functions.inl", "C++", 0, 0, 0, 25, 0, 0, 0, 0, 0, 0, 0, 0, 0, 0, 0, 0, 1, 5, 31
"c:\Users\nukec\Documents\GitHub\voxelstation13\build\_deps\glm-src\glm\gtx\gradient_paint.hpp", "C++", 0, 0, 0, 23, 0, 0, 0, 0, 0, 0, 0, 0, 0, 0, 0, 0, 20, 9, 52
"c:\Users\nukec\Documents\GitHub\voxelstation13\build\_deps\glm-src\glm\gtx\gradient_paint.inl", "C++", 0, 0, 0, 32, 0, 0, 0, 0, 0, 0, 0, 0, 0, 0, 0, 0, 1, 4, 37
"c:\Users\nukec\Documents\GitHub\voxelstation13\build\_deps\glm-src\glm\gtx\handed_coordinate_space.hpp", "C++", 0, 0, 0, 21, 0, 0, 0, 0, 0, 0, 0, 0, 0, 0, 0, 0, 19, 9, 49
"c:\Users\nukec\Documents\GitHub\voxelstation13\build\_deps\glm-src\glm\gtx\handed_coordinate_space.inl", "C++", 0, 0, 0, 23, 0, 0, 0, 0, 0, 0, 0, 0, 0, 0, 0, 0, 1, 3, 27
"c:\Users\nukec\Documents\GitHub\voxelstation13\build\_deps\glm-src\glm\gtx\hash.hpp", "C++", 0, 0, 0, 109, 0, 0, 0, 0, 0, 0, 0, 0, 0, 0, 0, 0, 11, 27, 147
"c:\Users\nukec\Documents\GitHub\voxelstation13\build\_deps\glm-src\glm\gtx\hash.inl", "C++", 0, 0, 0, 158, 0, 0, 0, 0, 0, 0, 0, 0, 0, 0, 0, 0, 1, 17, 176
"c:\Users\nukec\Documents\GitHub\voxelstation13\build\_deps\glm-src\glm\gtx\integer.hpp", "C++", 0, 0, 0, 23, 0, 0, 0, 0, 0, 0, 0, 0, 0, 0, 0, 0, 35, 17, 75
"c:\Users\nukec\Documents\GitHub\voxelstation13\build\_deps\glm-src\glm\gtx\integer.inl", "C++", 0, 0, 0, 105, 0, 0, 0, 0, 0, 0, 0, 0, 0, 0, 0, 0, 59, 22, 186
"c:\Users\nukec\Documents\GitHub\voxelstation13\build\_deps\glm-src\glm\gtx\intersect.hpp", "C++", 0, 0, 0, 47, 0, 0, 0, 0, 0, 0, 0, 0, 0, 0, 0, 0, 31, 13, 91
"c:\Users\nukec\Documents\GitHub\voxelstation13\build\_deps\glm-src\glm\gtx\intersect.inl", "C++", 0, 0, 0, 156, 0, 0, 0, 0, 0, 0, 0, 0, 0, 0, 0, 0, 13, 32, 201
"c:\Users\nukec\Documents\GitHub\voxelstation13\build\_deps\glm-src\glm\gtx\io.hpp", "C++", 0, 0, 0, 145, 0, 0, 0, 0, 0, 0, 0, 0, 0, 0, 0, 0, 23, 43, 211
"c:\Users\nukec\Documents\GitHub\voxelstation13\build\_deps\glm-src\glm\gtx\io.inl", "C++", 0, 0, 0, 376, 0, 0, 0, 0, 0, 0, 0, 0, 0, 0, 0, 0, 2, 75, 453
"c:\Users\nukec\Documents\GitHub\voxelstation13\build\_deps\glm-src\glm\gtx\log_base.hpp", "C++", 0, 0, 0, 19, 0, 0, 0, 0, 0, 0, 0, 0, 0, 0, 0, 0, 19, 9, 47
"c:\Users\nukec\Documents\GitHub\voxelstation13\build\_deps\glm-src\glm\gtx\log_base.inl", "C++", 0, 0, 0, 13, 0, 0, 0, 0, 0, 0, 0, 0, 0, 0, 0, 0, 1, 3, 17
"c:\Users\nukec\Documents\GitHub\voxelstation13\build\_deps\glm-src\glm\gtx\matrix_cross_product.hpp", "C++", 0, 0, 0, 17, 0, 0, 0, 0, 0, 0, 0, 0, 0, 0, 0, 0, 20, 9, 46
"c:\Users\nukec\Documents\GitHub\voxelstation13\build\_deps\glm-src\glm\gtx\matrix_cross_product.inl", "C++", 0, 0, 0, 33, 0, 0, 0, 0, 0, 0, 0, 0, 0, 0, 0, 0, 1, 4, 38
"c:\Users\nukec\Documents\GitHub\voxelstation13\build\_deps\glm-src\glm\gtx\matrix_decompose.hpp", "C++", 0, 0, 0, 24, 0, 0, 0, 0, 0, 0, 0, 0, 0, 0, 0, 0, 18, 9, 51
"c:\Users\nukec\Documents\GitHub\voxelstation13\build\_deps\glm-src\glm\gtx\matrix_decompose.inl", "C++", 0, 0, 0, 149, 0, 0, 0, 0, 0, 0, 0, 0, 0, 0, 0, 0, 45, 41, 235
"c:\Users\nukec\Documents\GitHub\voxelstation13\build\_deps\glm-src\glm\gtx\matrix_factorisation.hpp", "C++", 0, 0, 0, 19, 0, 0, 0, 0, 0, 0, 0, 0, 0, 0, 0, 0, 37, 12, 68
"c:\Users\nukec\Documents\GitHub\voxelstation13\build\_deps\glm-src\glm\gtx\matrix_factorisation.inl", "C++", 0, 0, 0, 53, 0, 0, 0, 0, 0, 0, 0, 0, 0, 0, 0, 0, 17, 15, 85
"c:\Users\nukec\Documents\GitHub\voxelstation13\build\_deps\glm-src\glm\gtx\matrix_interpolation.hpp", "C++", 0, 0, 0, 23, 0, 0, 0, 0, 0, 0, 0, 0, 0, 0, 0, 0, 25, 11, 59
"c:\Users\nukec\Documents\GitHub\voxelstation13\build\_deps\glm-src\glm\gtx\matrix_interpolation.inl", "C++", 0, 0, 0, 134, 0, 0, 0, 0, 0, 0, 0, 0, 0, 0, 0, 0, 1, 12, 147
"c:\Users\nukec\Documents\GitHub\voxelstation13\build\_deps\glm-src\glm\gtx\matrix_major_storage.hpp", "C++", 0, 0, 0, 59, 0, 0, 0, 0, 0, 0, 0, 0, 0, 0, 0, 0, 40, 19, 118
"c:\Users\nukec\Documents\GitHub\voxelstation13\build\_deps\glm-src\glm\gtx\matrix_major_storage.inl", "C++", 0, 0, 0, 153, 0, 0, 0, 0, 0, 0, 0, 0, 0, 0, 0, 0, 1, 13, 167
"c:\Users\nukec\Documents\GitHub\voxelstation13\build\_deps\glm-src\glm\gtx\matrix_operation.hpp", "C++", 0, 0, 0, 44, 0, 0, 0, 0, 0, 0, 0, 0, 0, 0, 0, 0, 39, 19, 102
"c:\Users\nukec\Documents\GitHub\voxelstation13\build\_deps\glm-src\glm\gtx\matrix_operation.inl", "C++", 0, 0, 0, 156, 0, 0, 0, 0, 0, 0, 0, 0, 0, 0, 0, 0, 1, 20, 177
"c:\Users\nukec\Documents\GitHub\voxelstation13\build\_deps\glm-src\glm\gtx\matrix_query.hpp", "C++", 0, 0, 0, 29, 0, 0, 0, 0, 0, 0, 0, 0, 0, 0, 0, 0, 32, 15, 76
"c:\Users\nukec\Documents\GitHub\voxelstation13\build\_deps\glm-src\glm\gtx\matrix_query.inl", "C++", 0, 0, 0, 109, 0, 0, 0, 0, 0, 0, 0, 0, 0, 0, 0, 0, 1, 10, 120
"c:\Users\nukec\Documents\GitHub\voxelstation13\build\_deps\glm-src\glm\gtx\matrix_transform_2d.hpp", "C++", 0, 0, 0, 32, 0, 0, 0, 0, 0, 0, 0, 0, 0, 0, 0, 0, 36, 12, 80
"c:\Users\nukec\Documents\GitHub\voxelstation13\build\_deps\glm-src\glm\gtx\matrix_transform_2d.inl", "C++", 0, 0, 0, 56, 0, 0, 0, 0, 0, 0, 0, 0, 0, 0, 0, 0, 2, 11, 69
"c:\Users\nukec\Documents\GitHub\voxelstation13\build\_deps\glm-src\glm\gtx\mixed_product.hpp", "C++", 0, 0, 0, 16, 0, 0, 0, 0, 0, 0, 0, 0, 0, 0, 0, 0, 16, 8, 40
"c:\Users\nukec\Documents\GitHub\voxelstation13\build\_deps\glm-src\glm\gtx\mixed_product.inl", "C++", 0, 0, 0, 13, 0, 0, 0, 0, 0, 0, 0, 0, 0, 0, 0, 0, 1, 2, 16
"c:\Users\nukec\Documents\GitHub\voxelstation13\build\_deps\glm-src\glm\gtx\norm.hpp", "C++", 0, 0, 0, 33, 0, 0, 0, 0, 0, 0, 0, 0, 0, 0, 0, 0, 37, 17, 87
"c:\Users\nukec\Documents\GitHub\voxelstation13\build\_deps\glm-src\glm\gtx\norm.inl", "C++", 0, 0, 0, 79, 0, 0, 0, 0, 0, 0, 0, 0, 0, 0, 0, 0, 1, 16, 96
"c:\Users\nukec\Documents\GitHub\voxelstation13\build\_deps\glm-src\glm\gtx\normal.hpp", "C++", 0, 0, 0, 13, 0, 0, 0, 0, 0, 0, 0, 0, 0, 0, 0, 0, 19, 8, 40
"c:\Users\nukec\Documents\GitHub\voxelstation13\build\_deps\glm-src\glm\gtx\normal.inl", "C++", 0, 0, 0, 13, 0, 0, 0, 0, 0, 0, 0, 0, 0, 0, 0, 0, 1, 2, 16
"c:\Users\nukec\Documents\GitHub\voxelstation13\build\_deps\glm-src\glm\gtx\normalize_dot.hpp", "C++", 0, 0, 0, 15, 0, 0, 0, 0, 0, 0, 0, 0, 0, 0, 0, 0, 24, 9, 48
"c:\Users\nukec\Documents\GitHub\voxelstation13\build\_deps\glm-src\glm\gtx\normalize_dot.inl", "C++", 0, 0, 0, 13, 0, 0, 0, 0, 0, 0, 0, 0, 0, 0, 0, 0, 1, 3, 17
"c:\Users\nukec\Documents\GitHub\voxelstation13\build\_deps\glm-src\glm\gtx\number_precision.hpp", "C++", 0, 0, 0, 14, 0, 0, 0, 0, 0, 0, 0, 0, 0, 0, 0, 0, 21, 10, 45
"c:\Users\nukec\Documents\GitHub\voxelstation13\build\_deps\glm-src\glm\gtx\optimum_pow.hpp", "C++", 0, 0, 0, 17, 0, 0, 0, 0, 0, 0, 0, 0, 0, 0, 0, 0, 24, 10, 51
"c:\Users\nukec\Documents\GitHub\voxelstation13\build\_deps\glm-src\glm\gtx\optimum_pow.inl", "C++", 0, 0, 0, 18, 0, 0, 0, 0, 0, 0, 0, 0, 0, 0, 0, 0, 1, 4, 23
"c:\Users\nukec\Documents\GitHub\voxelstation13\build\_deps\glm-src\glm\gtx\orthonormalize.hpp", "C++", 0, 0, 0, 17, 0, 0, 0, 0, 0, 0, 0, 0, 0, 0, 0, 0, 22, 9, 48
"c:\Users\nukec\Documents\GitHub\voxelstation13\build\_deps\glm-src\glm\gtx\orthonormalize.inl", "C++", 0, 0, 0, 22, 0, 0, 0, 0, 0, 0, 0, 0, 0, 0, 0, 0, 1, 7, 30
"c:\Users\nukec\Documents\GitHub\voxelstation13\build\_deps\glm-src\glm\gtx\pca.hpp", "C++", 0, 0, 0, 32, 0, 0, 0, 0, 0, 0, 0, 0, 0, 0, 0, 0, 66, 15, 113
"c:\Users\nukec\Documents\GitHub\voxelstation13\build\_deps\glm-src\glm\gtx\pca.inl", "C++", 0, 0, 0, 307, 0, 0, 0, 0, 0, 0, 0, 0, 0, 0, 0, 0, 4, 33, 344
"c:\Users\nukec\Documents\GitHub\voxelstation13\build\_deps\glm-src\glm\gtx\perpendicular.hpp", "C++", 0, 0, 0, 14, 0, 0, 0, 0, 0, 0, 0, 0, 0, 0, 0, 0, 18, 8, 40
"c:\Users\nukec\Documents\GitHub\voxelstation13\build\_deps\glm-src\glm\gtx\perpendicular.inl", "C++", 0, 0, 0, 8, 0, 0, 0, 0, 0, 0, 0, 0, 0, 0, 0, 0, 1, 2, 11
"c:\Users\nukec\Documents\GitHub\voxelstation13\build\_deps\glm-src\glm\gtx\polar_coordinates.hpp", "C++", 0, 0, 0, 17, 0, 0, 0, 0, 0, 0, 0, 0, 0, 0, 0, 0, 21, 9, 47
"c:\Users\nukec\Documents\GitHub\voxelstation13\build\_deps\glm-src\glm\gtx\polar_coordinates.inl", "C++", 0, 0, 0, 30, 0, 0, 0, 0, 0, 0, 0, 0, 0, 0, 0, 0, 1, 6, 37
"c:\Users\nukec\Documents\GitHub\voxelstation13\build\_deps\glm-src\glm\gtx\projection.hpp", "C++", 0, 0, 0, 13, 0, 0, 0, 0, 0, 0, 0, 0, 0, 0, 0, 0, 21, 8, 42
"c:\Users\nukec\Documents\GitHub\voxelstation13\build\_deps\glm-src\glm\gtx\projection.inl", "C++", 0, 0, 0, 8, 0, 0, 0, 0, 0, 0, 0, 0, 0, 0, 0, 0, 1, 2, 11
"c:\Users\nukec\Documents\GitHub\voxelstation13\build\_deps\glm-src\glm\gtx\quaternion.hpp", "C++", 0, 0, 0, 76, 0, 0, 0, 0, 0, 0, 0, 0, 0, 0, 0, 0, 73, 24, 173
"c:\Users\nukec\Documents\GitHub\voxelstation13\build\_deps\glm-src\glm\gtx\quaternion.inl", "C++", 0, 0, 0, 128, 0, 0, 0, 0, 0, 0, 0, 0, 0, 0, 0, 0, 9, 23, 160
"c:\Users\nukec\Documents\GitHub\voxelstation13\build\_deps\glm-src\glm\gtx\range.hpp", "C++", 0, 0, 0, 64, 0, 0, 0, 0, 0, 0, 0, 0, 0, 0, 0, 0, 15, 18, 97
"c:\Users\nukec\Documents\GitHub\voxelstation13\build\_deps\glm-src\glm\gtx\raw_data.hpp", "C++", 0, 0, 0, 16, 0, 0, 0, 0, 0, 0, 0, 0, 0, 0, 0, 0, 23, 11, 50
"c:\Users\nukec\Documents\GitHub\voxelstation13\build\_deps\glm-src\glm\gtx\raw_data.inl", "C++", 0, 0, 0, 0, 0, 0, 0, 0, 0, 0, 0, 0, 0, 0, 0, 0, 1, 2, 3
"c:\Users\nukec\Documents\GitHub\voxelstation13\build\_deps\glm-src\glm\gtx\rotate_normalized_axis.hpp", "C++", 0, 0, 0, 23, 0, 0, 0, 0, 0, 0, 0, 0, 0, 0, 0, 0, 35, 9, 67
"c:\Users\nukec\Documents\GitHub\voxelstation13\build\_deps\glm-src\glm\gtx\rotate_normalized_axis.inl", "C++", 0, 0, 0, 46, 0, 0, 0, 0, 0, 0, 0, 0, 0, 0, 0, 0, 2, 11, 59
"c:\Users\nukec\Documents\GitHub\voxelstation13\build\_deps\glm-src\glm\gtx\rotate_vector.hpp", "C++", 0, 0, 0, 61, 0, 0, 0, 0, 0, 0, 0, 0, 0, 0, 0, 0, 43, 18, 122
"c:\Users\nukec\Documents\GitHub\voxelstation13\build\_deps\glm-src\glm\gtx\rotate_vector.inl", "C++", 0, 0, 0, 149, 0, 0, 0, 0, 0, 0, 0, 0, 0, 0, 0, 0, 18, 21, 188
"c:\Users\nukec\Documents\GitHub\voxelstation13\build\_deps\glm-src\glm\gtx\scalar_multiplication.hpp", "C++", 0, 0, 0, 51, 0, 0, 0, 0, 0, 0, 0, 0, 0, 0, 0, 0, 19, 11, 81
"c:\Users\nukec\Documents\GitHub\voxelstation13\build\_deps\glm-src\glm\gtx\scalar_relational.hpp", "C++", 0, 0, 0, 11, 0, 0, 0, 0, 0, 0, 0, 0, 0, 0, 0, 0, 15, 9, 35
"c:\Users\nukec\Documents\GitHub\voxelstation13\build\_deps\glm-src\glm\gtx\scalar_relational.inl", "C++", 0, 0, 0, 78, 0, 0, 0, 0, 0, 0, 0, 0, 0, 0, 0, 0, 1, 10, 89
"c:\Users\nukec\Documents\GitHub\voxelstation13\build\_deps\glm-src\glm\gtx\spline.hpp", "C++", 0, 0, 0, 33, 0, 0, 0, 0, 0, 0, 0, 0, 0, 0, 0, 0, 21, 10, 64
"c:\Users\nukec\Documents\GitHub\voxelstation13\build\_deps\glm-src\glm\gtx\spline.inl", "C++", 0, 0, 0, 51, 0, 0, 0, 0, 0, 0, 0, 0, 0, 0, 0, 0, 1, 9, 61
"c:\Users\nukec\Documents\GitHub\voxelstation13\build\_deps\glm-src\glm\gtx\std_based_type.hpp", "C++", 0, 0, 0, 20, 0, 0, 0, 0, 0, 0, 0, 0, 0, 0, 0, 0, 32, 15, 67
"c:\Users\nukec\Documents\GitHub\voxelstation13\build\_deps\glm-src\glm\gtx\std_based_type.inl", "C++", 0, 0, 0, 3, 0, 0, 0, 0, 0, 0, 0, 0, 0, 0, 0, 0, 1, 3, 7
"c:\Users\nukec\Documents\GitHub\voxelstation13\build\_deps\glm-src\glm\gtx\string_cast.hpp", "C++", 0, 0, 0, 19, 0, 0, 0, 0, 0, 0, 0, 0, 0, 0, 0, 0, 19, 8, 46
"c:\Users\nukec\Documents\GitHub\voxelstation13\build\_deps\glm-src\glm\gtx\string_cast.inl", "C++", 0, 0, 0, 429, 0, 0, 0, 0, 0, 0, 0, 0, 0, 0, 0, 0, 1, 68, 498
"c:\Users\nukec\Documents\GitHub\voxelstation13\build\_deps\glm-src\glm\gtx\texture.hpp", "C++", 0, 0, 0, 15, 0, 0, 0, 0, 0, 0, 0, 0, 0, 0, 0, 0, 21, 9, 45
"c:\Users\nukec\Documents\GitHub\voxelstation13\build\_deps\glm-src\glm\gtx\texture.inl", "C++", 0, 0, 0, 13, 0, 0, 0, 0, 0, 0, 0, 0, 0, 0, 0, 0, 1, 4, 18
"c:\Users\nukec\Documents\GitHub\voxelstation13\build\_deps\glm-src\glm\gtx\transform.hpp", "C++", 0, 0, 0, 22, 0, 0, 0, 0, 0, 0, 0, 0, 0, 0, 0, 0, 27, 10, 59
"c:\Users\nukec\Documents\GitHub\voxelstation13\build\_deps\glm-src\glm\gtx\transform.inl", "C++", 0, 0, 0, 18, 0, 0, 0, 0, 0, 0, 0, 0, 0, 0, 0, 0, 1, 5, 24
"c:\Users\nukec\Documents\GitHub\voxelstation13\build\_deps\glm-src\glm\gtx\transform2.hpp", "C++", 0, 0, 0, 30, 0, 0, 0, 0, 0, 0, 0, 0, 0, 0, 0, 0, 40, 18, 88
"c:\Users\nukec\Documents\GitHub\voxelstation13\build\_deps\glm-src\glm\gtx\transform2.inl", "C++", 0, 0, 0, 110, 0, 0, 0, 0, 0, 0, 0, 0, 0, 0, 0, 0, 1, 15, 126
"c:\Users\nukec\Documents\GitHub\voxelstation13\build\_deps\glm-src\glm\gtx\type_aligned.hpp", "C++", 0, 0, 0, 229, 0, 0, 0, 0, 0, 0, 0, 0, 0, 0, 0, 0, 468, 284, 981
"c:\Users\nukec\Documents\GitHub\voxelstation13\build\_deps\glm-src\glm\gtx\type_aligned.inl", "C++", 0, 0, 0, 3, 0, 0, 0, 0, 0, 0, 0, 0, 0, 0, 0, 0, 1, 3, 7
"c:\Users\nukec\Documents\GitHub\voxelstation13\build\_deps\glm-src\glm\gtx\type_trait.hpp", "C++", 0, 0, 0, 57, 0, 0, 0, 0, 0, 0, 0, 0, 0, 0, 0, 0, 15, 12, 84
"c:\Users\nukec\Documents\GitHub\voxelstation13\build\_deps\glm-src\glm\gtx\type_trait.inl", "C++", 0, 0, 0, 51, 0, 0, 0, 0, 0, 0, 0, 0, 0, 0, 0, 0, 5, 6, 62
"c:\Users\nukec\Documents\GitHub\voxelstation13\build\_deps\glm-src\glm\gtx\vec_swizzle.hpp", "C++", 0, 0, 0, 1945, 0, 0, 0, 0, 0, 0, 0, 0, 0, 0, 0, 0, 350, 490, 2785
"c:\Users\nukec\Documents\GitHub\voxelstation13\build\_deps\glm-src\glm\gtx\vector_angle.hpp", "C++", 0, 0, 0, 20, 0, 0, 0, 0, 0, 0, 0, 0, 0, 0, 0, 0, 26, 10, 56
"c:\Users\nukec\Documents\GitHub\voxelstation13\build\_deps\glm-src\glm\gtx\vector_angle.inl", "C++", 0, 0, 0, 37, 0, 0, 0, 0, 0, 0, 0, 0, 0, 0, 0, 0, 1, 8, 46
"c:\Users\nukec\Documents\GitHub\voxelstation13\build\_deps\glm-src\glm\gtx\vector_query.hpp", "C++", 0, 0, 0, 25, 0, 0, 0, 0, 0, 0, 0, 0, 0, 0, 0, 0, 27, 13, 65
"c:\Users\nukec\Documents\GitHub\voxelstation13\build\_deps\glm-src\glm\gtx\vector_query.inl", "C++", 0, 0, 0, 128, 0, 0, 0, 0, 0, 0, 0, 0, 0, 0, 0, 0, 1, 26, 155
"c:\Users\nukec\Documents\GitHub\voxelstation13\build\_deps\glm-src\glm\gtx\wrap.hpp", "C++", 0, 0, 0, 14, 0, 0, 0, 0, 0, 0, 0, 0, 0, 0, 0, 0, 15, 7, 36
"c:\Users\nukec\Documents\GitHub\voxelstation13\build\_deps\glm-src\glm\gtx\wrap.inl", "C++", 0, 0, 0, 3, 0, 0, 0, 0, 0, 0, 0, 0, 0, 0, 0, 0, 1, 3, 7
"c:\Users\nukec\Documents\GitHub\voxelstation13\build\_deps\glm-src\glm\integer.hpp", "C++", 0, 0, 0, 55, 0, 0, 0, 0, 0, 0, 0, 0, 0, 0, 0, 0, 139, 19, 213
"c:\Users\nukec\Documents\GitHub\voxelstation13\build\_deps\glm-src\glm\mat2x2.hpp", "C++", 0, 0, 0, 5, 0, 0, 0, 0, 0, 0, 0, 0, 0, 0, 0, 0, 2, 3, 10
"c:\Users\nukec\Documents\GitHub\voxelstation13\build\_deps\glm-src\glm\mat2x3.hpp", "C++", 0, 0, 0, 5, 0, 0, 0, 0, 0, 0, 0, 0, 0, 0, 0, 0, 2, 3, 10
"c:\Users\nukec\Documents\GitHub\voxelstation13\build\_deps\glm-src\glm\mat2x4.hpp", "C++", 0, 0, 0, 5, 0, 0, 0, 0, 0, 0, 0, 0, 0, 0, 0, 0, 2, 3, 10
"c:\Users\nukec\Documents\GitHub\voxelstation13\build\_deps\glm-src\glm\mat3x2.hpp", "C++", 0, 0, 0, 5, 0, 0, 0, 0, 0, 0, 0, 0, 0, 0, 0, 0, 2, 3, 10
"c:\Users\nukec\Documents\GitHub\voxelstation13\build\_deps\glm-src\glm\mat3x3.hpp", "C++", 0, 0, 0, 5, 0, 0, 0, 0, 0, 0, 0, 0, 0, 0, 0, 0, 2, 2, 9
"c:\Users\nukec\Documents\GitHub\voxelstation13\build\_deps\glm-src\glm\mat3x4.hpp", "C++", 0, 0, 0, 5, 0, 0, 0, 0, 0, 0, 0, 0, 0, 0, 0, 0, 2, 2, 9
"c:\Users\nukec\Documents\GitHub\voxelstation13\build\_deps\glm-src\glm\mat4x2.hpp", "C++", 0, 0, 0, 5, 0, 0, 0, 0, 0, 0, 0, 0, 0, 0, 0, 0, 2, 3, 10
"c:\Users\nukec\Documents\GitHub\voxelstation13\build\_deps\glm-src\glm\mat4x3.hpp", "C++", 0, 0, 0, 5, 0, 0, 0, 0, 0, 0, 0, 0, 0, 0, 0, 0, 2, 2, 9
"c:\Users\nukec\Documents\GitHub\voxelstation13\build\_deps\glm-src\glm\mat4x4.hpp", "C++", 0, 0, 0, 5, 0, 0, 0, 0, 0, 0, 0, 0, 0, 0, 0, 0, 2, 3, 10
"c:\Users\nukec\Documents\GitHub\voxelstation13\build\_deps\glm-src\glm\matrix.hpp", "C++", 0, 0, 0, 78, 0, 0, 0, 0, 0, 0, 0, 0, 0, 0, 0, 0, 63, 21, 162
"c:\Users\nukec\Documents\GitHub\voxelstation13\build\_deps\glm-src\glm\packing.hpp", "C++", 0, 0, 0, 20, 0, 0, 0, 0, 0, 0, 0, 0, 0, 0, 0, 0, 136, 18, 174
"c:\Users\nukec\Documents\GitHub\voxelstation13\build\_deps\glm-src\glm\simd\common.h", "C++", 0, 0, 0, 197, 0, 0, 0, 0, 0, 0, 0, 0, 0, 0, 0, 0, 11, 33, 241
"c:\Users\nukec\Documents\GitHub\voxelstation13\build\_deps\glm-src\glm\simd\exponential.h", "C++", 0, 0, 0, 12, 0, 0, 0, 0, 0, 0, 0, 0, 0, 0, 0, 0, 2, 7, 21
"c:\Users\nukec\Documents\GitHub\voxelstation13\build\_deps\glm-src\glm\simd\geometric.h", "C++", 0, 0, 0, 105, 0, 0, 0, 0, 0, 0, 0, 0, 0, 0, 0, 0, 7, 19, 131
"c:\Users\nukec\Documents\GitHub\voxelstation13\build\_deps\glm-src\glm\simd\integer.h", "C++", 0, 0, 0, 63, 0, 0, 0, 0, 0, 0, 0, 0, 0, 0, 0, 0, 29, 24, 116
"c:\Users\nukec\Documents\GitHub\voxelstation13\build\_deps\glm-src\glm\simd\matrix.h", "C++", 0, 0, 0, 546, 0, 0, 0, 0, 0, 0, 0, 0, 0, 0, 0, 0, 310, 173, 1029
"c:\Users\nukec\Documents\GitHub\voxelstation13\build\_deps\glm-src\glm\simd\neon.h", "C++", 0, 0, 0, 144, 0, 0, 0, 0, 0, 0, 0, 0, 0, 0, 0, 0, 2, 10, 156
"c:\Users\nukec\Documents\GitHub\voxelstation13\build\_deps\glm-src\glm\simd\packing.h", "C++", 0, 0, 0, 3, 0, 0, 0, 0, 0, 0, 0, 0, 0, 0, 0, 0, 2, 4, 9
"c:\Users\nukec\Documents\GitHub\voxelstation13\build\_deps\glm-src\glm\simd\platform.h", "C++", 0, 0, 0, 414, 0, 0, 0, 0, 0, 0, 0, 0, 0, 0, 0, 0, 21, 35, 470
"c:\Users\nukec\Documents\GitHub\voxelstation13\build\_deps\glm-src\glm\simd\trigonometric.h", "C++", 0, 0, 0, 3, 0, 0, 0, 0, 0, 0, 0, 0, 0, 0, 0, 0, 2, 5, 10
"c:\Users\nukec\Documents\GitHub\voxelstation13\build\_deps\glm-src\glm\simd\vector_relational.h", "C++", 0, 0, 0, 3, 0, 0, 0, 0, 0, 0, 0, 0, 0, 0, 0, 0, 2, 4, 9
"c:\Users\nukec\Documents\GitHub\voxelstation13\build\_deps\glm-src\glm\trigonometric.hpp", "C++", 0, 0, 0, 37, 0, 0, 0, 0, 0, 0, 0, 0, 0, 0, 0, 0, 153, 21, 211
"c:\Users\nukec\Documents\GitHub\voxelstation13\build\_deps\glm-src\glm\vec2.hpp", "C++", 0, 0, 0, 11, 0, 0, 0, 0, 0, 0, 0, 0, 0, 0, 0, 0, 2, 2, 15
"c:\Users\nukec\Documents\GitHub\voxelstation13\build\_deps\glm-src\glm\vec3.hpp", "C++", 0, 0, 0, 11, 0, 0, 0, 0, 0, 0, 0, 0, 0, 0, 0, 0, 2, 2, 15
"c:\Users\nukec\Documents\GitHub\voxelstation13\build\_deps\glm-src\glm\vec4.hpp", "C++", 0, 0, 0, 11, 0, 0, 0, 0, 0, 0, 0, 0, 0, 0, 0, 0, 2, 3, 16
"c:\Users\nukec\Documents\GitHub\voxelstation13\build\_deps\glm-src\glm\vector_relational.hpp", "C++", 0, 0, 0, 25, 0, 0, 0, 0, 0, 0, 0, 0, 0, 0, 0, 0, 82, 15, 122
"c:\Users\nukec\Documents\GitHub\voxelstation13\build\_deps\glm-src\manual.md", "Markdown", 0, 0, 0, 0, 0, 0, 0, 0, 1606, 0, 0, 0, 0, 0, 0, 0, 0, 845, 2451
"c:\Users\nukec\Documents\GitHub\voxelstation13\build\_deps\glm-src\readme.md", "Markdown", 0, 0, 0, 0, 0, 0, 0, 0, 1115, 0, 0, 0, 0, 0, 0, 0, 0, 186, 1301
"c:\Users\nukec\Documents\GitHub\voxelstation13\build\_deps\glm-src\test\CMakeLists.txt", "CMake", 0, 0, 0, 0, 69, 0, 0, 0, 0, 0, 0, 0, 0, 0, 0, 0, 0, 13, 82
"c:\Users\nukec\Documents\GitHub\voxelstation13\build\_deps\glm-src\test\bug\CMakeLists.txt", "CMake", 0, 0, 0, 0, 1, 0, 0, 0, 0, 0, 0, 0, 0, 0, 0, 0, 0, 1, 2
"c:\Users\nukec\Documents\GitHub\voxelstation13\build\_deps\glm-src\test\bug\bug_ms_vec_static.cpp", "C++", 0, 0, 0, 38, 0, 0, 0, 0, 0, 0, 0, 0, 0, 0, 0, 0, 2, 9, 49
"c:\Users\nukec\Documents\GitHub\voxelstation13\build\_deps\glm-src\test\cmake\CMakeLists.txt", "CMake", 0, 0, 0, 0, 6, 0, 0, 0, 0, 0, 0, 0, 0, 0, 0, 0, 0, 4, 10
"c:\Users\nukec\Documents\GitHub\voxelstation13\build\_deps\glm-src\test\cmake\test_find_glm.cpp", "C++", 0, 0, 0, 19, 0, 0, 0, 0, 0, 0, 0, 0, 0, 0, 0, 0, 0, 4, 23
"c:\Users\nukec\Documents\GitHub\voxelstation13\build\_deps\glm-src\test\core\CMakeLists.txt", "CMake", 0, 0, 0, 0, 51, 0, 0, 0, 0, 0, 0, 0, 0, 0, 0, 0, 0, 1, 52
"c:\Users\nukec\Documents\GitHub\voxelstation13\build\_deps\glm-src\test\core\core_cpp_constexpr.cpp", "C++", 0, 0, 0, 586, 0, 0, 0, 0, 0, 0, 0, 0, 0, 0, 0, 0, 0, 165, 751
"c:\Users\nukec\Documents\GitHub\voxelstation13\build\_deps\glm-src\test\core\core_cpp_defaulted_ctor.cpp", "C++", 0, 0, 0, 118, 0, 0, 0, 0, 0, 0, 0, 0, 0, 0, 0, 0, 0, 28, 146
"c:\Users\nukec\Documents\GitHub\voxelstation13\build\_deps\glm-src\test\core\core_force_aligned_gentypes.cpp", "C++", 0, 0, 0, 7, 0, 0, 0, 0, 0, 0, 0, 0, 0, 0, 0, 0, 0, 4, 11
"c:\Users\nukec\Documents\GitHub\voxelstation13\build\_deps\glm-src\test\core\core_force_arch_unknown.cpp", "C++", 0, 0, 0, 10, 0, 0, 0, 0, 0, 0, 0, 0, 0, 0, 0, 0, 0, 5, 15
"c:\Users\nukec\Documents\GitHub\voxelstation13\build\_deps\glm-src\test\core\core_force_compiler_unknown.cpp", "C++", 0, 0, 0, 32, 0, 0, 0, 0, 0, 0, 0, 0, 0, 0, 0, 0, 0, 7, 39
"c:\Users\nukec\Documents\GitHub\voxelstation13\build\_deps\glm-src\test\core\core_force_ctor_init.cpp", "C++", 0, 0, 0, 100, 0, 0, 0, 0, 0, 0, 0, 0, 0, 0, 0, 0, 0, 40, 140
"c:\Users\nukec\Documents\GitHub\voxelstation13\build\_deps\glm-src\test\core\core_force_depth_zero_to_one.cpp", "C++", 0, 0, 0, 8, 0, 0, 0, 0, 0, 0, 0, 0, 0, 0, 0, 0, 0, 5, 13
"c:\Users\nukec\Documents\GitHub\voxelstation13\build\_deps\glm-src\test\core\core_force_explicit_ctor.cpp", "C++", 0, 0, 0, 10, 0, 0, 0, 0, 0, 0, 0, 0, 0, 0, 0, 0, 1, 7, 18
"c:\Users\nukec\Documents\GitHub\voxelstation13\build\_deps\glm-src\test\core\core_force_inline.cpp", "C++", 0, 0, 0, 8, 0, 0, 0, 0, 0, 0, 0, 0, 0, 0, 0, 0, 0, 5, 13
"c:\Users\nukec\Documents\GitHub\voxelstation13\build\_deps\glm-src\test\core\core_force_left_handed.cpp", "C++", 0, 0, 0, 8, 0, 0, 0, 0, 0, 0, 0, 0, 0, 0, 0, 0, 0, 5, 13
"c:\Users\nukec\Documents\GitHub\voxelstation13\build\_deps\glm-src\test\core\core_force_platform_unknown.cpp", "C++", 0, 0, 0, 10, 0, 0, 0, 0, 0, 0, 0, 0, 0, 0, 0, 0, 0, 5, 15
"c:\Users\nukec\Documents\GitHub\voxelstation13\build\_deps\glm-src\test\core\core_force_pure.cpp", "C++", 0, 0, 0, 358, 0, 0, 0, 0, 0, 0, 0, 0, 0, 0, 0, 0, 2, 84, 444
"c:\Users\nukec\Documents\GitHub\voxelstation13\build\_deps\glm-src\test\core\core_force_quat_wxyz.cpp", "C++", 0, 0, 0, 9, 0, 0, 0, 0, 0, 0, 0, 0, 0, 0, 0, 0, 0, 5, 14
"c:\Users\nukec\Documents\GitHub\voxelstation13\build\_deps\glm-src\test\core\core_force_size_t_length.cpp", "C++", 0, 0, 0, 8, 0, 0, 0, 0, 0, 0, 0, 0, 0, 0, 0, 0, 0, 5, 13
"c:\Users\nukec\Documents\GitHub\voxelstation13\build\_deps\glm-src\test\core\core_force_unrestricted_gentype.cpp", "C++", 0, 0, 0, 8, 0, 0, 0, 0, 0, 0, 0, 0, 0, 0, 0, 0, 0, 5, 13
"c:\Users\nukec\Documents\GitHub\voxelstation13\build\_deps\glm-src\test\core\core_force_xyzw_only.cpp", "C++", 0, 0, 0, 46, 0, 0, 0, 0, 0, 0, 0, 0, 0, 0, 0, 0, 0, 13, 59
"c:\Users\nukec\Documents\GitHub\voxelstation13\build\_deps\glm-src\test\core\core_func_common.cpp", "C++", 0, 0, 0, 1138, 0, 0, 0, 0, 0, 0, 0, 0, 0, 0, 0, 0, 15, 279, 1432
"c:\Users\nukec\Documents\GitHub\voxelstation13\build\_deps\glm-src\test\core\core_func_exponential.cpp", "C++", 0, 0, 0, 130, 0, 0, 0, 0, 0, 0, 0, 0, 0, 0, 0, 0, 1, 55, 186
"c:\Users\nukec\Documents\GitHub\voxelstation13\build\_deps\glm-src\test\core\core_func_geometric.cpp", "C++", 0, 0, 0, 170, 0, 0, 0, 0, 0, 0, 0, 0, 0, 0, 0, 0, 0, 41, 211
"c:\Users\nukec\Documents\GitHub\voxelstation13\build\_deps\glm-src\test\core\core_func_integer.cpp", "C++", 0, 0, 0, 1255, 0, 0, 0, 0, 0, 0, 0, 0, 0, 0, 0, 0, 42, 291, 1588
"c:\Users\nukec\Documents\GitHub\voxelstation13\build\_deps\glm-src\test\core\core_func_integer_bit_count.cpp", "C++", 0, 0, 0, 242, 0, 0, 0, 0, 0, 0, 0, 0, 0, 0, 0, 0, 15, 62, 319
"c:\Users\nukec\Documents\GitHub\voxelstation13\build\_deps\glm-src\test\core\core_func_integer_find_lsb.cpp", "C++", 0, 0, 0, 323, 0, 0, 0, 0, 0, 0, 0, 0, 0, 0, 0, 0, 54, 78, 455
"c:\Users\nukec\Documents\GitHub\voxelstation13\build\_deps\glm-src\test\core\core_func_integer_find_msb.cpp", "C++", 0, 0, 0, 325, 0, 0, 0, 0, 0, 0, 0, 0, 0, 0, 0, 0, 60, 81, 466
"c:\Users\nukec\Documents\GitHub\voxelstation13\build\_deps\glm-src\test\core\core_func_matrix.cpp", "C++", 0, 0, 0, 353, 0, 0, 0, 0, 0, 0, 0, 0, 0, 0, 0, 0, 3, 71, 427
"c:\Users\nukec\Documents\GitHub\voxelstation13\build\_deps\glm-src\test\core\core_func_noise.cpp", "C++", 0, 0, 0, 5, 0, 0, 0, 0, 0, 0, 0, 0, 0, 0, 0, 0, 0, 3, 8
"c:\Users\nukec\Documents\GitHub\voxelstation13\build\_deps\glm-src\test\core\core_func_packing.cpp", "C++", 0, 0, 0, 120, 0, 0, 0, 0, 0, 0, 0, 0, 0, 0, 0, 0, 7, 30, 157
"c:\Users\nukec\Documents\GitHub\voxelstation13\build\_deps\glm-src\test\core\core_func_swizzle.cpp", "C++", 0, 0, 0, 121, 0, 0, 0, 0, 0, 0, 0, 0, 0, 0, 0, 0, 0, 44, 165
"c:\Users\nukec\Documents\GitHub\voxelstation13\build\_deps\glm-src\test\core\core_func_trigonometric.cpp", "C++", 0, 0, 0, 6, 0, 0, 0, 0, 0, 0, 0, 0, 0, 0, 0, 0, 0, 5, 11
"c:\Users\nukec\Documents\GitHub\voxelstation13\build\_deps\glm-src\test\core\core_func_vector_relational.cpp", "C++", 0, 0, 0, 143, 0, 0, 0, 0, 0, 0, 0, 0, 0, 0, 0, 0, 0, 38, 181
"c:\Users\nukec\Documents\GitHub\voxelstation13\build\_deps\glm-src\test\core\core_setup_force_cxx03.cpp", "C++", 0, 0, 0, 29, 0, 0, 0, 0, 0, 0, 0, 0, 0, 0, 0, 0, 0, 6, 35
"c:\Users\nukec\Documents\GitHub\voxelstation13\build\_deps\glm-src\test\core\core_setup_force_cxx98.cpp", "C++", 0, 0, 0, 29, 0, 0, 0, 0, 0, 0, 0, 0, 0, 0, 0, 0, 0, 5, 34
"c:\Users\nukec\Documents\GitHub\voxelstation13\build\_deps\glm-src\test\core\core_setup_force_cxx_unknown.cpp", "C++", 0, 0, 0, 10, 0, 0, 0, 0, 0, 0, 0, 0, 0, 0, 0, 0, 0, 5, 15
"c:\Users\nukec\Documents\GitHub\voxelstation13\build\_deps\glm-src\test\core\core_setup_force_size_t_length.cpp", "C++", 0, 0, 0, 18, 0, 0, 0, 0, 0, 0, 0, 0, 0, 0, 0, 0, 0, 5, 23
"c:\Users\nukec\Documents\GitHub\voxelstation13\build\_deps\glm-src\test\core\core_setup_message.cpp", "C++", 0, 0, 0, 293, 0, 0, 0, 0, 0, 0, 0, 0, 0, 0, 0, 0, 0, 23, 316
"c:\Users\nukec\Documents\GitHub\voxelstation13\build\_deps\glm-src\test\core\core_setup_platform_unknown.cpp", "C++", 0, 0, 0, 40, 0, 0, 0, 0, 0, 0, 0, 0, 0, 0, 0, 0, 0, 6, 46
"c:\Users\nukec\Documents\GitHub\voxelstation13\build\_deps\glm-src\test\core\core_setup_precision.cpp", "C++", 0, 0, 0, 45, 0, 0, 0, 0, 0, 0, 0, 0, 0, 0, 0, 0, 0, 14, 59
"c:\Users\nukec\Documents\GitHub\voxelstation13\build\_deps\glm-src\test\core\core_type_aligned.cpp", "C++", 0, 0, 0, 86, 0, 0, 0, 0, 0, 0, 0, 0, 0, 0, 0, 0, 0, 25, 111
"c:\Users\nukec\Documents\GitHub\voxelstation13\build\_deps\glm-src\test\core\core_type_cast.cpp", "C++", 0, 0, 0, 116, 0, 0, 0, 0, 0, 0, 0, 0, 0, 0, 0, 0, 0, 39, 155
"c:\Users\nukec\Documents\GitHub\voxelstation13\build\_deps\glm-src\test\core\core_type_ctor.cpp", "C++", 0, 0, 0, 278, 0, 0, 0, 0, 0, 0, 0, 0, 0, 0, 0, 0, 0, 74, 352
"c:\Users\nukec\Documents\GitHub\voxelstation13\build\_deps\glm-src\test\core\core_type_int.cpp", "C++", 0, 0, 0, 19, 0, 0, 0, 0, 0, 0, 0, 0, 0, 0, 0, 0, 0, 8, 27
"c:\Users\nukec\Documents\GitHub\voxelstation13\build\_deps\glm-src\test\core\core_type_length.cpp", "C++", 0, 0, 0, 60, 0, 0, 0, 0, 0, 0, 0, 0, 0, 0, 0, 0, 0, 19, 79
"c:\Users\nukec\Documents\GitHub\voxelstation13\build\_deps\glm-src\test\core\core_type_mat2x2.cpp", "C++", 0, 0, 0, 154, 0, 0, 0, 0, 0, 0, 0, 0, 0, 0, 0, 0, 0, 45, 199
"c:\Users\nukec\Documents\GitHub\voxelstation13\build\_deps\glm-src\test\core\core_type_mat2x3.cpp", "C++", 0, 0, 0, 127, 0, 0, 0, 0, 0, 0, 0, 0, 0, 0, 0, 0, 0, 37, 164
"c:\Users\nukec\Documents\GitHub\voxelstation13\build\_deps\glm-src\test\core\core_type_mat2x4.cpp", "C++", 0, 0, 0, 129, 0, 0, 0, 0, 0, 0, 0, 0, 0, 0, 0, 0, 0, 40, 169
"c:\Users\nukec\Documents\GitHub\voxelstation13\build\_deps\glm-src\test\core\core_type_mat3x2.cpp", "C++", 0, 0, 0, 131, 0, 0, 0, 0, 0, 0, 0, 0, 0, 0, 0, 0, 0, 39, 170
"c:\Users\nukec\Documents\GitHub\voxelstation13\build\_deps\glm-src\test\core\core_type_mat3x3.cpp", "C++", 0, 0, 0, 171, 0, 0, 0, 0, 0, 0, 0, 0, 0, 0, 0, 0, 0, 46, 217
"c:\Users\nukec\Documents\GitHub\voxelstation13\build\_deps\glm-src\test\core\core_type_mat3x4.cpp", "C++", 0, 0, 0, 133, 0, 0, 0, 0, 0, 0, 0, 0, 0, 0, 0, 0, 0, 38, 171
"c:\Users\nukec\Documents\GitHub\voxelstation13\build\_deps\glm-src\test\core\core_type_mat4x2.cpp", "C++", 0, 0, 0, 135, 0, 0, 0, 0, 0, 0, 0, 0, 0, 0, 0, 0, 0, 38, 173
"c:\Users\nukec\Documents\GitHub\voxelstation13\build\_deps\glm-src\test\core\core_type_mat4x3.cpp", "C++", 0, 0, 0, 135, 0, 0, 0, 0, 0, 0, 0, 0, 0, 0, 0, 0, 0, 39, 174
"c:\Users\nukec\Documents\GitHub\voxelstation13\build\_deps\glm-src\test\core\core_type_mat4x4.cpp", "C++", 0, 0, 0, 167, 0, 0, 0, 0, 0, 0, 0, 0, 0, 0, 0, 0, 4, 53, 224
"c:\Users\nukec\Documents\GitHub\voxelstation13\build\_deps\glm-src\test\core\core_type_vec1.cpp", "C++", 0, 0, 0, 126, 0, 0, 0, 0, 0, 0, 0, 0, 0, 0, 0, 0, 24, 40, 190
"c:\Users\nukec\Documents\GitHub\voxelstation13\build\_deps\glm-src\test\core\core_type_vec2.cpp", "C++", 0, 0, 0, 325, 0, 0, 0, 0, 0, 0, 0, 0, 0, 0, 0, 0, 3, 86, 414
"c:\Users\nukec\Documents\GitHub\voxelstation13\build\_deps\glm-src\test\core\core_type_vec3.cpp", "C++", 0, 0, 0, 482, 0, 0, 0, 0, 0, 0, 0, 0, 0, 0, 0, 0, 27, 124, 633
"c:\Users\nukec\Documents\GitHub\voxelstation13\build\_deps\glm-src\test\core\core_type_vec4.cpp", "C++", 0, 0, 0, 608, 0, 0, 0, 0, 0, 0, 0, 0, 0, 0, 0, 0, 66, 170, 844
"c:\Users\nukec\Documents\GitHub\voxelstation13\build\_deps\glm-src\test\ext\CMakeLists.txt", "CMake", 0, 0, 0, 0, 54, 0, 0, 0, 0, 0, 0, 0, 0, 0, 0, 0, 0, 2, 56
"c:\Users\nukec\Documents\GitHub\voxelstation13\build\_deps\glm-src\test\ext\ext_matrix_clip_space.cpp", "C++", 0, 0, 0, 11, 0, 0, 0, 0, 0, 0, 0, 0, 0, 0, 0, 0, 0, 3, 14
"c:\Users\nukec\Documents\GitHub\voxelstation13\build\_deps\glm-src\test\ext\ext_matrix_common.cpp", "C++", 0, 0, 0, 213, 0, 0, 0, 0, 0, 0, 0, 0, 0, 0, 0, 0, 9, 15, 237
"c:\Users\nukec\Documents\GitHub\voxelstation13\build\_deps\glm-src\test\ext\ext_matrix_int2x2_sized.cpp", "C++", 0, 0, 0, 21, 0, 0, 0, 0, 0, 0, 0, 0, 0, 0, 0, 0, 0, 8, 29
"c:\Users\nukec\Documents\GitHub\voxelstation13\build\_deps\glm-src\test\ext\ext_matrix_int2x3_sized.cpp", "C++", 0, 0, 0, 21, 0, 0, 0, 0, 0, 0, 0, 0, 0, 0, 0, 0, 0, 8, 29
"c:\Users\nukec\Documents\GitHub\voxelstation13\build\_deps\glm-src\test\ext\ext_matrix_int2x4_sized.cpp", "C++", 0, 0, 0, 21, 0, 0, 0, 0, 0, 0, 0, 0, 0, 0, 0, 0, 0, 8, 29
"c:\Users\nukec\Documents\GitHub\voxelstation13\build\_deps\glm-src\test\ext\ext_matrix_int3x2_sized.cpp", "C++", 0, 0, 0, 21, 0, 0, 0, 0, 0, 0, 0, 0, 0, 0, 0, 0, 0, 8, 29
"c:\Users\nukec\Documents\GitHub\voxelstation13\build\_deps\glm-src\test\ext\ext_matrix_int3x3_sized.cpp", "C++", 0, 0, 0, 21, 0, 0, 0, 0, 0, 0, 0, 0, 0, 0, 0, 0, 0, 8, 29
"c:\Users\nukec\Documents\GitHub\voxelstation13\build\_deps\glm-src\test\ext\ext_matrix_int3x4_sized.cpp", "C++", 0, 0, 0, 21, 0, 0, 0, 0, 0, 0, 0, 0, 0, 0, 0, 0, 0, 8, 29
"c:\Users\nukec\Documents\GitHub\voxelstation13\build\_deps\glm-src\test\ext\ext_matrix_int4x2_sized.cpp", "C++", 0, 0, 0, 21, 0, 0, 0, 0, 0, 0, 0, 0, 0, 0, 0, 0, 0, 8, 29
"c:\Users\nukec\Documents\GitHub\voxelstation13\build\_deps\glm-src\test\ext\ext_matrix_int4x3_sized.cpp", "C++", 0, 0, 0, 21, 0, 0, 0, 0, 0, 0, 0, 0, 0, 0, 0, 0, 0, 8, 29
"c:\Users\nukec\Documents\GitHub\voxelstation13\build\_deps\glm-src\test\ext\ext_matrix_int4x4_sized.cpp", "C++", 0, 0, 0, 21, 0, 0, 0, 0, 0, 0, 0, 0, 0, 0, 0, 0, 0, 8, 29
"c:\Users\nukec\Documents\GitHub\voxelstation13\build\_deps\glm-src\test\ext\ext_matrix_integer.cpp", "C++", 0, 0, 0, 200, 0, 0, 0, 0, 0, 0, 0, 0, 0, 0, 0, 0, 0, 38, 238
"c:\Users\nukec\Documents\GitHub\voxelstation13\build\_deps\glm-src\test\ext\ext_matrix_projection.cpp", "C++", 0, 0, 0, 11, 0, 0, 0, 0, 0, 0, 0, 0, 0, 0, 0, 0, 0, 3, 14
"c:\Users\nukec\Documents\GitHub\voxelstation13\build\_deps\glm-src\test\ext\ext_matrix_relational.cpp", "C++", 0, 0, 0, 129, 0, 0, 0, 0, 0, 0, 0, 0, 0, 0, 0, 0, 0, 35, 164
"c:\Users\nukec\Documents\GitHub\voxelstation13\build\_deps\glm-src\test\ext\ext_matrix_transform.cpp", "C++", 0, 0, 0, 46, 0, 0, 0, 0, 0, 0, 0, 0, 0, 0, 0, 0, 0, 16, 62
"c:\Users\nukec\Documents\GitHub\voxelstation13\build\_deps\glm-src\test\ext\ext_matrix_uint2x2_sized.cpp", "C++", 0, 0, 0, 21, 0, 0, 0, 0, 0, 0, 0, 0, 0, 0, 0, 0, 0, 8, 29
"c:\Users\nukec\Documents\GitHub\voxelstation13\build\_deps\glm-src\test\ext\ext_matrix_uint2x3_sized.cpp", "C++", 0, 0, 0, 21, 0, 0, 0, 0, 0, 0, 0, 0, 0, 0, 0, 0, 0, 8, 29
"c:\Users\nukec\Documents\GitHub\voxelstation13\build\_deps\glm-src\test\ext\ext_matrix_uint2x4_sized.cpp", "C++", 0, 0, 0, 21, 0, 0, 0, 0, 0, 0, 0, 0, 0, 0, 0, 0, 0, 8, 29
"c:\Users\nukec\Documents\GitHub\voxelstation13\build\_deps\glm-src\test\ext\ext_matrix_uint3x2_sized.cpp", "C++", 0, 0, 0, 21, 0, 0, 0, 0, 0, 0, 0, 0, 0, 0, 0, 0, 0, 8, 29
"c:\Users\nukec\Documents\GitHub\voxelstation13\build\_deps\glm-src\test\ext\ext_matrix_uint3x3_sized.cpp", "C++", 0, 0, 0, 21, 0, 0, 0, 0, 0, 0, 0, 0, 0, 0, 0, 0, 0, 8, 29
"c:\Users\nukec\Documents\GitHub\voxelstation13\build\_deps\glm-src\test\ext\ext_matrix_uint3x4_sized.cpp", "C++", 0, 0, 0, 21, 0, 0, 0, 0, 0, 0, 0, 0, 0, 0, 0, 0, 0, 8, 29
"c:\Users\nukec\Documents\GitHub\voxelstation13\build\_deps\glm-src\test\ext\ext_matrix_uint4x2_sized.cpp", "C++", 0, 0, 0, 21, 0, 0, 0, 0, 0, 0, 0, 0, 0, 0, 0, 0, 0, 8, 29
"c:\Users\nukec\Documents\GitHub\voxelstation13\build\_deps\glm-src\test\ext\ext_matrix_uint4x3_sized.cpp", "C++", 0, 0, 0, 21, 0, 0, 0, 0, 0, 0, 0, 0, 0, 0, 0, 0, 0, 8, 29
"c:\Users\nukec\Documents\GitHub\voxelstation13\build\_deps\glm-src\test\ext\ext_matrix_uint4x4_sized.cpp", "C++", 0, 0, 0, 21, 0, 0, 0, 0, 0, 0, 0, 0, 0, 0, 0, 0, 0, 8, 29
"c:\Users\nukec\Documents\GitHub\voxelstation13\build\_deps\glm-src\test\ext\ext_quaternion_common.cpp", "C++", 0, 0, 0, 47, 0, 0, 0, 0, 0, 0, 0, 0, 0, 0, 0, 0, 0, 15, 62
"c:\Users\nukec\Documents\GitHub\voxelstation13\build\_deps\glm-src\test\ext\ext_quaternion_exponential.cpp", "C++", 0, 0, 0, 67, 0, 0, 0, 0, 0, 0, 0, 0, 0, 0, 0, 0, 0, 21, 88
"c:\Users\nukec\Documents\GitHub\voxelstation13\build\_deps\glm-src\test\ext\ext_quaternion_geometric.cpp", "C++", 0, 0, 0, 70, 0, 0, 0, 0, 0, 0, 0, 0, 0, 0, 0, 0, 0, 19, 89
"c:\Users\nukec\Documents\GitHub\voxelstation13\build\_deps\glm-src\test\ext\ext_quaternion_relational.cpp", "C++", 0, 0, 0, 41, 0, 0, 0, 0, 0, 0, 0, 0, 0, 0, 0, 0, 0, 11, 52
"c:\Users\nukec\Documents\GitHub\voxelstation13\build\_deps\glm-src\test\ext\ext_quaternion_transform.cpp", "C++", 0, 0, 0, 32, 0, 0, 0, 0, 0, 0, 0, 0, 0, 0, 0, 0, 2, 12, 46
"c:\Users\nukec\Documents\GitHub\voxelstation13\build\_deps\glm-src\test\ext\ext_quaternion_trigonometric.cpp", "C++", 0, 0, 0, 31, 0, 0, 0, 0, 0, 0, 0, 0, 0, 0, 0, 0, 0, 10, 41
"c:\Users\nukec\Documents\GitHub\voxelstation13\build\_deps\glm-src\test\ext\ext_quaternion_type.cpp", "C++", 0, 0, 0, 85, 0, 0, 0, 0, 0, 0, 0, 0, 0, 0, 0, 0, 4, 25, 114
"c:\Users\nukec\Documents\GitHub\voxelstation13\build\_deps\glm-src\test\ext\ext_scalar_common.cpp", "C++", 0, 0, 0, 277, 0, 0, 0, 0, 0, 0, 0, 0, 0, 0, 0, 0, 0, 85, 362
"c:\Users\nukec\Documents\GitHub\voxelstation13\build\_deps\glm-src\test\ext\ext_scalar_constants.cpp", "C++", 0, 0, 0, 27, 0, 0, 0, 0, 0, 0, 0, 0, 0, 0, 0, 0, 0, 10, 37
"c:\Users\nukec\Documents\GitHub\voxelstation13\build\_deps\glm-src\test\ext\ext_scalar_int_sized.cpp", "C++", 0, 0, 0, 33, 0, 0, 0, 0, 0, 0, 0, 0, 0, 0, 0, 0, 0, 11, 44
"c:\Users\nukec\Documents\GitHub\voxelstation13\build\_deps\glm-src\test\ext\ext_scalar_integer.cpp", "C++", 0, 0, 0, 567, 0, 0, 0, 0, 0, 0, 0, 0, 0, 0, 0, 0, 0, 149, 716
"c:\Users\nukec\Documents\GitHub\voxelstation13\build\_deps\glm-src\test\ext\ext_scalar_packing.cpp", "C++", 0, 0, 0, 19, 0, 0, 0, 0, 0, 0, 0, 0, 0, 0, 0, 0, 0, 10, 29
"c:\Users\nukec\Documents\GitHub\voxelstation13\build\_deps\glm-src\test\ext\ext_scalar_reciprocal.cpp", "C++", 0, 0, 0, 123, 0, 0, 0, 0, 0, 0, 0, 0, 0, 0, 0, 0, 0, 49, 172
"c:\Users\nukec\Documents\GitHub\voxelstation13\build\_deps\glm-src\test\ext\ext_scalar_relational.cpp", "C++", 0, 0, 0, 75, 0, 0, 0, 0, 0, 0, 0, 0, 0, 0, 0, 0, 0, 32, 107
"c:\Users\nukec\Documents\GitHub\voxelstation13\build\_deps\glm-src\test\ext\ext_scalar_uint_sized.cpp", "C++", 0, 0, 0, 33, 0, 0, 0, 0, 0, 0, 0, 0, 0, 0, 0, 0, 0, 11, 44
"c:\Users\nukec\Documents\GitHub\voxelstation13\build\_deps\glm-src\test\ext\ext_scalar_ulp.cpp", "C++", 0, 0, 0, 73, 0, 0, 0, 0, 0, 0, 0, 0, 0, 0, 0, 0, 0, 24, 97
"c:\Users\nukec\Documents\GitHub\voxelstation13\build\_deps\glm-src\test\ext\ext_vec1.cpp", "C++", 0, 0, 0, 127, 0, 0, 0, 0, 0, 0, 0, 0, 0, 0, 0, 0, 2, 39, 168
"c:\Users\nukec\Documents\GitHub\voxelstation13\build\_deps\glm-src\test\ext\ext_vector_bool1.cpp", "C++", 0, 0, 0, 80, 0, 0, 0, 0, 0, 0, 0, 0, 0, 0, 0, 0, 0, 25, 105
"c:\Users\nukec\Documents\GitHub\voxelstation13\build\_deps\glm-src\test\ext\ext_vector_common.cpp", "C++", 0, 0, 0, 282, 0, 0, 0, 0, 0, 0, 0, 0, 0, 0, 0, 0, 0, 81, 363
"c:\Users\nukec\Documents\GitHub\voxelstation13\build\_deps\glm-src\test\ext\ext_vector_iec559.cpp", "C++", 0, 0, 0, 126, 0, 0, 0, 0, 0, 0, 0, 0, 0, 0, 0, 0, 0, 41, 167
"c:\Users\nukec\Documents\GitHub\voxelstation13\build\_deps\glm-src\test\ext\ext_vector_int1_sized.cpp", "C++", 0, 0, 0, 31, 0, 0, 0, 0, 0, 0, 0, 0, 0, 0, 0, 0, 0, 11, 42
"c:\Users\nukec\Documents\GitHub\voxelstation13\build\_deps\glm-src\test\ext\ext_vector_int2_sized.cpp", "C++", 0, 0, 0, 31, 0, 0, 0, 0, 0, 0, 0, 0, 0, 0, 0, 0, 0, 11, 42
"c:\Users\nukec\Documents\GitHub\voxelstation13\build\_deps\glm-src\test\ext\ext_vector_int3_sized.cpp", "C++", 0, 0, 0, 31, 0, 0, 0, 0, 0, 0, 0, 0, 0, 0, 0, 0, 0, 11, 42
"c:\Users\nukec\Documents\GitHub\voxelstation13\build\_deps\glm-src\test\ext\ext_vector_int4_sized.cpp", "C++", 0, 0, 0, 31, 0, 0, 0, 0, 0, 0, 0, 0, 0, 0, 0, 0, 0, 11, 42
"c:\Users\nukec\Documents\GitHub\voxelstation13\build\_deps\glm-src\test\ext\ext_vector_integer.cpp", "C++", 0, 0, 0, 600, 0, 0, 0, 0, 0, 0, 0, 0, 0, 0, 0, 0, 8, 134, 742
"c:\Users\nukec\Documents\GitHub\voxelstation13\build\_deps\glm-src\test\ext\ext_vector_integer_sized.cpp", "C++", 0, 0, 0, 168, 0, 0, 0, 0, 0, 0, 0, 0, 0, 0, 0, 0, 0, 48, 216
"c:\Users\nukec\Documents\GitHub\voxelstation13\build\_deps\glm-src\test\ext\ext_vector_packing.cpp", "C++", 0, 0, 0, 47, 0, 0, 0, 0, 0, 0, 0, 0, 0, 0, 0, 0, 0, 12, 59
"c:\Users\nukec\Documents\GitHub\voxelstation13\build\_deps\glm-src\test\ext\ext_vector_reciprocal.cpp", "C++", 0, 0, 0, 131, 0, 0, 0, 0, 0, 0, 0, 0, 0, 0, 0, 0, 0, 56, 187
"c:\Users\nukec\Documents\GitHub\voxelstation13\build\_deps\glm-src\test\ext\ext_vector_relational.cpp", "C++", 0, 0, 0, 167, 0, 0, 0, 0, 0, 0, 0, 0, 0, 0, 0, 0, 0, 39, 206
"c:\Users\nukec\Documents\GitHub\voxelstation13\build\_deps\glm-src\test\ext\ext_vector_uint1_sized.cpp", "C++", 0, 0, 0, 31, 0, 0, 0, 0, 0, 0, 0, 0, 0, 0, 0, 0, 0, 11, 42
"c:\Users\nukec\Documents\GitHub\voxelstation13\build\_deps\glm-src\test\ext\ext_vector_uint2_sized.cpp", "C++", 0, 0, 0, 31, 0, 0, 0, 0, 0, 0, 0, 0, 0, 0, 0, 0, 0, 11, 42
"c:\Users\nukec\Documents\GitHub\voxelstation13\build\_deps\glm-src\test\ext\ext_vector_uint3_sized.cpp", "C++", 0, 0, 0, 31, 0, 0, 0, 0, 0, 0, 0, 0, 0, 0, 0, 0, 0, 11, 42
"c:\Users\nukec\Documents\GitHub\voxelstation13\build\_deps\glm-src\test\ext\ext_vector_uint4_sized.cpp", "C++", 0, 0, 0, 31, 0, 0, 0, 0, 0, 0, 0, 0, 0, 0, 0, 0, 0, 11, 42
"c:\Users\nukec\Documents\GitHub\voxelstation13\build\_deps\glm-src\test\ext\ext_vector_ulp.cpp", "C++", 0, 0, 0, 76, 0, 0, 0, 0, 0, 0, 0, 0, 0, 0, 0, 0, 0, 24, 100
"c:\Users\nukec\Documents\GitHub\voxelstation13\build\_deps\glm-src\test\gtc\CMakeLists.txt", "CMake", 0, 0, 0, 0, 20, 0, 0, 0, 0, 0, 0, 0, 0, 0, 0, 0, 0, 1, 21
"c:\Users\nukec\Documents\GitHub\voxelstation13\build\_deps\glm-src\test\gtc\gtc_bitfield.cpp", "C++", 0, 0, 0, 596, 0, 0, 0, 0, 0, 0, 0, 0, 0, 0, 0, 0, 225, 185, 1006
"c:\Users\nukec\Documents\GitHub\voxelstation13\build\_deps\glm-src\test\gtc\gtc_color_space.cpp", "C++", 0, 0, 0, 60, 0, 0, 0, 0, 0, 0, 0, 0, 0, 0, 0, 0, 0, 17, 77
"c:\Users\nukec\Documents\GitHub\voxelstation13\build\_deps\glm-src\test\gtc\gtc_constants.cpp", "C++", 0, 0, 0, 20, 0, 0, 0, 0, 0, 0, 0, 0, 0, 0, 0, 0, 3, 8, 31
"c:\Users\nukec\Documents\GitHub\voxelstation13\build\_deps\glm-src\test\gtc\gtc_epsilon.cpp", "C++", 0, 0, 0, 62, 0, 0, 0, 0, 0, 0, 0, 0, 0, 0, 0, 0, 0, 19, 81
"c:\Users\nukec\Documents\GitHub\voxelstation13\build\_deps\glm-src\test\gtc\gtc_integer.cpp", "C++", 0, 0, 0, 217, 0, 0, 0, 0, 0, 0, 0, 0, 0, 0, 0, 0, 0, 65, 282
"c:\Users\nukec\Documents\GitHub\voxelstation13\build\_deps\glm-src\test\gtc\gtc_matrix_access.cpp", "C++", 0, 0, 0, 281, 0, 0, 0, 0, 0, 0, 0, 0, 0, 0, 0, 0, 0, 103, 384
"c:\Users\nukec\Documents\GitHub\voxelstation13\build\_deps\glm-src\test\gtc\gtc_matrix_integer.cpp", "C++", 0, 0, 0, 6, 0, 0, 0, 0, 0, 0, 0, 0, 0, 0, 0, 0, 0, 3, 9
"c:\Users\nukec\Documents\GitHub\voxelstation13\build\_deps\glm-src\test\gtc\gtc_matrix_inverse.cpp", "C++", 0, 0, 0, 42, 0, 0, 0, 0, 0, 0, 0, 0, 0, 0, 0, 0, 0, 10, 52
"c:\Users\nukec\Documents\GitHub\voxelstation13\build\_deps\glm-src\test\gtc\gtc_matrix_transform.cpp", "C++", 0, 0, 0, 130, 0, 0, 0, 0, 0, 0, 0, 0, 0, 0, 0, 0, 0, 32, 162
"c:\Users\nukec\Documents\GitHub\voxelstation13\build\_deps\glm-src\test\gtc\gtc_noise.cpp", "C++", 0, 0, 0, 63, 0, 0, 0, 0, 0, 0, 0, 0, 0, 0, 0, 0, 0, 24, 87
"c:\Users\nukec\Documents\GitHub\voxelstation13\build\_deps\glm-src\test\gtc\gtc_packing.cpp", "C++", 0, 0, 0, 645, 0, 0, 0, 0, 0, 0, 0, 0, 0, 0, 0, 0, 53, 182, 880
"c:\Users\nukec\Documents\GitHub\voxelstation13\build\_deps\glm-src\test\gtc\gtc_quaternion.cpp", "C++", 0, 0, 0, 230, 0, 0, 0, 0, 0, 0, 0, 0, 0, 0, 0, 0, 48, 71, 349
"c:\Users\nukec\Documents\GitHub\voxelstation13\build\_deps\glm-src\test\gtc\gtc_random.cpp", "C++", 0, 0, 0, 282, 0, 0, 0, 0, 0, 0, 0, 0, 0, 0, 0, 0, 46, 54, 382
"c:\Users\nukec\Documents\GitHub\voxelstation13\build\_deps\glm-src\test\gtc\gtc_reciprocal.cpp", "C++", 0, 0, 0, 6, 0, 0, 0, 0, 0, 0, 0, 0, 0, 0, 0, 0, 0, 3, 9
"c:\Users\nukec\Documents\GitHub\voxelstation13\build\_deps\glm-src\test\gtc\gtc_round.cpp", "C++", 0, 0, 0, 375, 0, 0, 0, 0, 0, 0, 0, 0, 0, 0, 0, 0, 0, 93, 468
"c:\Users\nukec\Documents\GitHub\voxelstation13\build\_deps\glm-src\test\gtc\gtc_type_aligned.cpp", "C++", 0, 0, 0, 265, 0, 0, 0, 0, 0, 0, 0, 0, 0, 0, 0, 0, 1, 56, 322
"c:\Users\nukec\Documents\GitHub\voxelstation13\build\_deps\glm-src\test\gtc\gtc_type_precision.cpp", "C++", 0, 0, 0, 864, 0, 0, 0, 0, 0, 0, 0, 0, 0, 0, 0, 0, 0, 181, 1045
"c:\Users\nukec\Documents\GitHub\voxelstation13\build\_deps\glm-src\test\gtc\gtc_type_ptr.cpp", "C++", 0, 0, 0, 311, 0, 0, 0, 0, 0, 0, 0, 0, 0, 0, 0, 0, 0, 77, 388
"c:\Users\nukec\Documents\GitHub\voxelstation13\build\_deps\glm-src\test\gtc\gtc_ulp.cpp", "C++", 0, 0, 0, 74, 0, 0, 0, 0, 0, 0, 0, 0, 0, 0, 0, 0, 0, 26, 100
"c:\Users\nukec\Documents\GitHub\voxelstation13\build\_deps\glm-src\test\gtc\gtc_user_defined_types.cpp", "C++", 0, 0, 0, 14, 0, 0, 0, 0, 0, 0, 0, 0, 0, 0, 0, 0, 9, 8, 31
"c:\Users\nukec\Documents\GitHub\voxelstation13\build\_deps\glm-src\test\gtc\gtc_vec1.cpp", "C++", 0, 0, 0, 6, 0, 0, 0, 0, 0, 0, 0, 0, 0, 0, 0, 0, 0, 3, 9
"c:\Users\nukec\Documents\GitHub\voxelstation13\build\_deps\glm-src\test\gtx\CMakeLists.txt", "CMake", 0, 0, 0, 0, 59, 0, 0, 0, 0, 0, 0, 0, 0, 0, 0, 0, 0, 1, 60
"c:\Users\nukec\Documents\GitHub\voxelstation13\build\_deps\glm-src\test\gtx\gtx.cpp", "C++", 0, 0, 0, 6, 0, 0, 0, 0, 0, 0, 0, 0, 0, 0, 0, 0, 0, 3, 9
"c:\Users\nukec\Documents\GitHub\voxelstation13\build\_deps\glm-src\test\gtx\gtx_associated_min_max.cpp", "C++", 0, 0, 0, 8, 0, 0, 0, 0, 0, 0, 0, 0, 0, 0, 0, 0, 0, 3, 11
"c:\Users\nukec\Documents\GitHub\voxelstation13\build\_deps\glm-src\test\gtx\gtx_closest_point.cpp", "C++", 0, 0, 0, 7, 0, 0, 0, 0, 0, 0, 0, 0, 0, 0, 0, 0, 0, 3, 10
"c:\Users\nukec\Documents\GitHub\voxelstation13\build\_deps\glm-src\test\gtx\gtx_color_encoding.cpp", "C++", 0, 0, 0, 36, 0, 0, 0, 0, 0, 0, 0, 0, 0, 0, 0, 0, 7, 10, 53
"c:\Users\nukec\Documents\GitHub\voxelstation13\build\_deps\glm-src\test\gtx\gtx_color_space.cpp", "C++", 0, 0, 0, 25, 0, 0, 0, 0, 0, 0, 0, 0, 0, 0, 0, 0, 0, 12, 37
"c:\Users\nukec\Documents\GitHub\voxelstation13\build\_deps\glm-src\test\gtx\gtx_color_space_YCoCg.cpp", "C++", 0, 0, 0, 12, 0, 0, 0, 0, 0, 0, 0, 0, 0, 0, 0, 0, 0, 6, 18
"c:\Users\nukec\Documents\GitHub\voxelstation13\build\_deps\glm-src\test\gtx\gtx_common.cpp", "C++", 0, 0, 0, 116, 0, 0, 0, 0, 0, 0, 0, 0, 0, 0, 0, 0, 4, 42, 162
"c:\Users\nukec\Documents\GitHub\voxelstation13\build\_deps\glm-src\test\gtx\gtx_compatibility.cpp", "C++", 0, 0, 0, 15, 0, 0, 0, 0, 0, 0, 0, 0, 0, 0, 0, 0, 0, 5, 20
"c:\Users\nukec\Documents\GitHub\voxelstation13\build\_deps\glm-src\test\gtx\gtx_component_wise.cpp", "C++", 0, 0, 0, 141, 0, 0, 0, 0, 0, 0, 0, 0, 0, 0, 0, 0, 0, 42, 183
"c:\Users\nukec\Documents\GitHub\voxelstation13\build\_deps\glm-src\test\gtx\gtx_dual_quaternion.cpp", "C++", 0, 0, 0, 154, 0, 0, 0, 0, 0, 0, 0, 0, 0, 0, 0, 0, 7, 45, 206
"c:\Users\nukec\Documents\GitHub\voxelstation13\build\_deps\glm-src\test\gtx\gtx_easing.cpp", "C++", 0, 0, 0, 48, 0, 0, 0, 0, 0, 0, 0, 0, 0, 0, 0, 0, 0, 16, 64
"c:\Users\nukec\Documents\GitHub\voxelstation13\build\_deps\glm-src\test\gtx\gtx_euler_angle.cpp", "C++", 0, 0, 0, 446, 0, 0, 0, 0, 0, 0, 0, 0, 0, 0, 0, 0, 1, 91, 538
"c:\Users\nukec\Documents\GitHub\voxelstation13\build\_deps\glm-src\test\gtx\gtx_extend.cpp", "C++", 0, 0, 0, 7, 0, 0, 0, 0, 0, 0, 0, 0, 0, 0, 0, 0, 0, 3, 10
"c:\Users\nukec\Documents\GitHub\voxelstation13\build\_deps\glm-src\test\gtx\gtx_extended_min_max.cpp", "C++", 0, 0, 0, 78, 0, 0, 0, 0, 0, 0, 0, 0, 0, 0, 0, 0, 1, 23, 102
"c:\Users\nukec\Documents\GitHub\voxelstation13\build\_deps\glm-src\test\gtx\gtx_extented_min_max.cpp", "C++", 0, 0, 0, 6, 0, 0, 0, 0, 0, 0, 0, 0, 0, 0, 0, 0, 30, 4, 40
"c:\Users\nukec\Documents\GitHub\voxelstation13\build\_deps\glm-src\test\gtx\gtx_exterior_product.cpp", "C++", 0, 0, 0, 11, 0, 0, 0, 0, 0, 0, 0, 0, 0, 0, 0, 0, 0, 5, 16
"c:\Users\nukec\Documents\GitHub\voxelstation13\build\_deps\glm-src\test\gtx\gtx_fast_exponential.cpp", "C++", 0, 0, 0, 7, 0, 0, 0, 0, 0, 0, 0, 0, 0, 0, 0, 0, 0, 3, 10
"c:\Users\nukec\Documents\GitHub\voxelstation13\build\_deps\glm-src\test\gtx\gtx_fast_square_root.cpp", "C++", 0, 0, 0, 35, 0, 0, 0, 0, 0, 0, 0, 0, 0, 0, 0, 0, 0, 11, 46
"c:\Users\nukec\Documents\GitHub\voxelstation13\build\_deps\glm-src\test\gtx\gtx_fast_trigonometry.cpp", "C++", 0, 0, 0, 395, 0, 0, 0, 0, 0, 0, 0, 0, 0, 0, 0, 0, 76, 122, 593
"c:\Users\nukec\Documents\GitHub\voxelstation13\build\_deps\glm-src\test\gtx\gtx_functions.cpp", "C++", 0, 0, 0, 27, 0, 0, 0, 0, 0, 0, 0, 0, 0, 0, 0, 0, 0, 11, 38
"c:\Users\nukec\Documents\GitHub\voxelstation13\build\_deps\glm-src\test\gtx\gtx_gradient_paint.cpp", "C++", 0, 0, 0, 23, 0, 0, 0, 0, 0, 0, 0, 0, 0, 0, 0, 0, 0, 12, 35
"c:\Users\nukec\Documents\GitHub\voxelstation13\build\_deps\glm-src\test\gtx\gtx_handed_coordinate_space.cpp", "C++", 0, 0, 0, 7, 0, 0, 0, 0, 0, 0, 0, 0, 0, 0, 0, 0, 0, 3, 10
"c:\Users\nukec\Documents\GitHub\voxelstation13\build\_deps\glm-src\test\gtx\gtx_hash.cpp", "C++", 0, 0, 0, 59, 0, 0, 0, 0, 0, 0, 0, 0, 0, 0, 0, 0, 3, 19, 81
"c:\Users\nukec\Documents\GitHub\voxelstation13\build\_deps\glm-src\test\gtx\gtx_int_10_10_10_2.cpp", "C++", 0, 0, 0, 7, 0, 0, 0, 0, 0, 0, 0, 0, 0, 0, 0, 0, 8, 4, 19
"c:\Users\nukec\Documents\GitHub\voxelstation13\build\_deps\glm-src\test\gtx\gtx_integer.cpp", "C++", 0, 0, 0, 63, 0, 0, 0, 0, 0, 0, 0, 0, 0, 0, 0, 0, 20, 26, 109
"c:\Users\nukec\Documents\GitHub\voxelstation13\build\_deps\glm-src\test\gtx\gtx_intersect.cpp", "C++", 0, 0, 0, 69, 0, 0, 0, 0, 0, 0, 0, 0, 0, 0, 0, 0, 2, 18, 89
"c:\Users\nukec\Documents\GitHub\voxelstation13\build\_deps\glm-src\test\gtx\gtx_io.cpp", "C++", 0, 0, 0, 153, 0, 0, 0, 0, 0, 0, 0, 0, 0, 0, 0, 0, 0, 34, 187
"c:\Users\nukec\Documents\GitHub\voxelstation13\build\_deps\glm-src\test\gtx\gtx_load.cpp", "C++", 0, 0, 0, 6, 0, 0, 0, 0, 0, 0, 0, 0, 0, 0, 0, 0, 118, 1, 125
"c:\Users\nukec\Documents\GitHub\voxelstation13\build\_deps\glm-src\test\gtx\gtx_log_base.cpp", "C++", 0, 0, 0, 44, 0, 0, 0, 0, 0, 0, 0, 0, 0, 0, 0, 0, 0, 11, 55
"c:\Users\nukec\Documents\GitHub\voxelstation13\build\_deps\glm-src\test\gtx\gtx_matrix_cross_product.cpp", "C++", 0, 0, 0, 7, 0, 0, 0, 0, 0, 0, 0, 0, 0, 0, 0, 0, 0, 3, 10
"c:\Users\nukec\Documents\GitHub\voxelstation13\build\_deps\glm-src\test\gtx\gtx_matrix_decompose.cpp", "C++", 0, 0, 0, 40, 0, 0, 0, 0, 0, 0, 0, 0, 0, 0, 0, 0, 0, 20, 60
"c:\Users\nukec\Documents\GitHub\voxelstation13\build\_deps\glm-src\test\gtx\gtx_matrix_factorisation.cpp", "C++", 0, 0, 0, 64, 0, 0, 0, 0, 0, 0, 0, 0, 0, 0, 0, 0, 12, 30, 106
"c:\Users\nukec\Documents\GitHub\voxelstation13\build\_deps\glm-src\test\gtx\gtx_matrix_interpolation.cpp", "C++", 0, 0, 0, 98, 0, 0, 0, 0, 0, 0, 0, 0, 0, 0, 0, 0, 0, 25, 123
"c:\Users\nukec\Documents\GitHub\voxelstation13\build\_deps\glm-src\test\gtx\gtx_matrix_major_storage.cpp", "C++", 0, 0, 0, 7, 0, 0, 0, 0, 0, 0, 0, 0, 0, 0, 0, 0, 0, 3, 10
"c:\Users\nukec\Documents\GitHub\voxelstation13\build\_deps\glm-src\test\gtx\gtx_matrix_operation.cpp", "C++", 0, 0, 0, 65, 0, 0, 0, 0, 0, 0, 0, 0, 0, 0, 0, 0, 3, 19, 87
"c:\Users\nukec\Documents\GitHub\voxelstation13\build\_deps\glm-src\test\gtx\gtx_matrix_query.cpp", "C++", 0, 0, 0, 55, 0, 0, 0, 0, 0, 0, 0, 0, 0, 0, 0, 0, 0, 18, 73
"c:\Users\nukec\Documents\GitHub\voxelstation13\build\_deps\glm-src\test\gtx\gtx_matrix_transform_2d.cpp", "C++", 0, 0, 0, 7, 0, 0, 0, 0, 0, 0, 0, 0, 0, 0, 0, 0, 0, 3, 10
"c:\Users\nukec\Documents\GitHub\voxelstation13\build\_deps\glm-src\test\gtx\gtx_mixed_product.cpp", "C++", 0, 0, 0, 7, 0, 0, 0, 0, 0, 0, 0, 0, 0, 0, 0, 0, 8, 4, 19
"c:\Users\nukec\Documents\GitHub\voxelstation13\build\_deps\glm-src\test\gtx\gtx_norm.cpp", "C++", 0, 0, 0, 65, 0, 0, 0, 0, 0, 0, 0, 0, 0, 0, 0, 0, 0, 16, 81
"c:\Users\nukec\Documents\GitHub\voxelstation13\build\_deps\glm-src\test\gtx\gtx_normal.cpp", "C++", 0, 0, 0, 7, 0, 0, 0, 0, 0, 0, 0, 0, 0, 0, 0, 0, 0, 3, 10
"c:\Users\nukec\Documents\GitHub\voxelstation13\build\_deps\glm-src\test\gtx\gtx_normalize_dot.cpp", "C++", 0, 0, 0, 7, 0, 0, 0, 0, 0, 0, 0, 0, 0, 0, 0, 0, 0, 3, 10
"c:\Users\nukec\Documents\GitHub\voxelstation13\build\_deps\glm-src\test\gtx\gtx_optimum_pow.cpp", "C++", 0, 0, 0, 7, 0, 0, 0, 0, 0, 0, 0, 0, 0, 0, 0, 0, 0, 3, 10
"c:\Users\nukec\Documents\GitHub\voxelstation13\build\_deps\glm-src\test\gtx\gtx_orthonormalize.cpp", "C++", 0, 0, 0, 7, 0, 0, 0, 0, 0, 0, 0, 0, 0, 0, 0, 0, 0, 3, 10
"c:\Users\nukec\Documents\GitHub\voxelstation13\build\_deps\glm-src\test\gtx\gtx_pca.cpp", "C++", 0, 0, 0, 633, 0, 0, 0, 0, 0, 0, 0, 0, 0, 0, 0, 0, 42, 59, 734
"c:\Users\nukec\Documents\GitHub\voxelstation13\build\_deps\glm-src\test\gtx\gtx_perpendicular.cpp", "C++", 0, 0, 0, 7, 0, 0, 0, 0, 0, 0, 0, 0, 0, 0, 0, 0, 0, 3, 10
"c:\Users\nukec\Documents\GitHub\voxelstation13\build\_deps\glm-src\test\gtx\gtx_polar_coordinates.cpp", "C++", 0, 0, 0, 7, 0, 0, 0, 0, 0, 0, 0, 0, 0, 0, 0, 0, 0, 3, 10
"c:\Users\nukec\Documents\GitHub\voxelstation13\build\_deps\glm-src\test\gtx\gtx_projection.cpp", "C++", 0, 0, 0, 7, 0, 0, 0, 0, 0, 0, 0, 0, 0, 0, 0, 0, 0, 3, 10
"c:\Users\nukec\Documents\GitHub\voxelstation13\build\_deps\glm-src\test\gtx\gtx_quaternion.cpp", "C++", 0, 0, 0, 85, 0, 0, 0, 0, 0, 0, 0, 0, 0, 0, 0, 0, 0, 28, 113
"c:\Users\nukec\Documents\GitHub\voxelstation13\build\_deps\glm-src\test\gtx\gtx_random.cpp", "C++", 0, 0, 0, 75, 0, 0, 0, 0, 0, 0, 0, 0, 0, 0, 0, 0, 8, 17, 100
"c:\Users\nukec\Documents\GitHub\voxelstation13\build\_deps\glm-src\test\gtx\gtx_range.cpp", "C++", 0, 0, 0, 66, 0, 0, 0, 0, 0, 0, 0, 0, 0, 0, 0, 0, 0, 18, 84
"c:\Users\nukec\Documents\GitHub\voxelstation13\build\_deps\glm-src\test\gtx\gtx_rotate_normalized_axis.cpp", "C++", 0, 0, 0, 7, 0, 0, 0, 0, 0, 0, 0, 0, 0, 0, 0, 0, 0, 3, 10
"c:\Users\nukec\Documents\GitHub\voxelstation13\build\_deps\glm-src\test\gtx\gtx_rotate_vector.cpp", "C++", 0, 0, 0, 62, 0, 0, 0, 0, 0, 0, 0, 0, 0, 0, 0, 0, 0, 27, 89
"c:\Users\nukec\Documents\GitHub\voxelstation13\build\_deps\glm-src\test\gtx\gtx_scalar_multiplication.cpp", "C++", 0, 0, 0, 28, 0, 0, 0, 0, 0, 0, 0, 0, 0, 0, 0, 0, 0, 11, 39
"c:\Users\nukec\Documents\GitHub\voxelstation13\build\_deps\glm-src\test\gtx\gtx_scalar_relational.cpp", "C++", 0, 0, 0, 144, 0, 0, 0, 0, 0, 0, 0, 0, 0, 0, 0, 0, 0, 31, 175
"c:\Users\nukec\Documents\GitHub\voxelstation13\build\_deps\glm-src\test\gtx\gtx_simd_mat4.cpp", "C++", 0, 0, 0, 225, 0, 0, 0, 0, 0, 0, 0, 0, 0, 0, 0, 0, 37, 63, 325
"c:\Users\nukec\Documents\GitHub\voxelstation13\build\_deps\glm-src\test\gtx\gtx_simd_vec4.cpp", "C++", 0, 0, 0, 25, 0, 0, 0, 0, 0, 0, 0, 0, 0, 0, 0, 0, 35, 12, 72
"c:\Users\nukec\Documents\GitHub\voxelstation13\build\_deps\glm-src\test\gtx\gtx_spline.cpp", "C++", 0, 0, 0, 93, 0, 0, 0, 0, 0, 0, 0, 0, 0, 0, 0, 0, 0, 29, 122
"c:\Users\nukec\Documents\GitHub\voxelstation13\build\_deps\glm-src\test\gtx\gtx_string_cast.cpp", "C++", 0, 0, 0, 117, 0, 0, 0, 0, 0, 0, 0, 0, 0, 0, 0, 0, 0, 40, 157
"c:\Users\nukec\Documents\GitHub\voxelstation13\build\_deps\glm-src\test\gtx\gtx_texture.cpp", "C++", 0, 0, 0, 16, 0, 0, 0, 0, 0, 0, 0, 0, 0, 0, 0, 0, 0, 8, 24
"c:\Users\nukec\Documents\GitHub\voxelstation13\build\_deps\glm-src\test\gtx\gtx_type_aligned.cpp", "C++", 0, 0, 0, 115, 0, 0, 0, 0, 0, 0, 0, 0, 0, 0, 0, 0, 0, 36, 151
"c:\Users\nukec\Documents\GitHub\voxelstation13\build\_deps\glm-src\test\gtx\gtx_type_trait.cpp", "C++", 0, 0, 0, 8, 0, 0, 0, 0, 0, 0, 0, 0, 0, 0, 0, 0, 0, 4, 12
"c:\Users\nukec\Documents\GitHub\voxelstation13\build\_deps\glm-src\test\gtx\gtx_vec_swizzle.cpp", "C++", 0, 0, 0, 7, 0, 0, 0, 0, 0, 0, 0, 0, 0, 0, 0, 0, 0, 5, 12
"c:\Users\nukec\Documents\GitHub\voxelstation13\build\_deps\glm-src\test\gtx\gtx_vector_angle.cpp", "C++", 0, 0, 0, 45, 0, 0, 0, 0, 0, 0, 0, 0, 0, 0, 0, 0, 0, 15, 60
"c:\Users\nukec\Documents\GitHub\voxelstation13\build\_deps\glm-src\test\gtx\gtx_vector_query.cpp", "C++", 0, 0, 0, 60, 0, 0, 0, 0, 0, 0, 0, 0, 0, 0, 0, 0, 0, 23, 83
"c:\Users\nukec\Documents\GitHub\voxelstation13\build\_deps\glm-src\test\gtx\gtx_wrap.cpp", "C++", 0, 0, 0, 135, 0, 0, 0, 0, 0, 0, 0, 0, 0, 0, 0, 0, 0, 57, 192
"c:\Users\nukec\Documents\GitHub\voxelstation13\build\_deps\glm-src\test\perf\CMakeLists.txt", "CMake", 0, 0, 0, 0, 6, 0, 0, 0, 0, 0, 0, 0, 0, 0, 0, 0, 0, 1, 7
"c:\Users\nukec\Documents\GitHub\voxelstation13\build\_deps\glm-src\test\perf\perf_matrix_div.cpp", "C++", 0, 0, 0, 114, 0, 0, 0, 0, 0, 0, 0, 0, 0, 0, 0, 0, 0, 40, 154
"c:\Users\nukec\Documents\GitHub\voxelstation13\build\_deps\glm-src\test\perf\perf_matrix_inverse.cpp", "C++", 0, 0, 0, 111, 0, 0, 0, 0, 0, 0, 0, 0, 0, 0, 0, 0, 0, 41, 152
"c:\Users\nukec\Documents\GitHub\voxelstation13\build\_deps\glm-src\test\perf\perf_matrix_mul.cpp", "C++", 0, 0, 0, 115, 0, 0, 0, 0, 0, 0, 0, 0, 0, 0, 0, 0, 0, 40, 155
"c:\Users\nukec\Documents\GitHub\voxelstation13\build\_deps\glm-src\test\perf\perf_matrix_mul_vector.cpp", "C++", 0, 0, 0, 115, 0, 0, 0, 0, 0, 0, 0, 0, 0, 0, 0, 0, 0, 40, 155
"c:\Users\nukec\Documents\GitHub\voxelstation13\build\_deps\glm-src\test\perf\perf_matrix_transpose.cpp", "C++", 0, 0, 0, 111, 0, 0, 0, 0, 0, 0, 0, 0, 0, 0, 0, 0, 0, 40, 151
"c:\Users\nukec\Documents\GitHub\voxelstation13\build\_deps\glm-src\test\perf\perf_vector_mul_matrix.cpp", "C++", 0, 0, 0, 115, 0, 0, 0, 0, 0, 0, 0, 0, 0, 0, 0, 0, 0, 40, 155
"c:\Users\nukec\Documents\GitHub\voxelstation13\build\_deps\glm-subbuild\ALL_BUILD.vcxproj", "XML", 0, 0, 89, 0, 0, 0, 0, 0, 0, 0, 0, 0, 0, 0, 0, 0, 0, 0, 89
"c:\Users\nukec\Documents\GitHub\voxelstation13\build\_deps\glm-subbuild\CMakeCache.txt", "CMake Cache", 0, 0, 0, 0, 0, 0, 92, 0, 0, 0, 0, 0, 0, 0, 0, 0, 0, 21, 113
"c:\Users\nukec\Documents\GitHub\voxelstation13\build\_deps\glm-subbuild\CMakeFiles\4.2.0\CMakeSystem.cmake", "CMake", 0, 0, 0, 0, 10, 0, 0, 0, 0, 0, 0, 0, 0, 0, 0, 0, 0, 6, 16
"c:\Users\nukec\Documents\GitHub\voxelstation13\build\_deps\glm-subbuild\CMakeFiles\4.2.0\VCTargetsPath.vcxproj", "XML", 0, 0, 31, 0, 0, 0, 0, 0, 0, 0, 0, 0, 0, 0, 0, 0, 0, 1, 32
"c:\Users\nukec\Documents\GitHub\voxelstation13\build\_deps\glm-subbuild\CMakeFiles\CMakeConfigureLog.yaml", "YAML", 0, 0, 0, 0, 0, 10, 0, 0, 0, 0, 0, 0, 0, 0, 0, 0, 0, 2, 12
"c:\Users\nukec\Documents\GitHub\voxelstation13\build\_deps\glm-subbuild\CMakeFiles\InstallScripts.json", "JSON", 0, 7, 0, 0, 0, 0, 0, 0, 0, 0, 0, 0, 0, 0, 0, 0, 0, 1, 8
"c:\Users\nukec\Documents\GitHub\voxelstation13\build\_deps\glm-subbuild\CMakeFiles\glm-populate.dir\Labels.json", "JSON", 0, 46, 0, 0, 0, 0, 0, 0, 0, 0, 0, 0, 0, 0, 0, 0, 0, 0, 46
"c:\Users\nukec\Documents\GitHub\voxelstation13\build\_deps\glm-subbuild\CMakeLists.txt", "CMake", 0, 0, 0, 0, 32, 0, 0, 0, 0, 0, 0, 0, 0, 0, 0, 0, 0, 11, 43
"c:\Users\nukec\Documents\GitHub\voxelstation13\build\_deps\glm-subbuild\ZERO_CHECK.vcxproj", "XML", 0, 0, 78, 0, 0, 0, 0, 0, 0, 0, 0, 0, 0, 0, 0, 0, 0, 0, 78
"c:\Users\nukec\Documents\GitHub\voxelstation13\build\_deps\glm-subbuild\cmake_install.cmake", "CMake", 0, 0, 0, 0, 50, 0, 0, 0, 0, 0, 0, 0, 0, 0, 0, 0, 0, 7, 57
"c:\Users\nukec\Documents\GitHub\voxelstation13\build\_deps\glm-subbuild\glm-populate-prefix\tmp\glm-populate-gitclone.cmake", "CMake", 0, 0, 0, 0, 79, 0, 0, 0, 0, 0, 0, 0, 0, 0, 0, 0, 0, 9, 88
"c:\Users\nukec\Documents\GitHub\voxelstation13\build\_deps\glm-subbuild\glm-populate-prefix\tmp\glm-populate-gitupdate.cmake", "CMake", 0, 0, 0, 0, 288, 0, 0, 0, 0, 0, 0, 0, 0, 0, 0, 0, 0, 30, 318
"c:\Users\nukec\Documents\GitHub\voxelstation13\build\_deps\glm-subbuild\glm-populate-prefix\tmp\glm-populate-mkdirs.cmake", "CMake", 0, 0, 0, 0, 24, 0, 0, 0, 0, 0, 0, 0, 0, 0, 0, 0, 0, 4, 28
"c:\Users\nukec\Documents\GitHub\voxelstation13\build\_deps\glm-subbuild\glm-populate.vcxproj", "XML", 0, 0, 303, 0, 0, 0, 0, 0, 0, 0, 0, 0, 0, 0, 0, 0, 0, 0, 303
"c:\Users\nukec\Documents\GitHub\voxelstation13\build\cmake_install.cmake", "CMake", 0, 0, 0, 0, 80, 0, 0, 0, 0, 0, 0, 0, 0, 0, 0, 0, 0, 14, 94
"c:\Users\nukec\Documents\GitHub\voxelstation13\build\vs13.dir\Debug\vcpkg.applocal.log", "Log", 0, 0, 0, 0, 0, 0, 0, 0, 0, 0, 0, 0, 0, 0, 0, 0, 0, 2, 2
"c:\Users\nukec\Documents\GitHub\voxelstation13\build\vs13.vcxproj", "XML", 0, 0, 416, 0, 0, 0, 0, 0, 0, 0, 0, 0, 0, 0, 0, 0, 0, 0, 416
"c:\Users\nukec\Documents\GitHub\voxelstation13\build_ninja\CMakeCache.txt", "CMake Cache", 0, 0, 0, 0, 0, 0, 469, 0, 0, 0, 0, 0, 0, 0, 0, 0, 0, 123, 592
"c:\Users\nukec\Documents\GitHub\voxelstation13\build_ninja\CMakeFiles\4.2.0\CMakeCXXCompiler.cmake", "CMake", 0, 0, 0, 0, 84, 0, 0, 0, 0, 0, 0, 0, 0, 0, 0, 0, 0, 25, 109
"c:\Users\nukec\Documents\GitHub\voxelstation13\build_ninja\CMakeFiles\4.2.0\CMakeRCCompiler.cmake", "CMake", 0, 0, 0, 0, 6, 0, 0, 0, 0, 0, 0, 0, 0, 0, 0, 0, 0, 1, 7
"c:\Users\nukec\Documents\GitHub\voxelstation13\build_ninja\CMakeFiles\4.2.0\CMakeSystem.cmake", "CMake", 0, 0, 0, 0, 10, 0, 0, 0, 0, 0, 0, 0, 0, 0, 0, 0, 0, 6, 16
"c:\Users\nukec\Documents\GitHub\voxelstation13\build_ninja\CMakeFiles\4.2.0\CompilerIdCXX\CMakeCXXCompilerId.cpp", "C++", 0, 0, 0, 729, 0, 0, 0, 0, 0, 0, 0, 0, 0, 0, 0, 0, 63, 158, 950
"c:\Users\nukec\Documents\GitHub\voxelstation13\build_ninja\CMakeFiles\CMakeConfigureLog.yaml", "YAML", 0, 0, 0, 0, 0, 9763, 0, 0, 0, 0, 0, 0, 0, 0, 0, 0, 2, 14, 9779
"c:\Users\nukec\Documents\GitHub\voxelstation13\build_ninja\CMakeFiles\InstallScripts.json", "JSON", 0, 9, 0, 0, 0, 0, 0, 0, 0, 0, 0, 0, 0, 0, 0, 0, 0, 1, 10
"c:\Users\nukec\Documents\GitHub\voxelstation13\build_ninja\_deps\glm-build\cmake_install.cmake", "CMake", 0, 0, 0, 0, 43, 0, 0, 0, 0, 0, 0, 0, 0, 0, 0, 0, 0, 9, 52
"c:\Users\nukec\Documents\GitHub\voxelstation13\build_ninja\_deps\glm-build\glm\cmake_install.cmake", "CMake", 0, 0, 0, 0, 39, 0, 0, 0, 0, 0, 0, 0, 0, 0, 0, 0, 0, 7, 46
"c:\Users\nukec\Documents\GitHub\voxelstation13\build_ninja\_deps\glm-src\.github\workflows\ci.yml", "YAML", 0, 0, 0, 0, 0, 221, 0, 0, 0, 0, 0, 0, 0, 0, 0, 0, 0, 24, 245
"c:\Users\nukec\Documents\GitHub\voxelstation13\build_ninja\_deps\glm-src\.github\workflows\make_light_release.yml", "YAML", 0, 0, 0, 0, 0, 30, 0, 0, 0, 0, 0, 0, 0, 0, 0, 0, 1, 12, 43
"c:\Users\nukec\Documents\GitHub\voxelstation13\build_ninja\_deps\glm-src\.github\workflows\make_release.yml", "YAML", 0, 0, 0, 0, 0, 30, 0, 0, 0, 0, 0, 0, 0, 0, 0, 0, 1, 12, 43
"c:\Users\nukec\Documents\GitHub\voxelstation13\build_ninja\_deps\glm-src\CMakeLists.txt", "CMake", 0, 0, 0, 0, 247, 0, 0, 0, 0, 0, 0, 0, 0, 0, 0, 0, 0, 44, 291
"c:\Users\nukec\Documents\GitHub\voxelstation13\build_ninja\_deps\glm-src\doc\api\a00002.html", "HTML", 0, 0, 0, 0, 0, 0, 0, 0, 0, 0, 0, 0, 0, 239, 0, 0, 5, 6, 250
"c:\Users\nukec\Documents\GitHub\voxelstation13\build_ninja\_deps\glm-src\doc\api\a00002_source.html", "HTML", 0, 0, 0, 0, 0, 0, 0, 0, 0, 0, 0, 0, 0, 250, 0, 0, 5, 3, 258
"c:\Users\nukec\Documents\GitHub\voxelstation13\build_ninja\_deps\glm-src\doc\api\a00005_source.html", "HTML", 0, 0, 0, 0, 0, 0, 0, 0, 0, 0, 0, 0, 0, 468, 0, 0, 5, 3, 476
"c:\Users\nukec\Documents\GitHub\voxelstation13\build_ninja\_deps\glm-src\doc\api\a00008_source.html", "HTML", 0, 0, 0, 0, 0, 0, 0, 0, 0, 0, 0, 0, 0, 96, 0, 0, 5, 3, 104
"c:\Users\nukec\Documents\GitHub\voxelstation13\build_ninja\_deps\glm-src\doc\api\a00011_source.html", "HTML", 0, 0, 0, 0, 0, 0, 0, 0, 0, 0, 0, 0, 0, 156, 0, 0, 5, 3, 164
"c:\Users\nukec\Documents\GitHub\voxelstation13\build_ninja\_deps\glm-src\doc\api\a00014_source.html", "HTML", 0, 0, 0, 0, 0, 0, 0, 0, 0, 0, 0, 0, 0, 879, 0, 0, 5, 3, 887
"c:\Users\nukec\Documents\GitHub\voxelstation13\build_ninja\_deps\glm-src\doc\api\a00017_source.html", "HTML", 0, 0, 0, 0, 0, 0, 0, 0, 0, 0, 0, 0, 0, 756, 0, 0, 5, 3, 764
"c:\Users\nukec\Documents\GitHub\voxelstation13\build_ninja\_deps\glm-src\doc\api\a00020_source.html", "HTML", 0, 0, 0, 0, 0, 0, 0, 0, 0, 0, 0, 0, 0, 236, 0, 0, 5, 3, 244
"c:\Users\nukec\Documents\GitHub\voxelstation13\build_ninja\_deps\glm-src\doc\api\a00023_source.html", "HTML", 0, 0, 0, 0, 0, 0, 0, 0, 0, 0, 0, 0, 0, 124, 0, 0, 5, 3, 132
"c:\Users\nukec\Documents\GitHub\voxelstation13\build_ninja\_deps\glm-src\doc\api\a00026_source.html", "HTML", 0, 0, 0, 0, 0, 0, 0, 0, 0, 0, 0, 0, 0, 104, 0, 0, 5, 3, 112
"c:\Users\nukec\Documents\GitHub\voxelstation13\build_ninja\_deps\glm-src\doc\api\a00029_source.html", "HTML", 0, 0, 0, 0, 0, 0, 0, 0, 0, 0, 0, 0, 0, 305, 0, 0, 5, 3, 313
"c:\Users\nukec\Documents\GitHub\voxelstation13\build_ninja\_deps\glm-src\doc\api\a00032_source.html", "HTML", 0, 0, 0, 0, 0, 0, 0, 0, 0, 0, 0, 0, 0, 1224, 0, 0, 5, 3, 1232
"c:\Users\nukec\Documents\GitHub\voxelstation13\build_ninja\_deps\glm-src\doc\api\a00035_source.html", "HTML", 0, 0, 0, 0, 0, 0, 0, 0, 0, 0, 0, 0, 0, 143, 0, 0, 5, 3, 151
"c:\Users\nukec\Documents\GitHub\voxelstation13\build_ninja\_deps\glm-src\doc\api\a00038_source.html", "HTML", 0, 0, 0, 0, 0, 0, 0, 0, 0, 0, 0, 0, 0, 90, 0, 0, 5, 3, 98
"c:\Users\nukec\Documents\GitHub\voxelstation13\build_ninja\_deps\glm-src\doc\api\a00041.html", "HTML", 0, 0, 0, 0, 0, 0, 0, 0, 0, 0, 0, 0, 0, 80, 0, 0, 5, 6, 91
"c:\Users\nukec\Documents\GitHub\voxelstation13\build_ninja\_deps\glm-src\doc\api\a00041_source.html", "HTML", 0, 0, 0, 0, 0, 0, 0, 0, 0, 0, 0, 0, 0, 251, 0, 0, 5, 3, 259
"c:\Users\nukec\Documents\GitHub\voxelstation13\build_ninja\_deps\glm-src\doc\api\a00044.html", "HTML", 0, 0, 0, 0, 0, 0, 0, 0, 0, 0, 0, 0, 0, 80, 0, 0, 5, 6, 91
"c:\Users\nukec\Documents\GitHub\voxelstation13\build_ninja\_deps\glm-src\doc\api\a00044_source.html", "HTML", 0, 0, 0, 0, 0, 0, 0, 0, 0, 0, 0, 0, 0, 234, 0, 0, 5, 3, 242
"c:\Users\nukec\Documents\GitHub\voxelstation13\build_ninja\_deps\glm-src\doc\api\a00047.html", "HTML", 0, 0, 0, 0, 0, 0, 0, 0, 0, 0, 0, 0, 0, 80, 0, 0, 5, 6, 91
"c:\Users\nukec\Documents\GitHub\voxelstation13\build_ninja\_deps\glm-src\doc\api\a00047_source.html", "HTML", 0, 0, 0, 0, 0, 0, 0, 0, 0, 0, 0, 0, 0, 236, 0, 0, 5, 3, 244
"c:\Users\nukec\Documents\GitHub\voxelstation13\build_ninja\_deps\glm-src\doc\api\a00050.html", "HTML", 0, 0, 0, 0, 0, 0, 0, 0, 0, 0, 0, 0, 0, 80, 0, 0, 5, 6, 91
"c:\Users\nukec\Documents\GitHub\voxelstation13\build_ninja\_deps\glm-src\doc\api\a00050_source.html", "HTML", 0, 0, 0, 0, 0, 0, 0, 0, 0, 0, 0, 0, 0, 242, 0, 0, 5, 3, 250
"c:\Users\nukec\Documents\GitHub\voxelstation13\build_ninja\_deps\glm-src\doc\api\a00053.html", "HTML", 0, 0, 0, 0, 0, 0, 0, 0, 0, 0, 0, 0, 0, 80, 0, 0, 5, 6, 91
"c:\Users\nukec\Documents\GitHub\voxelstation13\build_ninja\_deps\glm-src\doc\api\a00053_source.html", "HTML", 0, 0, 0, 0, 0, 0, 0, 0, 0, 0, 0, 0, 0, 258, 0, 0, 5, 3, 266
"c:\Users\nukec\Documents\GitHub\voxelstation13\build_ninja\_deps\glm-src\doc\api\a00056.html", "HTML", 0, 0, 0, 0, 0, 0, 0, 0, 0, 0, 0, 0, 0, 80, 0, 0, 5, 6, 91
"c:\Users\nukec\Documents\GitHub\voxelstation13\build_ninja\_deps\glm-src\doc\api\a00056_source.html", "HTML", 0, 0, 0, 0, 0, 0, 0, 0, 0, 0, 0, 0, 0, 241, 0, 0, 5, 3, 249
"c:\Users\nukec\Documents\GitHub\voxelstation13\build_ninja\_deps\glm-src\doc\api\a00059.html", "HTML", 0, 0, 0, 0, 0, 0, 0, 0, 0, 0, 0, 0, 0, 80, 0, 0, 5, 6, 91
"c:\Users\nukec\Documents\GitHub\voxelstation13\build_ninja\_deps\glm-src\doc\api\a00059_source.html", "HTML", 0, 0, 0, 0, 0, 0, 0, 0, 0, 0, 0, 0, 0, 246, 0, 0, 5, 3, 254
"c:\Users\nukec\Documents\GitHub\voxelstation13\build_ninja\_deps\glm-src\doc\api\a00062.html", "HTML", 0, 0, 0, 0, 0, 0, 0, 0, 0, 0, 0, 0, 0, 80, 0, 0, 5, 6, 91
"c:\Users\nukec\Documents\GitHub\voxelstation13\build_ninja\_deps\glm-src\doc\api\a00062_source.html", "HTML", 0, 0, 0, 0, 0, 0, 0, 0, 0, 0, 0, 0, 0, 246, 0, 0, 5, 3, 254
"c:\Users\nukec\Documents\GitHub\voxelstation13\build_ninja\_deps\glm-src\doc\api\a00065.html", "HTML", 0, 0, 0, 0, 0, 0, 0, 0, 0, 0, 0, 0, 0, 80, 0, 0, 5, 6, 91
"c:\Users\nukec\Documents\GitHub\voxelstation13\build_ninja\_deps\glm-src\doc\api\a00065_source.html", "HTML", 0, 0, 0, 0, 0, 0, 0, 0, 0, 0, 0, 0, 0, 263, 0, 0, 5, 3, 271
"c:\Users\nukec\Documents\GitHub\voxelstation13\build_ninja\_deps\glm-src\doc\api\a00068.html", "HTML", 0, 0, 0, 0, 0, 0, 0, 0, 0, 0, 0, 0, 0, 80, 0, 0, 5, 6, 91
"c:\Users\nukec\Documents\GitHub\voxelstation13\build_ninja\_deps\glm-src\doc\api\a00068_source.html", "HTML", 0, 0, 0, 0, 0, 0, 0, 0, 0, 0, 0, 0, 0, 258, 0, 0, 5, 3, 266
"c:\Users\nukec\Documents\GitHub\voxelstation13\build_ninja\_deps\glm-src\doc\api\a00071.html", "HTML", 0, 0, 0, 0, 0, 0, 0, 0, 0, 0, 0, 0, 0, 80, 0, 0, 5, 6, 91
"c:\Users\nukec\Documents\GitHub\voxelstation13\build_ninja\_deps\glm-src\doc\api\a00071_source.html", "HTML", 0, 0, 0, 0, 0, 0, 0, 0, 0, 0, 0, 0, 0, 376, 0, 0, 5, 3, 384
"c:\Users\nukec\Documents\GitHub\voxelstation13\build_ninja\_deps\glm-src\doc\api\a00074.html", "HTML", 0, 0, 0, 0, 0, 0, 0, 0, 0, 0, 0, 0, 0, 80, 0, 0, 5, 6, 91
"c:\Users\nukec\Documents\GitHub\voxelstation13\build_ninja\_deps\glm-src\doc\api\a00074_source.html", "HTML", 0, 0, 0, 0, 0, 0, 0, 0, 0, 0, 0, 0, 0, 470, 0, 0, 5, 3, 478
"c:\Users\nukec\Documents\GitHub\voxelstation13\build_ninja\_deps\glm-src\doc\api\a00077.html", "HTML", 0, 0, 0, 0, 0, 0, 0, 0, 0, 0, 0, 0, 0, 80, 0, 0, 5, 6, 91
"c:\Users\nukec\Documents\GitHub\voxelstation13\build_ninja\_deps\glm-src\doc\api\a00077_source.html", "HTML", 0, 0, 0, 0, 0, 0, 0, 0, 0, 0, 0, 0, 0, 500, 0, 0, 5, 3, 508
"c:\Users\nukec\Documents\GitHub\voxelstation13\build_ninja\_deps\glm-src\doc\api\a00080.html", "HTML", 0, 0, 0, 0, 0, 0, 0, 0, 0, 0, 0, 0, 0, 80, 0, 0, 5, 6, 91
"c:\Users\nukec\Documents\GitHub\voxelstation13\build_ninja\_deps\glm-src\doc\api\a00080_source.html", "HTML", 0, 0, 0, 0, 0, 0, 0, 0, 0, 0, 0, 0, 0, 561, 0, 0, 5, 3, 569
"c:\Users\nukec\Documents\GitHub\voxelstation13\build_ninja\_deps\glm-src\doc\api\a00083.html", "HTML", 0, 0, 0, 0, 0, 0, 0, 0, 0, 0, 0, 0, 0, 115, 0, 0, 5, 6, 126
"c:\Users\nukec\Documents\GitHub\voxelstation13\build_ninja\_deps\glm-src\doc\api\a00083_source.html", "HTML", 0, 0, 0, 0, 0, 0, 0, 0, 0, 0, 0, 0, 0, 121, 0, 0, 5, 3, 129
"c:\Users\nukec\Documents\GitHub\voxelstation13\build_ninja\_deps\glm-src\doc\api\a00086_source.html", "HTML", 0, 0, 0, 0, 0, 0, 0, 0, 0, 0, 0, 0, 0, 202, 0, 0, 5, 3, 210
"c:\Users\nukec\Documents\GitHub\voxelstation13\build_ninja\_deps\glm-src\doc\api\a00089.html", "HTML", 0, 0, 0, 0, 0, 0, 0, 0, 0, 0, 0, 0, 0, 254, 0, 0, 5, 6, 265
"c:\Users\nukec\Documents\GitHub\voxelstation13\build_ninja\_deps\glm-src\doc\api\a00089_source.html", "HTML", 0, 0, 0, 0, 0, 0, 0, 0, 0, 0, 0, 0, 0, 301, 0, 0, 5, 3, 309
"c:\Users\nukec\Documents\GitHub\voxelstation13\build_ninja\_deps\glm-src\doc\api\a00092.html", "HTML", 0, 0, 0, 0, 0, 0, 0, 0, 0, 0, 0, 0, 0, 80, 0, 0, 5, 6, 91
"c:\Users\nukec\Documents\GitHub\voxelstation13\build_ninja\_deps\glm-src\doc\api\a00092_source.html", "HTML", 0, 0, 0, 0, 0, 0, 0, 0, 0, 0, 0, 0, 0, 101, 0, 0, 5, 3, 109
"c:\Users\nukec\Documents\GitHub\voxelstation13\build_ninja\_deps\glm-src\doc\api\a00095.html", "HTML", 0, 0, 0, 0, 0, 0, 0, 0, 0, 0, 0, 0, 0, 92, 0, 0, 5, 6, 103
"c:\Users\nukec\Documents\GitHub\voxelstation13\build_ninja\_deps\glm-src\doc\api\a00095_source.html", "HTML", 0, 0, 0, 0, 0, 0, 0, 0, 0, 0, 0, 0, 0, 88, 0, 0, 5, 3, 96
"c:\Users\nukec\Documents\GitHub\voxelstation13\build_ninja\_deps\glm-src\doc\api\a00098.html", "HTML", 0, 0, 0, 0, 0, 0, 0, 0, 0, 0, 0, 0, 0, 104, 0, 0, 5, 6, 115
"c:\Users\nukec\Documents\GitHub\voxelstation13\build_ninja\_deps\glm-src\doc\api\a00098_source.html", "HTML", 0, 0, 0, 0, 0, 0, 0, 0, 0, 0, 0, 0, 0, 100, 0, 0, 5, 3, 108
"c:\Users\nukec\Documents\GitHub\voxelstation13\build_ninja\_deps\glm-src\doc\api\a00101.html", "HTML", 0, 0, 0, 0, 0, 0, 0, 0, 0, 0, 0, 0, 0, 89, 0, 0, 5, 6, 100
"c:\Users\nukec\Documents\GitHub\voxelstation13\build_ninja\_deps\glm-src\doc\api\a00101_source.html", "HTML", 0, 0, 0, 0, 0, 0, 0, 0, 0, 0, 0, 0, 0, 85, 0, 0, 5, 3, 93
"c:\Users\nukec\Documents\GitHub\voxelstation13\build_ninja\_deps\glm-src\doc\api\a00104.html", "HTML", 0, 0, 0, 0, 0, 0, 0, 0, 0, 0, 0, 0, 0, 95, 0, 0, 5, 6, 106
"c:\Users\nukec\Documents\GitHub\voxelstation13\build_ninja\_deps\glm-src\doc\api\a00104_source.html", "HTML", 0, 0, 0, 0, 0, 0, 0, 0, 0, 0, 0, 0, 0, 91, 0, 0, 5, 3, 99
"c:\Users\nukec\Documents\GitHub\voxelstation13\build_ninja\_deps\glm-src\doc\api\a00107.html", "HTML", 0, 0, 0, 0, 0, 0, 0, 0, 0, 0, 0, 0, 0, 89, 0, 0, 5, 6, 100
"c:\Users\nukec\Documents\GitHub\voxelstation13\build_ninja\_deps\glm-src\doc\api\a00107_source.html", "HTML", 0, 0, 0, 0, 0, 0, 0, 0, 0, 0, 0, 0, 0, 85, 0, 0, 5, 3, 93
"c:\Users\nukec\Documents\GitHub\voxelstation13\build_ninja\_deps\glm-src\doc\api\a00110.html", "HTML", 0, 0, 0, 0, 0, 0, 0, 0, 0, 0, 0, 0, 0, 95, 0, 0, 5, 6, 106
"c:\Users\nukec\Documents\GitHub\voxelstation13\build_ninja\_deps\glm-src\doc\api\a00110_source.html", "HTML", 0, 0, 0, 0, 0, 0, 0, 0, 0, 0, 0, 0, 0, 91, 0, 0, 5, 3, 99
"c:\Users\nukec\Documents\GitHub\voxelstation13\build_ninja\_deps\glm-src\doc\api\a00113.html", "HTML", 0, 0, 0, 0, 0, 0, 0, 0, 0, 0, 0, 0, 0, 89, 0, 0, 5, 6, 100
"c:\Users\nukec\Documents\GitHub\voxelstation13\build_ninja\_deps\glm-src\doc\api\a00113_source.html", "HTML", 0, 0, 0, 0, 0, 0, 0, 0, 0, 0, 0, 0, 0, 85, 0, 0, 5, 3, 93
"c:\Users\nukec\Documents\GitHub\voxelstation13\build_ninja\_deps\glm-src\doc\api\a00116.html", "HTML", 0, 0, 0, 0, 0, 0, 0, 0, 0, 0, 0, 0, 0, 95, 0, 0, 5, 6, 106
"c:\Users\nukec\Documents\GitHub\voxelstation13\build_ninja\_deps\glm-src\doc\api\a00116_source.html", "HTML", 0, 0, 0, 0, 0, 0, 0, 0, 0, 0, 0, 0, 0, 91, 0, 0, 5, 3, 99
"c:\Users\nukec\Documents\GitHub\voxelstation13\build_ninja\_deps\glm-src\doc\api\a00119.html", "HTML", 0, 0, 0, 0, 0, 0, 0, 0, 0, 0, 0, 0, 0, 92, 0, 0, 5, 6, 103
"c:\Users\nukec\Documents\GitHub\voxelstation13\build_ninja\_deps\glm-src\doc\api\a00119_source.html", "HTML", 0, 0, 0, 0, 0, 0, 0, 0, 0, 0, 0, 0, 0, 88, 0, 0, 5, 3, 96
"c:\Users\nukec\Documents\GitHub\voxelstation13\build_ninja\_deps\glm-src\doc\api\a00122.html", "HTML", 0, 0, 0, 0, 0, 0, 0, 0, 0, 0, 0, 0, 0, 104, 0, 0, 5, 6, 115
"c:\Users\nukec\Documents\GitHub\voxelstation13\build_ninja\_deps\glm-src\doc\api\a00122_source.html", "HTML", 0, 0, 0, 0, 0, 0, 0, 0, 0, 0, 0, 0, 0, 100, 0, 0, 5, 3, 108
"c:\Users\nukec\Documents\GitHub\voxelstation13\build_ninja\_deps\glm-src\doc\api\a00125.html", "HTML", 0, 0, 0, 0, 0, 0, 0, 0, 0, 0, 0, 0, 0, 89, 0, 0, 5, 6, 100
"c:\Users\nukec\Documents\GitHub\voxelstation13\build_ninja\_deps\glm-src\doc\api\a00125_source.html", "HTML", 0, 0, 0, 0, 0, 0, 0, 0, 0, 0, 0, 0, 0, 85, 0, 0, 5, 3, 93
"c:\Users\nukec\Documents\GitHub\voxelstation13\build_ninja\_deps\glm-src\doc\api\a00128.html", "HTML", 0, 0, 0, 0, 0, 0, 0, 0, 0, 0, 0, 0, 0, 95, 0, 0, 5, 6, 106
"c:\Users\nukec\Documents\GitHub\voxelstation13\build_ninja\_deps\glm-src\doc\api\a00128_source.html", "HTML", 0, 0, 0, 0, 0, 0, 0, 0, 0, 0, 0, 0, 0, 91, 0, 0, 5, 3, 99
"c:\Users\nukec\Documents\GitHub\voxelstation13\build_ninja\_deps\glm-src\doc\api\a00131.html", "HTML", 0, 0, 0, 0, 0, 0, 0, 0, 0, 0, 0, 0, 0, 89, 0, 0, 5, 6, 100
"c:\Users\nukec\Documents\GitHub\voxelstation13\build_ninja\_deps\glm-src\doc\api\a00131_source.html", "HTML", 0, 0, 0, 0, 0, 0, 0, 0, 0, 0, 0, 0, 0, 85, 0, 0, 5, 3, 93
"c:\Users\nukec\Documents\GitHub\voxelstation13\build_ninja\_deps\glm-src\doc\api\a00134.html", "HTML", 0, 0, 0, 0, 0, 0, 0, 0, 0, 0, 0, 0, 0, 95, 0, 0, 5, 6, 106
"c:\Users\nukec\Documents\GitHub\voxelstation13\build_ninja\_deps\glm-src\doc\api\a00134_source.html", "HTML", 0, 0, 0, 0, 0, 0, 0, 0, 0, 0, 0, 0, 0, 91, 0, 0, 5, 3, 99
"c:\Users\nukec\Documents\GitHub\voxelstation13\build_ninja\_deps\glm-src\doc\api\a00137.html", "HTML", 0, 0, 0, 0, 0, 0, 0, 0, 0, 0, 0, 0, 0, 89, 0, 0, 5, 6, 100
"c:\Users\nukec\Documents\GitHub\voxelstation13\build_ninja\_deps\glm-src\doc\api\a00137_source.html", "HTML", 0, 0, 0, 0, 0, 0, 0, 0, 0, 0, 0, 0, 0, 85, 0, 0, 5, 3, 93
"c:\Users\nukec\Documents\GitHub\voxelstation13\build_ninja\_deps\glm-src\doc\api\a00140.html", "HTML", 0, 0, 0, 0, 0, 0, 0, 0, 0, 0, 0, 0, 0, 95, 0, 0, 5, 6, 106
"c:\Users\nukec\Documents\GitHub\voxelstation13\build_ninja\_deps\glm-src\doc\api\a00140_source.html", "HTML", 0, 0, 0, 0, 0, 0, 0, 0, 0, 0, 0, 0, 0, 91, 0, 0, 5, 3, 99
"c:\Users\nukec\Documents\GitHub\voxelstation13\build_ninja\_deps\glm-src\doc\api\a00143.html", "HTML", 0, 0, 0, 0, 0, 0, 0, 0, 0, 0, 0, 0, 0, 92, 0, 0, 5, 6, 103
"c:\Users\nukec\Documents\GitHub\voxelstation13\build_ninja\_deps\glm-src\doc\api\a00143_source.html", "HTML", 0, 0, 0, 0, 0, 0, 0, 0, 0, 0, 0, 0, 0, 88, 0, 0, 5, 3, 96
"c:\Users\nukec\Documents\GitHub\voxelstation13\build_ninja\_deps\glm-src\doc\api\a00146.html", "HTML", 0, 0, 0, 0, 0, 0, 0, 0, 0, 0, 0, 0, 0, 104, 0, 0, 5, 6, 115
"c:\Users\nukec\Documents\GitHub\voxelstation13\build_ninja\_deps\glm-src\doc\api\a00146_source.html", "HTML", 0, 0, 0, 0, 0, 0, 0, 0, 0, 0, 0, 0, 0, 100, 0, 0, 5, 3, 108
"c:\Users\nukec\Documents\GitHub\voxelstation13\build_ninja\_deps\glm-src\doc\api\a00149.html", "HTML", 0, 0, 0, 0, 0, 0, 0, 0, 0, 0, 0, 0, 0, 92, 0, 0, 5, 6, 103
"c:\Users\nukec\Documents\GitHub\voxelstation13\build_ninja\_deps\glm-src\doc\api\a00149_source.html", "HTML", 0, 0, 0, 0, 0, 0, 0, 0, 0, 0, 0, 0, 0, 88, 0, 0, 5, 3, 96
"c:\Users\nukec\Documents\GitHub\voxelstation13\build_ninja\_deps\glm-src\doc\api\a00152.html", "HTML", 0, 0, 0, 0, 0, 0, 0, 0, 0, 0, 0, 0, 0, 104, 0, 0, 5, 6, 115
"c:\Users\nukec\Documents\GitHub\voxelstation13\build_ninja\_deps\glm-src\doc\api\a00152_source.html", "HTML", 0, 0, 0, 0, 0, 0, 0, 0, 0, 0, 0, 0, 0, 100, 0, 0, 5, 3, 108
"c:\Users\nukec\Documents\GitHub\voxelstation13\build_ninja\_deps\glm-src\doc\api\a00155.html", "HTML", 0, 0, 0, 0, 0, 0, 0, 0, 0, 0, 0, 0, 0, 89, 0, 0, 5, 6, 100
"c:\Users\nukec\Documents\GitHub\voxelstation13\build_ninja\_deps\glm-src\doc\api\a00155_source.html", "HTML", 0, 0, 0, 0, 0, 0, 0, 0, 0, 0, 0, 0, 0, 85, 0, 0, 5, 3, 93
"c:\Users\nukec\Documents\GitHub\voxelstation13\build_ninja\_deps\glm-src\doc\api\a00158.html", "HTML", 0, 0, 0, 0, 0, 0, 0, 0, 0, 0, 0, 0, 0, 95, 0, 0, 5, 6, 106
"c:\Users\nukec\Documents\GitHub\voxelstation13\build_ninja\_deps\glm-src\doc\api\a00158_source.html", "HTML", 0, 0, 0, 0, 0, 0, 0, 0, 0, 0, 0, 0, 0, 91, 0, 0, 5, 3, 99
"c:\Users\nukec\Documents\GitHub\voxelstation13\build_ninja\_deps\glm-src\doc\api\a00161.html", "HTML", 0, 0, 0, 0, 0, 0, 0, 0, 0, 0, 0, 0, 0, 89, 0, 0, 5, 6, 100
"c:\Users\nukec\Documents\GitHub\voxelstation13\build_ninja\_deps\glm-src\doc\api\a00161_source.html", "HTML", 0, 0, 0, 0, 0, 0, 0, 0, 0, 0, 0, 0, 0, 85, 0, 0, 5, 3, 93
"c:\Users\nukec\Documents\GitHub\voxelstation13\build_ninja\_deps\glm-src\doc\api\a00164.html", "HTML", 0, 0, 0, 0, 0, 0, 0, 0, 0, 0, 0, 0, 0, 95, 0, 0, 5, 6, 106
"c:\Users\nukec\Documents\GitHub\voxelstation13\build_ninja\_deps\glm-src\doc\api\a00164_source.html", "HTML", 0, 0, 0, 0, 0, 0, 0, 0, 0, 0, 0, 0, 0, 91, 0, 0, 5, 3, 99
"c:\Users\nukec\Documents\GitHub\voxelstation13\build_ninja\_deps\glm-src\doc\api\a00167.html", "HTML", 0, 0, 0, 0, 0, 0, 0, 0, 0, 0, 0, 0, 0, 89, 0, 0, 5, 6, 100
"c:\Users\nukec\Documents\GitHub\voxelstation13\build_ninja\_deps\glm-src\doc\api\a00167_source.html", "HTML", 0, 0, 0, 0, 0, 0, 0, 0, 0, 0, 0, 0, 0, 85, 0, 0, 5, 3, 93
"c:\Users\nukec\Documents\GitHub\voxelstation13\build_ninja\_deps\glm-src\doc\api\a00170.html", "HTML", 0, 0, 0, 0, 0, 0, 0, 0, 0, 0, 0, 0, 0, 95, 0, 0, 5, 6, 106
"c:\Users\nukec\Documents\GitHub\voxelstation13\build_ninja\_deps\glm-src\doc\api\a00170_source.html", "HTML", 0, 0, 0, 0, 0, 0, 0, 0, 0, 0, 0, 0, 0, 91, 0, 0, 5, 3, 99
"c:\Users\nukec\Documents\GitHub\voxelstation13\build_ninja\_deps\glm-src\doc\api\a00173.html", "HTML", 0, 0, 0, 0, 0, 0, 0, 0, 0, 0, 0, 0, 0, 92, 0, 0, 5, 6, 103
"c:\Users\nukec\Documents\GitHub\voxelstation13\build_ninja\_deps\glm-src\doc\api\a00173_source.html", "HTML", 0, 0, 0, 0, 0, 0, 0, 0, 0, 0, 0, 0, 0, 88, 0, 0, 5, 3, 96
"c:\Users\nukec\Documents\GitHub\voxelstation13\build_ninja\_deps\glm-src\doc\api\a00176.html", "HTML", 0, 0, 0, 0, 0, 0, 0, 0, 0, 0, 0, 0, 0, 104, 0, 0, 5, 6, 115
"c:\Users\nukec\Documents\GitHub\voxelstation13\build_ninja\_deps\glm-src\doc\api\a00176_source.html", "HTML", 0, 0, 0, 0, 0, 0, 0, 0, 0, 0, 0, 0, 0, 100, 0, 0, 5, 3, 108
"c:\Users\nukec\Documents\GitHub\voxelstation13\build_ninja\_deps\glm-src\doc\api\a00179.html", "HTML", 0, 0, 0, 0, 0, 0, 0, 0, 0, 0, 0, 0, 0, 89, 0, 0, 5, 6, 100
"c:\Users\nukec\Documents\GitHub\voxelstation13\build_ninja\_deps\glm-src\doc\api\a00179_source.html", "HTML", 0, 0, 0, 0, 0, 0, 0, 0, 0, 0, 0, 0, 0, 85, 0, 0, 5, 3, 93
"c:\Users\nukec\Documents\GitHub\voxelstation13\build_ninja\_deps\glm-src\doc\api\a00182.html", "HTML", 0, 0, 0, 0, 0, 0, 0, 0, 0, 0, 0, 0, 0, 95, 0, 0, 5, 6, 106
"c:\Users\nukec\Documents\GitHub\voxelstation13\build_ninja\_deps\glm-src\doc\api\a00182_source.html", "HTML", 0, 0, 0, 0, 0, 0, 0, 0, 0, 0, 0, 0, 0, 91, 0, 0, 5, 3, 99
"c:\Users\nukec\Documents\GitHub\voxelstation13\build_ninja\_deps\glm-src\doc\api\a00185.html", "HTML", 0, 0, 0, 0, 0, 0, 0, 0, 0, 0, 0, 0, 0, 89, 0, 0, 5, 6, 100
"c:\Users\nukec\Documents\GitHub\voxelstation13\build_ninja\_deps\glm-src\doc\api\a00185_source.html", "HTML", 0, 0, 0, 0, 0, 0, 0, 0, 0, 0, 0, 0, 0, 85, 0, 0, 5, 3, 93
"c:\Users\nukec\Documents\GitHub\voxelstation13\build_ninja\_deps\glm-src\doc\api\a00188_source.html", "HTML", 0, 0, 0, 0, 0, 0, 0, 0, 0, 0, 0, 0, 0, 91, 0, 0, 5, 3, 99
"c:\Users\nukec\Documents\GitHub\voxelstation13\build_ninja\_deps\glm-src\doc\api\a00191.html", "HTML", 0, 0, 0, 0, 0, 0, 0, 0, 0, 0, 0, 0, 0, 89, 0, 0, 5, 6, 100
"c:\Users\nukec\Documents\GitHub\voxelstation13\build_ninja\_deps\glm-src\doc\api\a00191_source.html", "HTML", 0, 0, 0, 0, 0, 0, 0, 0, 0, 0, 0, 0, 0, 85, 0, 0, 5, 3, 93
"c:\Users\nukec\Documents\GitHub\voxelstation13\build_ninja\_deps\glm-src\doc\api\a00194.html", "HTML", 0, 0, 0, 0, 0, 0, 0, 0, 0, 0, 0, 0, 0, 95, 0, 0, 5, 6, 106
"c:\Users\nukec\Documents\GitHub\voxelstation13\build_ninja\_deps\glm-src\doc\api\a00194_source.html", "HTML", 0, 0, 0, 0, 0, 0, 0, 0, 0, 0, 0, 0, 0, 91, 0, 0, 5, 3, 99
"c:\Users\nukec\Documents\GitHub\voxelstation13\build_ninja\_deps\glm-src\doc\api\a00197.html", "HTML", 0, 0, 0, 0, 0, 0, 0, 0, 0, 0, 0, 0, 0, 88, 0, 0, 5, 6, 99
"c:\Users\nukec\Documents\GitHub\voxelstation13\build_ninja\_deps\glm-src\doc\api\a00197_source.html", "HTML", 0, 0, 0, 0, 0, 0, 0, 0, 0, 0, 0, 0, 0, 88, 0, 0, 5, 3, 96
"c:\Users\nukec\Documents\GitHub\voxelstation13\build_ninja\_deps\glm-src\doc\api\a00200.html", "HTML", 0, 0, 0, 0, 0, 0, 0, 0, 0, 0, 0, 0, 0, 104, 0, 0, 5, 6, 115
"c:\Users\nukec\Documents\GitHub\voxelstation13\build_ninja\_deps\glm-src\doc\api\a00200_source.html", "HTML", 0, 0, 0, 0, 0, 0, 0, 0, 0, 0, 0, 0, 0, 100, 0, 0, 5, 3, 108
"c:\Users\nukec\Documents\GitHub\voxelstation13\build_ninja\_deps\glm-src\doc\api\a00203.html", "HTML", 0, 0, 0, 0, 0, 0, 0, 0, 0, 0, 0, 0, 0, 93, 0, 0, 5, 6, 104
"c:\Users\nukec\Documents\GitHub\voxelstation13\build_ninja\_deps\glm-src\doc\api\a00203_source.html", "HTML", 0, 0, 0, 0, 0, 0, 0, 0, 0, 0, 0, 0, 0, 94, 0, 0, 5, 3, 102
"c:\Users\nukec\Documents\GitHub\voxelstation13\build_ninja\_deps\glm-src\doc\api\a00206.html", "HTML", 0, 0, 0, 0, 0, 0, 0, 0, 0, 0, 0, 0, 0, 111, 0, 0, 5, 6, 122
"c:\Users\nukec\Documents\GitHub\voxelstation13\build_ninja\_deps\glm-src\doc\api\a00206_source.html", "HTML", 0, 0, 0, 0, 0, 0, 0, 0, 0, 0, 0, 0, 0, 114, 0, 0, 5, 3, 122
"c:\Users\nukec\Documents\GitHub\voxelstation13\build_ninja\_deps\glm-src\doc\api\a00209.html", "HTML", 0, 0, 0, 0, 0, 0, 0, 0, 0, 0, 0, 0, 0, 90, 0, 0, 5, 6, 101
"c:\Users\nukec\Documents\GitHub\voxelstation13\build_ninja\_deps\glm-src\doc\api\a00209_source.html", "HTML", 0, 0, 0, 0, 0, 0, 0, 0, 0, 0, 0, 0, 0, 91, 0, 0, 5, 3, 99
"c:\Users\nukec\Documents\GitHub\voxelstation13\build_ninja\_deps\glm-src\doc\api\a00212.html", "HTML", 0, 0, 0, 0, 0, 0, 0, 0, 0, 0, 0, 0, 0, 99, 0, 0, 5, 6, 110
"c:\Users\nukec\Documents\GitHub\voxelstation13\build_ninja\_deps\glm-src\doc\api\a00212_source.html", "HTML", 0, 0, 0, 0, 0, 0, 0, 0, 0, 0, 0, 0, 0, 101, 0, 0, 5, 3, 109
"c:\Users\nukec\Documents\GitHub\voxelstation13\build_ninja\_deps\glm-src\doc\api\a00215.html", "HTML", 0, 0, 0, 0, 0, 0, 0, 0, 0, 0, 0, 0, 0, 90, 0, 0, 5, 6, 101
"c:\Users\nukec\Documents\GitHub\voxelstation13\build_ninja\_deps\glm-src\doc\api\a00215_source.html", "HTML", 0, 0, 0, 0, 0, 0, 0, 0, 0, 0, 0, 0, 0, 91, 0, 0, 5, 3, 99
"c:\Users\nukec\Documents\GitHub\voxelstation13\build_ninja\_deps\glm-src\doc\api\a00218.html", "HTML", 0, 0, 0, 0, 0, 0, 0, 0, 0, 0, 0, 0, 0, 99, 0, 0, 5, 6, 110
"c:\Users\nukec\Documents\GitHub\voxelstation13\build_ninja\_deps\glm-src\doc\api\a00218_source.html", "HTML", 0, 0, 0, 0, 0, 0, 0, 0, 0, 0, 0, 0, 0, 101, 0, 0, 5, 3, 109
"c:\Users\nukec\Documents\GitHub\voxelstation13\build_ninja\_deps\glm-src\doc\api\a00221.html", "HTML", 0, 0, 0, 0, 0, 0, 0, 0, 0, 0, 0, 0, 0, 90, 0, 0, 5, 6, 101
"c:\Users\nukec\Documents\GitHub\voxelstation13\build_ninja\_deps\glm-src\doc\api\a00221_source.html", "HTML", 0, 0, 0, 0, 0, 0, 0, 0, 0, 0, 0, 0, 0, 91, 0, 0, 5, 3, 99
"c:\Users\nukec\Documents\GitHub\voxelstation13\build_ninja\_deps\glm-src\doc\api\a00224.html", "HTML", 0, 0, 0, 0, 0, 0, 0, 0, 0, 0, 0, 0, 0, 100, 0, 0, 5, 6, 111
"c:\Users\nukec\Documents\GitHub\voxelstation13\build_ninja\_deps\glm-src\doc\api\a00224_source.html", "HTML", 0, 0, 0, 0, 0, 0, 0, 0, 0, 0, 0, 0, 0, 101, 0, 0, 5, 3, 109
"c:\Users\nukec\Documents\GitHub\voxelstation13\build_ninja\_deps\glm-src\doc\api\a00227.html", "HTML", 0, 0, 0, 0, 0, 0, 0, 0, 0, 0, 0, 0, 0, 93, 0, 0, 5, 6, 104
"c:\Users\nukec\Documents\GitHub\voxelstation13\build_ninja\_deps\glm-src\doc\api\a00227_source.html", "HTML", 0, 0, 0, 0, 0, 0, 0, 0, 0, 0, 0, 0, 0, 94, 0, 0, 5, 3, 102
"c:\Users\nukec\Documents\GitHub\voxelstation13\build_ninja\_deps\glm-src\doc\api\a00230.html", "HTML", 0, 0, 0, 0, 0, 0, 0, 0, 0, 0, 0, 0, 0, 111, 0, 0, 5, 6, 122
"c:\Users\nukec\Documents\GitHub\voxelstation13\build_ninja\_deps\glm-src\doc\api\a00230_source.html", "HTML", 0, 0, 0, 0, 0, 0, 0, 0, 0, 0, 0, 0, 0, 114, 0, 0, 5, 3, 122
"c:\Users\nukec\Documents\GitHub\voxelstation13\build_ninja\_deps\glm-src\doc\api\a00233.html", "HTML", 0, 0, 0, 0, 0, 0, 0, 0, 0, 0, 0, 0, 0, 90, 0, 0, 5, 6, 101
"c:\Users\nukec\Documents\GitHub\voxelstation13\build_ninja\_deps\glm-src\doc\api\a00233_source.html", "HTML", 0, 0, 0, 0, 0, 0, 0, 0, 0, 0, 0, 0, 0, 91, 0, 0, 5, 3, 99
"c:\Users\nukec\Documents\GitHub\voxelstation13\build_ninja\_deps\glm-src\doc\api\a00236_source.html", "HTML", 0, 0, 0, 0, 0, 0, 0, 0, 0, 0, 0, 0, 0, 101, 0, 0, 5, 3, 109
"c:\Users\nukec\Documents\GitHub\voxelstation13\build_ninja\_deps\glm-src\doc\api\a00239.html", "HTML", 0, 0, 0, 0, 0, 0, 0, 0, 0, 0, 0, 0, 0, 90, 0, 0, 5, 6, 101
"c:\Users\nukec\Documents\GitHub\voxelstation13\build_ninja\_deps\glm-src\doc\api\a00239_source.html", "HTML", 0, 0, 0, 0, 0, 0, 0, 0, 0, 0, 0, 0, 0, 91, 0, 0, 5, 3, 99
"c:\Users\nukec\Documents\GitHub\voxelstation13\build_ninja\_deps\glm-src\doc\api\a00242.html", "HTML", 0, 0, 0, 0, 0, 0, 0, 0, 0, 0, 0, 0, 0, 99, 0, 0, 5, 6, 110
"c:\Users\nukec\Documents\GitHub\voxelstation13\build_ninja\_deps\glm-src\doc\api\a00242_source.html", "HTML", 0, 0, 0, 0, 0, 0, 0, 0, 0, 0, 0, 0, 0, 101, 0, 0, 5, 3, 109
"c:\Users\nukec\Documents\GitHub\voxelstation13\build_ninja\_deps\glm-src\doc\api\a00245.html", "HTML", 0, 0, 0, 0, 0, 0, 0, 0, 0, 0, 0, 0, 0, 90, 0, 0, 5, 6, 101
"c:\Users\nukec\Documents\GitHub\voxelstation13\build_ninja\_deps\glm-src\doc\api\a00245_source.html", "HTML", 0, 0, 0, 0, 0, 0, 0, 0, 0, 0, 0, 0, 0, 91, 0, 0, 5, 3, 99
"c:\Users\nukec\Documents\GitHub\voxelstation13\build_ninja\_deps\glm-src\doc\api\a00248.html", "HTML", 0, 0, 0, 0, 0, 0, 0, 0, 0, 0, 0, 0, 0, 99, 0, 0, 5, 6, 110
"c:\Users\nukec\Documents\GitHub\voxelstation13\build_ninja\_deps\glm-src\doc\api\a00248_source.html", "HTML", 0, 0, 0, 0, 0, 0, 0, 0, 0, 0, 0, 0, 0, 101, 0, 0, 5, 3, 109
"c:\Users\nukec\Documents\GitHub\voxelstation13\build_ninja\_deps\glm-src\doc\api\a00251.html", "HTML", 0, 0, 0, 0, 0, 0, 0, 0, 0, 0, 0, 0, 0, 93, 0, 0, 5, 6, 104
"c:\Users\nukec\Documents\GitHub\voxelstation13\build_ninja\_deps\glm-src\doc\api\a00251_source.html", "HTML", 0, 0, 0, 0, 0, 0, 0, 0, 0, 0, 0, 0, 0, 94, 0, 0, 5, 3, 102
"c:\Users\nukec\Documents\GitHub\voxelstation13\build_ninja\_deps\glm-src\doc\api\a00254.html", "HTML", 0, 0, 0, 0, 0, 0, 0, 0, 0, 0, 0, 0, 0, 111, 0, 0, 5, 6, 122
"c:\Users\nukec\Documents\GitHub\voxelstation13\build_ninja\_deps\glm-src\doc\api\a00254_source.html", "HTML", 0, 0, 0, 0, 0, 0, 0, 0, 0, 0, 0, 0, 0, 114, 0, 0, 5, 3, 122
"c:\Users\nukec\Documents\GitHub\voxelstation13\build_ninja\_deps\glm-src\doc\api\a00260.html", "HTML", 0, 0, 0, 0, 0, 0, 0, 0, 0, 0, 0, 0, 0, 114, 0, 0, 5, 6, 125
"c:\Users\nukec\Documents\GitHub\voxelstation13\build_ninja\_deps\glm-src\doc\api\a00260_source.html", "HTML", 0, 0, 0, 0, 0, 0, 0, 0, 0, 0, 0, 0, 0, 129, 0, 0, 5, 3, 137
"c:\Users\nukec\Documents\GitHub\voxelstation13\build_ninja\_deps\glm-src\doc\api\a00263.html", "HTML", 0, 0, 0, 0, 0, 0, 0, 0, 0, 0, 0, 0, 0, 126, 0, 0, 5, 6, 137
"c:\Users\nukec\Documents\GitHub\voxelstation13\build_ninja\_deps\glm-src\doc\api\a00263_source.html", "HTML", 0, 0, 0, 0, 0, 0, 0, 0, 0, 0, 0, 0, 0, 123, 0, 0, 5, 3, 131
"c:\Users\nukec\Documents\GitHub\voxelstation13\build_ninja\_deps\glm-src\doc\api\a00269.html", "HTML", 0, 0, 0, 0, 0, 0, 0, 0, 0, 0, 0, 0, 0, 93, 0, 0, 5, 6, 104
"c:\Users\nukec\Documents\GitHub\voxelstation13\build_ninja\_deps\glm-src\doc\api\a00269_source.html", "HTML", 0, 0, 0, 0, 0, 0, 0, 0, 0, 0, 0, 0, 0, 94, 0, 0, 5, 3, 102
"c:\Users\nukec\Documents\GitHub\voxelstation13\build_ninja\_deps\glm-src\doc\api\a00272.html", "HTML", 0, 0, 0, 0, 0, 0, 0, 0, 0, 0, 0, 0, 0, 111, 0, 0, 5, 6, 122
"c:\Users\nukec\Documents\GitHub\voxelstation13\build_ninja\_deps\glm-src\doc\api\a00272_source.html", "HTML", 0, 0, 0, 0, 0, 0, 0, 0, 0, 0, 0, 0, 0, 114, 0, 0, 5, 3, 122
"c:\Users\nukec\Documents\GitHub\voxelstation13\build_ninja\_deps\glm-src\doc\api\a00275.html", "HTML", 0, 0, 0, 0, 0, 0, 0, 0, 0, 0, 0, 0, 0, 90, 0, 0, 5, 6, 101
"c:\Users\nukec\Documents\GitHub\voxelstation13\build_ninja\_deps\glm-src\doc\api\a00275_source.html", "HTML", 0, 0, 0, 0, 0, 0, 0, 0, 0, 0, 0, 0, 0, 91, 0, 0, 5, 3, 99
"c:\Users\nukec\Documents\GitHub\voxelstation13\build_ninja\_deps\glm-src\doc\api\a00278.html", "HTML", 0, 0, 0, 0, 0, 0, 0, 0, 0, 0, 0, 0, 0, 99, 0, 0, 5, 6, 110
"c:\Users\nukec\Documents\GitHub\voxelstation13\build_ninja\_deps\glm-src\doc\api\a00278_source.html", "HTML", 0, 0, 0, 0, 0, 0, 0, 0, 0, 0, 0, 0, 0, 101, 0, 0, 5, 3, 109
"c:\Users\nukec\Documents\GitHub\voxelstation13\build_ninja\_deps\glm-src\doc\api\a00281.html", "HTML", 0, 0, 0, 0, 0, 0, 0, 0, 0, 0, 0, 0, 0, 90, 0, 0, 5, 6, 101
"c:\Users\nukec\Documents\GitHub\voxelstation13\build_ninja\_deps\glm-src\doc\api\a00281_source.html", "HTML", 0, 0, 0, 0, 0, 0, 0, 0, 0, 0, 0, 0, 0, 91, 0, 0, 5, 3, 99
"c:\Users\nukec\Documents\GitHub\voxelstation13\build_ninja\_deps\glm-src\doc\api\a00284.html", "HTML", 0, 0, 0, 0, 0, 0, 0, 0, 0, 0, 0, 0, 0, 99, 0, 0, 5, 6, 110
"c:\Users\nukec\Documents\GitHub\voxelstation13\build_ninja\_deps\glm-src\doc\api\a00284_source.html", "HTML", 0, 0, 0, 0, 0, 0, 0, 0, 0, 0, 0, 0, 0, 101, 0, 0, 5, 3, 109
"c:\Users\nukec\Documents\GitHub\voxelstation13\build_ninja\_deps\glm-src\doc\api\a00287.html", "HTML", 0, 0, 0, 0, 0, 0, 0, 0, 0, 0, 0, 0, 0, 90, 0, 0, 5, 6, 101
"c:\Users\nukec\Documents\GitHub\voxelstation13\build_ninja\_deps\glm-src\doc\api\a00287_source.html", "HTML", 0, 0, 0, 0, 0, 0, 0, 0, 0, 0, 0, 0, 0, 91, 0, 0, 5, 3, 99
"c:\Users\nukec\Documents\GitHub\voxelstation13\build_ninja\_deps\glm-src\doc\api\a00290.html", "HTML", 0, 0, 0, 0, 0, 0, 0, 0, 0, 0, 0, 0, 0, 100, 0, 0, 5, 6, 111
"c:\Users\nukec\Documents\GitHub\voxelstation13\build_ninja\_deps\glm-src\doc\api\a00290_source.html", "HTML", 0, 0, 0, 0, 0, 0, 0, 0, 0, 0, 0, 0, 0, 101, 0, 0, 5, 3, 109
"c:\Users\nukec\Documents\GitHub\voxelstation13\build_ninja\_deps\glm-src\doc\api\a00293.html", "HTML", 0, 0, 0, 0, 0, 0, 0, 0, 0, 0, 0, 0, 0, 93, 0, 0, 5, 6, 104
"c:\Users\nukec\Documents\GitHub\voxelstation13\build_ninja\_deps\glm-src\doc\api\a00293_source.html", "HTML", 0, 0, 0, 0, 0, 0, 0, 0, 0, 0, 0, 0, 0, 94, 0, 0, 5, 3, 102
"c:\Users\nukec\Documents\GitHub\voxelstation13\build_ninja\_deps\glm-src\doc\api\a00296.html", "HTML", 0, 0, 0, 0, 0, 0, 0, 0, 0, 0, 0, 0, 0, 111, 0, 0, 5, 6, 122
"c:\Users\nukec\Documents\GitHub\voxelstation13\build_ninja\_deps\glm-src\doc\api\a00296_source.html", "HTML", 0, 0, 0, 0, 0, 0, 0, 0, 0, 0, 0, 0, 0, 114, 0, 0, 5, 3, 122
"c:\Users\nukec\Documents\GitHub\voxelstation13\build_ninja\_deps\glm-src\doc\api\a00299.html", "HTML", 0, 0, 0, 0, 0, 0, 0, 0, 0, 0, 0, 0, 0, 90, 0, 0, 5, 6, 101
"c:\Users\nukec\Documents\GitHub\voxelstation13\build_ninja\_deps\glm-src\doc\api\a00299_source.html", "HTML", 0, 0, 0, 0, 0, 0, 0, 0, 0, 0, 0, 0, 0, 91, 0, 0, 5, 3, 99
"c:\Users\nukec\Documents\GitHub\voxelstation13\build_ninja\_deps\glm-src\doc\api\a00302_source.html", "HTML", 0, 0, 0, 0, 0, 0, 0, 0, 0, 0, 0, 0, 0, 101, 0, 0, 5, 3, 109
"c:\Users\nukec\Documents\GitHub\voxelstation13\build_ninja\_deps\glm-src\doc\api\a00305.html", "HTML", 0, 0, 0, 0, 0, 0, 0, 0, 0, 0, 0, 0, 0, 90, 0, 0, 5, 6, 101
"c:\Users\nukec\Documents\GitHub\voxelstation13\build_ninja\_deps\glm-src\doc\api\a00305_source.html", "HTML", 0, 0, 0, 0, 0, 0, 0, 0, 0, 0, 0, 0, 0, 91, 0, 0, 5, 3, 99
"c:\Users\nukec\Documents\GitHub\voxelstation13\build_ninja\_deps\glm-src\doc\api\a00308.html", "HTML", 0, 0, 0, 0, 0, 0, 0, 0, 0, 0, 0, 0, 0, 99, 0, 0, 5, 6, 110
"c:\Users\nukec\Documents\GitHub\voxelstation13\build_ninja\_deps\glm-src\doc\api\a00308_source.html", "HTML", 0, 0, 0, 0, 0, 0, 0, 0, 0, 0, 0, 0, 0, 101, 0, 0, 5, 3, 109
"c:\Users\nukec\Documents\GitHub\voxelstation13\build_ninja\_deps\glm-src\doc\api\a00311.html", "HTML", 0, 0, 0, 0, 0, 0, 0, 0, 0, 0, 0, 0, 0, 90, 0, 0, 5, 6, 101
"c:\Users\nukec\Documents\GitHub\voxelstation13\build_ninja\_deps\glm-src\doc\api\a00311_source.html", "HTML", 0, 0, 0, 0, 0, 0, 0, 0, 0, 0, 0, 0, 0, 91, 0, 0, 5, 3, 99
"c:\Users\nukec\Documents\GitHub\voxelstation13\build_ninja\_deps\glm-src\doc\api\a00314.html", "HTML", 0, 0, 0, 0, 0, 0, 0, 0, 0, 0, 0, 0, 0, 99, 0, 0, 5, 6, 110
"c:\Users\nukec\Documents\GitHub\voxelstation13\build_ninja\_deps\glm-src\doc\api\a00314_source.html", "HTML", 0, 0, 0, 0, 0, 0, 0, 0, 0, 0, 0, 0, 0, 101, 0, 0, 5, 3, 109
"c:\Users\nukec\Documents\GitHub\voxelstation13\build_ninja\_deps\glm-src\doc\api\a00317.html", "HTML", 0, 0, 0, 0, 0, 0, 0, 0, 0, 0, 0, 0, 0, 93, 0, 0, 5, 6, 104
"c:\Users\nukec\Documents\GitHub\voxelstation13\build_ninja\_deps\glm-src\doc\api\a00317_source.html", "HTML", 0, 0, 0, 0, 0, 0, 0, 0, 0, 0, 0, 0, 0, 94, 0, 0, 5, 3, 102
"c:\Users\nukec\Documents\GitHub\voxelstation13\build_ninja\_deps\glm-src\doc\api\a00320.html", "HTML", 0, 0, 0, 0, 0, 0, 0, 0, 0, 0, 0, 0, 0, 111, 0, 0, 5, 6, 122
"c:\Users\nukec\Documents\GitHub\voxelstation13\build_ninja\_deps\glm-src\doc\api\a00320_source.html", "HTML", 0, 0, 0, 0, 0, 0, 0, 0, 0, 0, 0, 0, 0, 114, 0, 0, 5, 3, 122
"c:\Users\nukec\Documents\GitHub\voxelstation13\build_ninja\_deps\glm-src\doc\api\a00323.html", "HTML", 0, 0, 0, 0, 0, 0, 0, 0, 0, 0, 0, 0, 0, 118, 0, 0, 5, 6, 129
"c:\Users\nukec\Documents\GitHub\voxelstation13\build_ninja\_deps\glm-src\doc\api\a00323_source.html", "HTML", 0, 0, 0, 0, 0, 0, 0, 0, 0, 0, 0, 0, 0, 126, 0, 0, 5, 3, 134
"c:\Users\nukec\Documents\GitHub\voxelstation13\build_ninja\_deps\glm-src\doc\api\a00326.html", "HTML", 0, 0, 0, 0, 0, 0, 0, 0, 0, 0, 0, 0, 0, 90, 0, 0, 5, 6, 101
"c:\Users\nukec\Documents\GitHub\voxelstation13\build_ninja\_deps\glm-src\doc\api\a00326_source.html", "HTML", 0, 0, 0, 0, 0, 0, 0, 0, 0, 0, 0, 0, 0, 92, 0, 0, 5, 3, 100
"c:\Users\nukec\Documents\GitHub\voxelstation13\build_ninja\_deps\glm-src\doc\api\a00329.html", "HTML", 0, 0, 0, 0, 0, 0, 0, 0, 0, 0, 0, 0, 0, 95, 0, 0, 5, 6, 106
"c:\Users\nukec\Documents\GitHub\voxelstation13\build_ninja\_deps\glm-src\doc\api\a00329_source.html", "HTML", 0, 0, 0, 0, 0, 0, 0, 0, 0, 0, 0, 0, 0, 98, 0, 0, 5, 3, 106
"c:\Users\nukec\Documents\GitHub\voxelstation13\build_ninja\_deps\glm-src\doc\api\a00332.html", "HTML", 0, 0, 0, 0, 0, 0, 0, 0, 0, 0, 0, 0, 0, 102, 0, 0, 5, 6, 113
"c:\Users\nukec\Documents\GitHub\voxelstation13\build_ninja\_deps\glm-src\doc\api\a00332_source.html", "HTML", 0, 0, 0, 0, 0, 0, 0, 0, 0, 0, 0, 0, 0, 109, 0, 0, 5, 3, 117
"c:\Users\nukec\Documents\GitHub\voxelstation13\build_ninja\_deps\glm-src\doc\api\a00335.html", "HTML", 0, 0, 0, 0, 0, 0, 0, 0, 0, 0, 0, 0, 0, 90, 0, 0, 5, 6, 101
"c:\Users\nukec\Documents\GitHub\voxelstation13\build_ninja\_deps\glm-src\doc\api\a00335_source.html", "HTML", 0, 0, 0, 0, 0, 0, 0, 0, 0, 0, 0, 0, 0, 92, 0, 0, 5, 3, 100
"c:\Users\nukec\Documents\GitHub\voxelstation13\build_ninja\_deps\glm-src\doc\api\a00338.html", "HTML", 0, 0, 0, 0, 0, 0, 0, 0, 0, 0, 0, 0, 0, 98, 0, 0, 5, 6, 109
"c:\Users\nukec\Documents\GitHub\voxelstation13\build_ninja\_deps\glm-src\doc\api\a00338_source.html", "HTML", 0, 0, 0, 0, 0, 0, 0, 0, 0, 0, 0, 0, 0, 98, 0, 0, 5, 3, 106
"c:\Users\nukec\Documents\GitHub\voxelstation13\build_ninja\_deps\glm-src\doc\api\a00341.html", "HTML", 0, 0, 0, 0, 0, 0, 0, 0, 0, 0, 0, 0, 0, 102, 0, 0, 5, 6, 113
"c:\Users\nukec\Documents\GitHub\voxelstation13\build_ninja\_deps\glm-src\doc\api\a00341_source.html", "HTML", 0, 0, 0, 0, 0, 0, 0, 0, 0, 0, 0, 0, 0, 108, 0, 0, 5, 3, 116
"c:\Users\nukec\Documents\GitHub\voxelstation13\build_ninja\_deps\glm-src\doc\api\a00344.html", "HTML", 0, 0, 0, 0, 0, 0, 0, 0, 0, 0, 0, 0, 0, 102, 0, 0, 5, 6, 113
"c:\Users\nukec\Documents\GitHub\voxelstation13\build_ninja\_deps\glm-src\doc\api\a00344_source.html", "HTML", 0, 0, 0, 0, 0, 0, 0, 0, 0, 0, 0, 0, 0, 105, 0, 0, 5, 3, 113
"c:\Users\nukec\Documents\GitHub\voxelstation13\build_ninja\_deps\glm-src\doc\api\a00347.html", "HTML", 0, 0, 0, 0, 0, 0, 0, 0, 0, 0, 0, 0, 0, 90, 0, 0, 5, 6, 101
"c:\Users\nukec\Documents\GitHub\voxelstation13\build_ninja\_deps\glm-src\doc\api\a00347_source.html", "HTML", 0, 0, 0, 0, 0, 0, 0, 0, 0, 0, 0, 0, 0, 97, 0, 0, 5, 3, 105
"c:\Users\nukec\Documents\GitHub\voxelstation13\build_ninja\_deps\glm-src\doc\api\a00350.html", "HTML", 0, 0, 0, 0, 0, 0, 0, 0, 0, 0, 0, 0, 0, 98, 0, 0, 5, 6, 109
"c:\Users\nukec\Documents\GitHub\voxelstation13\build_ninja\_deps\glm-src\doc\api\a00350_source.html", "HTML", 0, 0, 0, 0, 0, 0, 0, 0, 0, 0, 0, 0, 0, 108, 0, 0, 5, 3, 116
"c:\Users\nukec\Documents\GitHub\voxelstation13\build_ninja\_deps\glm-src\doc\api\a00353.html", "HTML", 0, 0, 0, 0, 0, 0, 0, 0, 0, 0, 0, 0, 0, 154, 0, 0, 5, 6, 165
"c:\Users\nukec\Documents\GitHub\voxelstation13\build_ninja\_deps\glm-src\doc\api\a00353_source.html", "HTML", 0, 0, 0, 0, 0, 0, 0, 0, 0, 0, 0, 0, 0, 152, 0, 0, 5, 3, 160
"c:\Users\nukec\Documents\GitHub\voxelstation13\build_ninja\_deps\glm-src\doc\api\a00356.html", "HTML", 0, 0, 0, 0, 0, 0, 0, 0, 0, 0, 0, 0, 0, 101, 0, 0, 5, 6, 112
"c:\Users\nukec\Documents\GitHub\voxelstation13\build_ninja\_deps\glm-src\doc\api\a00356_source.html", "HTML", 0, 0, 0, 0, 0, 0, 0, 0, 0, 0, 0, 0, 0, 102, 0, 0, 5, 3, 110
"c:\Users\nukec\Documents\GitHub\voxelstation13\build_ninja\_deps\glm-src\doc\api\a00359.html", "HTML", 0, 0, 0, 0, 0, 0, 0, 0, 0, 0, 0, 0, 0, 102, 0, 0, 5, 6, 113
"c:\Users\nukec\Documents\GitHub\voxelstation13\build_ninja\_deps\glm-src\doc\api\a00359_source.html", "HTML", 0, 0, 0, 0, 0, 0, 0, 0, 0, 0, 0, 0, 0, 133, 0, 0, 5, 3, 141
"c:\Users\nukec\Documents\GitHub\voxelstation13\build_ninja\_deps\glm-src\doc\api\a00362.html", "HTML", 0, 0, 0, 0, 0, 0, 0, 0, 0, 0, 0, 0, 0, 115, 0, 0, 5, 6, 126
"c:\Users\nukec\Documents\GitHub\voxelstation13\build_ninja\_deps\glm-src\doc\api\a00362_source.html", "HTML", 0, 0, 0, 0, 0, 0, 0, 0, 0, 0, 0, 0, 0, 124, 0, 0, 5, 3, 132
"c:\Users\nukec\Documents\GitHub\voxelstation13\build_ninja\_deps\glm-src\doc\api\a00365.html", "HTML", 0, 0, 0, 0, 0, 0, 0, 0, 0, 0, 0, 0, 0, 81, 0, 0, 5, 6, 92
"c:\Users\nukec\Documents\GitHub\voxelstation13\build_ninja\_deps\glm-src\doc\api\a00365_source.html", "HTML", 0, 0, 0, 0, 0, 0, 0, 0, 0, 0, 0, 0, 0, 91, 0, 0, 5, 3, 99
"c:\Users\nukec\Documents\GitHub\voxelstation13\build_ninja\_deps\glm-src\doc\api\a00368.html", "HTML", 0, 0, 0, 0, 0, 0, 0, 0, 0, 0, 0, 0, 0, 135, 0, 0, 5, 6, 146
"c:\Users\nukec\Documents\GitHub\voxelstation13\build_ninja\_deps\glm-src\doc\api\a00368_source.html", "HTML", 0, 0, 0, 0, 0, 0, 0, 0, 0, 0, 0, 0, 0, 139, 0, 0, 5, 3, 147
"c:\Users\nukec\Documents\GitHub\voxelstation13\build_ninja\_deps\glm-src\doc\api\a00374.html", "HTML", 0, 0, 0, 0, 0, 0, 0, 0, 0, 0, 0, 0, 0, 102, 0, 0, 5, 6, 113
"c:\Users\nukec\Documents\GitHub\voxelstation13\build_ninja\_deps\glm-src\doc\api\a00374_source.html", "HTML", 0, 0, 0, 0, 0, 0, 0, 0, 0, 0, 0, 0, 0, 133, 0, 0, 5, 3, 141
"c:\Users\nukec\Documents\GitHub\voxelstation13\build_ninja\_deps\glm-src\doc\api\a00377.html", "HTML", 0, 0, 0, 0, 0, 0, 0, 0, 0, 0, 0, 0, 0, 108, 0, 0, 5, 6, 119
"c:\Users\nukec\Documents\GitHub\voxelstation13\build_ninja\_deps\glm-src\doc\api\a00377_source.html", "HTML", 0, 0, 0, 0, 0, 0, 0, 0, 0, 0, 0, 0, 0, 112, 0, 0, 5, 3, 120
"c:\Users\nukec\Documents\GitHub\voxelstation13\build_ninja\_deps\glm-src\doc\api\a00380.html", "HTML", 0, 0, 0, 0, 0, 0, 0, 0, 0, 0, 0, 0, 0, 90, 0, 0, 5, 6, 101
"c:\Users\nukec\Documents\GitHub\voxelstation13\build_ninja\_deps\glm-src\doc\api\a00380_source.html", "HTML", 0, 0, 0, 0, 0, 0, 0, 0, 0, 0, 0, 0, 0, 90, 0, 0, 5, 3, 98
"c:\Users\nukec\Documents\GitHub\voxelstation13\build_ninja\_deps\glm-src\doc\api\a00383.html", "HTML", 0, 0, 0, 0, 0, 0, 0, 0, 0, 0, 0, 0, 0, 98, 0, 0, 5, 6, 109
"c:\Users\nukec\Documents\GitHub\voxelstation13\build_ninja\_deps\glm-src\doc\api\a00383_source.html", "HTML", 0, 0, 0, 0, 0, 0, 0, 0, 0, 0, 0, 0, 0, 96, 0, 0, 5, 3, 104
"c:\Users\nukec\Documents\GitHub\voxelstation13\build_ninja\_deps\glm-src\doc\api\a00386.html", "HTML", 0, 0, 0, 0, 0, 0, 0, 0, 0, 0, 0, 0, 0, 89, 0, 0, 5, 6, 100
"c:\Users\nukec\Documents\GitHub\voxelstation13\build_ninja\_deps\glm-src\doc\api\a00386_source.html", "HTML", 0, 0, 0, 0, 0, 0, 0, 0, 0, 0, 0, 0, 0, 85, 0, 0, 5, 3, 93
"c:\Users\nukec\Documents\GitHub\voxelstation13\build_ninja\_deps\glm-src\doc\api\a00389.html", "HTML", 0, 0, 0, 0, 0, 0, 0, 0, 0, 0, 0, 0, 0, 95, 0, 0, 5, 6, 106
"c:\Users\nukec\Documents\GitHub\voxelstation13\build_ninja\_deps\glm-src\doc\api\a00389_source.html", "HTML", 0, 0, 0, 0, 0, 0, 0, 0, 0, 0, 0, 0, 0, 91, 0, 0, 5, 3, 99
"c:\Users\nukec\Documents\GitHub\voxelstation13\build_ninja\_deps\glm-src\doc\api\a00392.html", "HTML", 0, 0, 0, 0, 0, 0, 0, 0, 0, 0, 0, 0, 0, 89, 0, 0, 5, 6, 100
"c:\Users\nukec\Documents\GitHub\voxelstation13\build_ninja\_deps\glm-src\doc\api\a00392_source.html", "HTML", 0, 0, 0, 0, 0, 0, 0, 0, 0, 0, 0, 0, 0, 85, 0, 0, 5, 3, 93
"c:\Users\nukec\Documents\GitHub\voxelstation13\build_ninja\_deps\glm-src\doc\api\a00395.html", "HTML", 0, 0, 0, 0, 0, 0, 0, 0, 0, 0, 0, 0, 0, 95, 0, 0, 5, 6, 106
"c:\Users\nukec\Documents\GitHub\voxelstation13\build_ninja\_deps\glm-src\doc\api\a00395_source.html", "HTML", 0, 0, 0, 0, 0, 0, 0, 0, 0, 0, 0, 0, 0, 91, 0, 0, 5, 3, 99
"c:\Users\nukec\Documents\GitHub\voxelstation13\build_ninja\_deps\glm-src\doc\api\a00398.html", "HTML", 0, 0, 0, 0, 0, 0, 0, 0, 0, 0, 0, 0, 0, 89, 0, 0, 5, 6, 100
"c:\Users\nukec\Documents\GitHub\voxelstation13\build_ninja\_deps\glm-src\doc\api\a00398_source.html", "HTML", 0, 0, 0, 0, 0, 0, 0, 0, 0, 0, 0, 0, 0, 85, 0, 0, 5, 3, 93
"c:\Users\nukec\Documents\GitHub\voxelstation13\build_ninja\_deps\glm-src\doc\api\a00401.html", "HTML", 0, 0, 0, 0, 0, 0, 0, 0, 0, 0, 0, 0, 0, 95, 0, 0, 5, 6, 106
"c:\Users\nukec\Documents\GitHub\voxelstation13\build_ninja\_deps\glm-src\doc\api\a00401_source.html", "HTML", 0, 0, 0, 0, 0, 0, 0, 0, 0, 0, 0, 0, 0, 91, 0, 0, 5, 3, 99
"c:\Users\nukec\Documents\GitHub\voxelstation13\build_ninja\_deps\glm-src\doc\api\a00404.html", "HTML", 0, 0, 0, 0, 0, 0, 0, 0, 0, 0, 0, 0, 0, 166, 0, 0, 5, 6, 177
"c:\Users\nukec\Documents\GitHub\voxelstation13\build_ninja\_deps\glm-src\doc\api\a00404_source.html", "HTML", 0, 0, 0, 0, 0, 0, 0, 0, 0, 0, 0, 0, 0, 162, 0, 0, 5, 3, 170
"c:\Users\nukec\Documents\GitHub\voxelstation13\build_ninja\_deps\glm-src\doc\api\a00407.html", "HTML", 0, 0, 0, 0, 0, 0, 0, 0, 0, 0, 0, 0, 0, 90, 0, 0, 5, 6, 101
"c:\Users\nukec\Documents\GitHub\voxelstation13\build_ninja\_deps\glm-src\doc\api\a00407_source.html", "HTML", 0, 0, 0, 0, 0, 0, 0, 0, 0, 0, 0, 0, 0, 90, 0, 0, 5, 3, 98
"c:\Users\nukec\Documents\GitHub\voxelstation13\build_ninja\_deps\glm-src\doc\api\a00410.html", "HTML", 0, 0, 0, 0, 0, 0, 0, 0, 0, 0, 0, 0, 0, 98, 0, 0, 5, 6, 109
"c:\Users\nukec\Documents\GitHub\voxelstation13\build_ninja\_deps\glm-src\doc\api\a00410_source.html", "HTML", 0, 0, 0, 0, 0, 0, 0, 0, 0, 0, 0, 0, 0, 96, 0, 0, 5, 3, 104
"c:\Users\nukec\Documents\GitHub\voxelstation13\build_ninja\_deps\glm-src\doc\api\a00413.html", "HTML", 0, 0, 0, 0, 0, 0, 0, 0, 0, 0, 0, 0, 0, 89, 0, 0, 5, 6, 100
"c:\Users\nukec\Documents\GitHub\voxelstation13\build_ninja\_deps\glm-src\doc\api\a00413_source.html", "HTML", 0, 0, 0, 0, 0, 0, 0, 0, 0, 0, 0, 0, 0, 85, 0, 0, 5, 3, 93
"c:\Users\nukec\Documents\GitHub\voxelstation13\build_ninja\_deps\glm-src\doc\api\a00416.html", "HTML", 0, 0, 0, 0, 0, 0, 0, 0, 0, 0, 0, 0, 0, 95, 0, 0, 5, 6, 106
"c:\Users\nukec\Documents\GitHub\voxelstation13\build_ninja\_deps\glm-src\doc\api\a00416_source.html", "HTML", 0, 0, 0, 0, 0, 0, 0, 0, 0, 0, 0, 0, 0, 91, 0, 0, 5, 3, 99
"c:\Users\nukec\Documents\GitHub\voxelstation13\build_ninja\_deps\glm-src\doc\api\a00419.html", "HTML", 0, 0, 0, 0, 0, 0, 0, 0, 0, 0, 0, 0, 0, 89, 0, 0, 5, 6, 100
"c:\Users\nukec\Documents\GitHub\voxelstation13\build_ninja\_deps\glm-src\doc\api\a00419_source.html", "HTML", 0, 0, 0, 0, 0, 0, 0, 0, 0, 0, 0, 0, 0, 85, 0, 0, 5, 3, 93
"c:\Users\nukec\Documents\GitHub\voxelstation13\build_ninja\_deps\glm-src\doc\api\a00422.html", "HTML", 0, 0, 0, 0, 0, 0, 0, 0, 0, 0, 0, 0, 0, 95, 0, 0, 5, 6, 106
"c:\Users\nukec\Documents\GitHub\voxelstation13\build_ninja\_deps\glm-src\doc\api\a00422_source.html", "HTML", 0, 0, 0, 0, 0, 0, 0, 0, 0, 0, 0, 0, 0, 91, 0, 0, 5, 3, 99
"c:\Users\nukec\Documents\GitHub\voxelstation13\build_ninja\_deps\glm-src\doc\api\a00425.html", "HTML", 0, 0, 0, 0, 0, 0, 0, 0, 0, 0, 0, 0, 0, 89, 0, 0, 5, 6, 100
"c:\Users\nukec\Documents\GitHub\voxelstation13\build_ninja\_deps\glm-src\doc\api\a00425_source.html", "HTML", 0, 0, 0, 0, 0, 0, 0, 0, 0, 0, 0, 0, 0, 85, 0, 0, 5, 3, 93
"c:\Users\nukec\Documents\GitHub\voxelstation13\build_ninja\_deps\glm-src\doc\api\a00428.html", "HTML", 0, 0, 0, 0, 0, 0, 0, 0, 0, 0, 0, 0, 0, 95, 0, 0, 5, 6, 106
"c:\Users\nukec\Documents\GitHub\voxelstation13\build_ninja\_deps\glm-src\doc\api\a00428_source.html", "HTML", 0, 0, 0, 0, 0, 0, 0, 0, 0, 0, 0, 0, 0, 92, 0, 0, 5, 3, 100
"c:\Users\nukec\Documents\GitHub\voxelstation13\build_ninja\_deps\glm-src\doc\api\a00431.html", "HTML", 0, 0, 0, 0, 0, 0, 0, 0, 0, 0, 0, 0, 0, 90, 0, 0, 5, 6, 101
"c:\Users\nukec\Documents\GitHub\voxelstation13\build_ninja\_deps\glm-src\doc\api\a00431_source.html", "HTML", 0, 0, 0, 0, 0, 0, 0, 0, 0, 0, 0, 0, 0, 90, 0, 0, 5, 3, 98
"c:\Users\nukec\Documents\GitHub\voxelstation13\build_ninja\_deps\glm-src\doc\api\a00434.html", "HTML", 0, 0, 0, 0, 0, 0, 0, 0, 0, 0, 0, 0, 0, 98, 0, 0, 5, 6, 109
"c:\Users\nukec\Documents\GitHub\voxelstation13\build_ninja\_deps\glm-src\doc\api\a00434_source.html", "HTML", 0, 0, 0, 0, 0, 0, 0, 0, 0, 0, 0, 0, 0, 96, 0, 0, 5, 3, 104
"c:\Users\nukec\Documents\GitHub\voxelstation13\build_ninja\_deps\glm-src\doc\api\a00437.html", "HTML", 0, 0, 0, 0, 0, 0, 0, 0, 0, 0, 0, 0, 0, 89, 0, 0, 5, 6, 100
"c:\Users\nukec\Documents\GitHub\voxelstation13\build_ninja\_deps\glm-src\doc\api\a00437_source.html", "HTML", 0, 0, 0, 0, 0, 0, 0, 0, 0, 0, 0, 0, 0, 85, 0, 0, 5, 3, 93
"c:\Users\nukec\Documents\GitHub\voxelstation13\build_ninja\_deps\glm-src\doc\api\a00440.html", "HTML", 0, 0, 0, 0, 0, 0, 0, 0, 0, 0, 0, 0, 0, 95, 0, 0, 5, 6, 106
"c:\Users\nukec\Documents\GitHub\voxelstation13\build_ninja\_deps\glm-src\doc\api\a00440_source.html", "HTML", 0, 0, 0, 0, 0, 0, 0, 0, 0, 0, 0, 0, 0, 91, 0, 0, 5, 3, 99
"c:\Users\nukec\Documents\GitHub\voxelstation13\build_ninja\_deps\glm-src\doc\api\a00443.html", "HTML", 0, 0, 0, 0, 0, 0, 0, 0, 0, 0, 0, 0, 0, 89, 0, 0, 5, 6, 100
"c:\Users\nukec\Documents\GitHub\voxelstation13\build_ninja\_deps\glm-src\doc\api\a00443_source.html", "HTML", 0, 0, 0, 0, 0, 0, 0, 0, 0, 0, 0, 0, 0, 85, 0, 0, 5, 3, 93
"c:\Users\nukec\Documents\GitHub\voxelstation13\build_ninja\_deps\glm-src\doc\api\a00446.html", "HTML", 0, 0, 0, 0, 0, 0, 0, 0, 0, 0, 0, 0, 0, 95, 0, 0, 5, 6, 106
"c:\Users\nukec\Documents\GitHub\voxelstation13\build_ninja\_deps\glm-src\doc\api\a00446_source.html", "HTML", 0, 0, 0, 0, 0, 0, 0, 0, 0, 0, 0, 0, 0, 91, 0, 0, 5, 3, 99
"c:\Users\nukec\Documents\GitHub\voxelstation13\build_ninja\_deps\glm-src\doc\api\a00449.html", "HTML", 0, 0, 0, 0, 0, 0, 0, 0, 0, 0, 0, 0, 0, 89, 0, 0, 5, 6, 100
"c:\Users\nukec\Documents\GitHub\voxelstation13\build_ninja\_deps\glm-src\doc\api\a00449_source.html", "HTML", 0, 0, 0, 0, 0, 0, 0, 0, 0, 0, 0, 0, 0, 85, 0, 0, 5, 3, 93
"c:\Users\nukec\Documents\GitHub\voxelstation13\build_ninja\_deps\glm-src\doc\api\a00452.html", "HTML", 0, 0, 0, 0, 0, 0, 0, 0, 0, 0, 0, 0, 0, 95, 0, 0, 5, 6, 106
"c:\Users\nukec\Documents\GitHub\voxelstation13\build_ninja\_deps\glm-src\doc\api\a00452_source.html", "HTML", 0, 0, 0, 0, 0, 0, 0, 0, 0, 0, 0, 0, 0, 91, 0, 0, 5, 3, 99
"c:\Users\nukec\Documents\GitHub\voxelstation13\build_ninja\_deps\glm-src\doc\api\a00455.html", "HTML", 0, 0, 0, 0, 0, 0, 0, 0, 0, 0, 0, 0, 0, 90, 0, 0, 5, 6, 101
"c:\Users\nukec\Documents\GitHub\voxelstation13\build_ninja\_deps\glm-src\doc\api\a00455_source.html", "HTML", 0, 0, 0, 0, 0, 0, 0, 0, 0, 0, 0, 0, 0, 91, 0, 0, 5, 3, 99
"c:\Users\nukec\Documents\GitHub\voxelstation13\build_ninja\_deps\glm-src\doc\api\a00458.html", "HTML", 0, 0, 0, 0, 0, 0, 0, 0, 0, 0, 0, 0, 0, 98, 0, 0, 5, 6, 109
"c:\Users\nukec\Documents\GitHub\voxelstation13\build_ninja\_deps\glm-src\doc\api\a00458_source.html", "HTML", 0, 0, 0, 0, 0, 0, 0, 0, 0, 0, 0, 0, 0, 100, 0, 0, 5, 3, 108
"c:\Users\nukec\Documents\GitHub\voxelstation13\build_ninja\_deps\glm-src\doc\api\a00461.html", "HTML", 0, 0, 0, 0, 0, 0, 0, 0, 0, 0, 0, 0, 0, 89, 0, 0, 5, 6, 100
"c:\Users\nukec\Documents\GitHub\voxelstation13\build_ninja\_deps\glm-src\doc\api\a00461_source.html", "HTML", 0, 0, 0, 0, 0, 0, 0, 0, 0, 0, 0, 0, 0, 85, 0, 0, 5, 3, 93
"c:\Users\nukec\Documents\GitHub\voxelstation13\build_ninja\_deps\glm-src\doc\api\a00464.html", "HTML", 0, 0, 0, 0, 0, 0, 0, 0, 0, 0, 0, 0, 0, 98, 0, 0, 5, 6, 109
"c:\Users\nukec\Documents\GitHub\voxelstation13\build_ninja\_deps\glm-src\doc\api\a00464_source.html", "HTML", 0, 0, 0, 0, 0, 0, 0, 0, 0, 0, 0, 0, 0, 100, 0, 0, 5, 3, 108
"c:\Users\nukec\Documents\GitHub\voxelstation13\build_ninja\_deps\glm-src\doc\api\a00467.html", "HTML", 0, 0, 0, 0, 0, 0, 0, 0, 0, 0, 0, 0, 0, 89, 0, 0, 5, 6, 100
"c:\Users\nukec\Documents\GitHub\voxelstation13\build_ninja\_deps\glm-src\doc\api\a00467_source.html", "HTML", 0, 0, 0, 0, 0, 0, 0, 0, 0, 0, 0, 0, 0, 85, 0, 0, 5, 3, 93
"c:\Users\nukec\Documents\GitHub\voxelstation13\build_ninja\_deps\glm-src\doc\api\a00470.html", "HTML", 0, 0, 0, 0, 0, 0, 0, 0, 0, 0, 0, 0, 0, 98, 0, 0, 5, 6, 109
"c:\Users\nukec\Documents\GitHub\voxelstation13\build_ninja\_deps\glm-src\doc\api\a00470_source.html", "HTML", 0, 0, 0, 0, 0, 0, 0, 0, 0, 0, 0, 0, 0, 100, 0, 0, 5, 3, 108
"c:\Users\nukec\Documents\GitHub\voxelstation13\build_ninja\_deps\glm-src\doc\api\a00473.html", "HTML", 0, 0, 0, 0, 0, 0, 0, 0, 0, 0, 0, 0, 0, 89, 0, 0, 5, 6, 100
"c:\Users\nukec\Documents\GitHub\voxelstation13\build_ninja\_deps\glm-src\doc\api\a00473_source.html", "HTML", 0, 0, 0, 0, 0, 0, 0, 0, 0, 0, 0, 0, 0, 85, 0, 0, 5, 3, 93
"c:\Users\nukec\Documents\GitHub\voxelstation13\build_ninja\_deps\glm-src\doc\api\a00476.html", "HTML", 0, 0, 0, 0, 0, 0, 0, 0, 0, 0, 0, 0, 0, 98, 0, 0, 5, 6, 109
"c:\Users\nukec\Documents\GitHub\voxelstation13\build_ninja\_deps\glm-src\doc\api\a00476_source.html", "HTML", 0, 0, 0, 0, 0, 0, 0, 0, 0, 0, 0, 0, 0, 100, 0, 0, 5, 3, 108
"c:\Users\nukec\Documents\GitHub\voxelstation13\build_ninja\_deps\glm-src\doc\api\a00479.html", "HTML", 0, 0, 0, 0, 0, 0, 0, 0, 0, 0, 0, 0, 0, 129, 0, 0, 5, 6, 140
"c:\Users\nukec\Documents\GitHub\voxelstation13\build_ninja\_deps\glm-src\doc\api\a00479_source.html", "HTML", 0, 0, 0, 0, 0, 0, 0, 0, 0, 0, 0, 0, 0, 132, 0, 0, 5, 3, 140
"c:\Users\nukec\Documents\GitHub\voxelstation13\build_ninja\_deps\glm-src\doc\api\a00482.html", "HTML", 0, 0, 0, 0, 0, 0, 0, 0, 0, 0, 0, 0, 0, 81, 0, 0, 5, 6, 92
"c:\Users\nukec\Documents\GitHub\voxelstation13\build_ninja\_deps\glm-src\doc\api\a00482_source.html", "HTML", 0, 0, 0, 0, 0, 0, 0, 0, 0, 0, 0, 0, 0, 91, 0, 0, 5, 3, 99
"c:\Users\nukec\Documents\GitHub\voxelstation13\build_ninja\_deps\glm-src\doc\api\a00485.html", "HTML", 0, 0, 0, 0, 0, 0, 0, 0, 0, 0, 0, 0, 0, 135, 0, 0, 5, 6, 146
"c:\Users\nukec\Documents\GitHub\voxelstation13\build_ninja\_deps\glm-src\doc\api\a00485_source.html", "HTML", 0, 0, 0, 0, 0, 0, 0, 0, 0, 0, 0, 0, 0, 139, 0, 0, 5, 3, 147
"c:\Users\nukec\Documents\GitHub\voxelstation13\build_ninja\_deps\glm-src\doc\api\a00488.html", "HTML", 0, 0, 0, 0, 0, 0, 0, 0, 0, 0, 0, 0, 0, 123, 0, 0, 5, 6, 134
"c:\Users\nukec\Documents\GitHub\voxelstation13\build_ninja\_deps\glm-src\doc\api\a00488_source.html", "HTML", 0, 0, 0, 0, 0, 0, 0, 0, 0, 0, 0, 0, 0, 122, 0, 0, 5, 3, 130
"c:\Users\nukec\Documents\GitHub\voxelstation13\build_ninja\_deps\glm-src\doc\api\a00491.html", "HTML", 0, 0, 0, 0, 0, 0, 0, 0, 0, 0, 0, 0, 0, 90, 0, 0, 5, 6, 101
"c:\Users\nukec\Documents\GitHub\voxelstation13\build_ninja\_deps\glm-src\doc\api\a00491_source.html", "HTML", 0, 0, 0, 0, 0, 0, 0, 0, 0, 0, 0, 0, 0, 91, 0, 0, 5, 3, 99
"c:\Users\nukec\Documents\GitHub\voxelstation13\build_ninja\_deps\glm-src\doc\api\a00494.html", "HTML", 0, 0, 0, 0, 0, 0, 0, 0, 0, 0, 0, 0, 0, 98, 0, 0, 5, 6, 109
"c:\Users\nukec\Documents\GitHub\voxelstation13\build_ninja\_deps\glm-src\doc\api\a00494_source.html", "HTML", 0, 0, 0, 0, 0, 0, 0, 0, 0, 0, 0, 0, 0, 100, 0, 0, 5, 3, 108
"c:\Users\nukec\Documents\GitHub\voxelstation13\build_ninja\_deps\glm-src\doc\api\a00497.html", "HTML", 0, 0, 0, 0, 0, 0, 0, 0, 0, 0, 0, 0, 0, 89, 0, 0, 5, 6, 100
"c:\Users\nukec\Documents\GitHub\voxelstation13\build_ninja\_deps\glm-src\doc\api\a00497_source.html", "HTML", 0, 0, 0, 0, 0, 0, 0, 0, 0, 0, 0, 0, 0, 85, 0, 0, 5, 3, 93
"c:\Users\nukec\Documents\GitHub\voxelstation13\build_ninja\_deps\glm-src\doc\api\a00500.html", "HTML", 0, 0, 0, 0, 0, 0, 0, 0, 0, 0, 0, 0, 0, 98, 0, 0, 5, 6, 109
"c:\Users\nukec\Documents\GitHub\voxelstation13\build_ninja\_deps\glm-src\doc\api\a00500_source.html", "HTML", 0, 0, 0, 0, 0, 0, 0, 0, 0, 0, 0, 0, 0, 100, 0, 0, 5, 3, 108
"c:\Users\nukec\Documents\GitHub\voxelstation13\build_ninja\_deps\glm-src\doc\api\a00503.html", "HTML", 0, 0, 0, 0, 0, 0, 0, 0, 0, 0, 0, 0, 0, 89, 0, 0, 5, 6, 100
"c:\Users\nukec\Documents\GitHub\voxelstation13\build_ninja\_deps\glm-src\doc\api\a00503_source.html", "HTML", 0, 0, 0, 0, 0, 0, 0, 0, 0, 0, 0, 0, 0, 85, 0, 0, 5, 3, 93
"c:\Users\nukec\Documents\GitHub\voxelstation13\build_ninja\_deps\glm-src\doc\api\a00506.html", "HTML", 0, 0, 0, 0, 0, 0, 0, 0, 0, 0, 0, 0, 0, 98, 0, 0, 5, 6, 109
"c:\Users\nukec\Documents\GitHub\voxelstation13\build_ninja\_deps\glm-src\doc\api\a00506_source.html", "HTML", 0, 0, 0, 0, 0, 0, 0, 0, 0, 0, 0, 0, 0, 100, 0, 0, 5, 3, 108
"c:\Users\nukec\Documents\GitHub\voxelstation13\build_ninja\_deps\glm-src\doc\api\a00509.html", "HTML", 0, 0, 0, 0, 0, 0, 0, 0, 0, 0, 0, 0, 0, 89, 0, 0, 5, 6, 100
"c:\Users\nukec\Documents\GitHub\voxelstation13\build_ninja\_deps\glm-src\doc\api\a00509_source.html", "HTML", 0, 0, 0, 0, 0, 0, 0, 0, 0, 0, 0, 0, 0, 85, 0, 0, 5, 3, 93
"c:\Users\nukec\Documents\GitHub\voxelstation13\build_ninja\_deps\glm-src\doc\api\a00512.html", "HTML", 0, 0, 0, 0, 0, 0, 0, 0, 0, 0, 0, 0, 0, 98, 0, 0, 5, 6, 109
"c:\Users\nukec\Documents\GitHub\voxelstation13\build_ninja\_deps\glm-src\doc\api\a00512_source.html", "HTML", 0, 0, 0, 0, 0, 0, 0, 0, 0, 0, 0, 0, 0, 100, 0, 0, 5, 3, 108
"c:\Users\nukec\Documents\GitHub\voxelstation13\build_ninja\_deps\glm-src\doc\api\a00515.html", "HTML", 0, 0, 0, 0, 0, 0, 0, 0, 0, 0, 0, 0, 0, 118, 0, 0, 5, 6, 129
"c:\Users\nukec\Documents\GitHub\voxelstation13\build_ninja\_deps\glm-src\doc\api\a00515_source.html", "HTML", 0, 0, 0, 0, 0, 0, 0, 0, 0, 0, 0, 0, 0, 117, 0, 0, 5, 3, 125
"c:\Users\nukec\Documents\GitHub\voxelstation13\build_ninja\_deps\glm-src\doc\api\a00518.html", "HTML", 0, 0, 0, 0, 0, 0, 0, 0, 0, 0, 0, 0, 0, 78, 0, 0, 5, 5, 88
"c:\Users\nukec\Documents\GitHub\voxelstation13\build_ninja\_deps\glm-src\doc\api\a00518_source.html", "HTML", 0, 0, 0, 0, 0, 0, 0, 0, 0, 0, 0, 0, 0, 553, 0, 0, 5, 3, 561
"c:\Users\nukec\Documents\GitHub\voxelstation13\build_ninja\_deps\glm-src\doc\api\a00521_source.html", "HTML", 0, 0, 0, 0, 0, 0, 0, 0, 0, 0, 0, 0, 0, 2083, 0, 0, 5, 3, 2091
"c:\Users\nukec\Documents\GitHub\voxelstation13\build_ninja\_deps\glm-src\doc\api\a00524.html", "HTML", 0, 0, 0, 0, 0, 0, 0, 0, 0, 0, 0, 0, 0, 119, 0, 0, 5, 6, 130
"c:\Users\nukec\Documents\GitHub\voxelstation13\build_ninja\_deps\glm-src\doc\api\a00524_source.html", "HTML", 0, 0, 0, 0, 0, 0, 0, 0, 0, 0, 0, 0, 0, 126, 0, 0, 5, 3, 134
"c:\Users\nukec\Documents\GitHub\voxelstation13\build_ninja\_deps\glm-src\doc\api\a00527_source.html", "HTML", 0, 0, 0, 0, 0, 0, 0, 0, 0, 0, 0, 0, 0, 129, 0, 0, 5, 3, 137
"c:\Users\nukec\Documents\GitHub\voxelstation13\build_ninja\_deps\glm-src\doc\api\a00530.html", "HTML", 0, 0, 0, 0, 0, 0, 0, 0, 0, 0, 0, 0, 0, 195, 0, 0, 5, 6, 206
"c:\Users\nukec\Documents\GitHub\voxelstation13\build_ninja\_deps\glm-src\doc\api\a00530_source.html", "HTML", 0, 0, 0, 0, 0, 0, 0, 0, 0, 0, 0, 0, 0, 190, 0, 0, 5, 3, 198
"c:\Users\nukec\Documents\GitHub\voxelstation13\build_ninja\_deps\glm-src\doc\api\a00536.html", "HTML", 0, 0, 0, 0, 0, 0, 0, 0, 0, 0, 0, 0, 0, 199, 0, 0, 5, 6, 210
"c:\Users\nukec\Documents\GitHub\voxelstation13\build_ninja\_deps\glm-src\doc\api\a00536_source.html", "HTML", 0, 0, 0, 0, 0, 0, 0, 0, 0, 0, 0, 0, 0, 202, 0, 0, 5, 3, 210
"c:\Users\nukec\Documents\GitHub\voxelstation13\build_ninja\_deps\glm-src\doc\api\a00539.html", "HTML", 0, 0, 0, 0, 0, 0, 0, 0, 0, 0, 0, 0, 0, 105, 0, 0, 5, 6, 116
"c:\Users\nukec\Documents\GitHub\voxelstation13\build_ninja\_deps\glm-src\doc\api\a00539_source.html", "HTML", 0, 0, 0, 0, 0, 0, 0, 0, 0, 0, 0, 0, 0, 106, 0, 0, 5, 3, 114
"c:\Users\nukec\Documents\GitHub\voxelstation13\build_ninja\_deps\glm-src\doc\api\a00542.html", "HTML", 0, 0, 0, 0, 0, 0, 0, 0, 0, 0, 0, 0, 0, 139, 0, 0, 5, 6, 150
"c:\Users\nukec\Documents\GitHub\voxelstation13\build_ninja\_deps\glm-src\doc\api\a00542_source.html", "HTML", 0, 0, 0, 0, 0, 0, 0, 0, 0, 0, 0, 0, 0, 159, 0, 0, 5, 3, 167
"c:\Users\nukec\Documents\GitHub\voxelstation13\build_ninja\_deps\glm-src\doc\api\a00545.html", "HTML", 0, 0, 0, 0, 0, 0, 0, 0, 0, 0, 0, 0, 0, 103, 0, 0, 5, 6, 114
"c:\Users\nukec\Documents\GitHub\voxelstation13\build_ninja\_deps\glm-src\doc\api\a00545_source.html", "HTML", 0, 0, 0, 0, 0, 0, 0, 0, 0, 0, 0, 0, 0, 114, 0, 0, 5, 3, 122
"c:\Users\nukec\Documents\GitHub\voxelstation13\build_ninja\_deps\glm-src\doc\api\a00548.html", "HTML", 0, 0, 0, 0, 0, 0, 0, 0, 0, 0, 0, 0, 0, 95, 0, 0, 5, 6, 106
"c:\Users\nukec\Documents\GitHub\voxelstation13\build_ninja\_deps\glm-src\doc\api\a00548_source.html", "HTML", 0, 0, 0, 0, 0, 0, 0, 0, 0, 0, 0, 0, 0, 102, 0, 0, 5, 3, 110
"c:\Users\nukec\Documents\GitHub\voxelstation13\build_ninja\_deps\glm-src\doc\api\a00551.html", "HTML", 0, 0, 0, 0, 0, 0, 0, 0, 0, 0, 0, 0, 0, 99, 0, 0, 5, 6, 110
"c:\Users\nukec\Documents\GitHub\voxelstation13\build_ninja\_deps\glm-src\doc\api\a00551_source.html", "HTML", 0, 0, 0, 0, 0, 0, 0, 0, 0, 0, 0, 0, 0, 113, 0, 0, 5, 3, 121
"c:\Users\nukec\Documents\GitHub\voxelstation13\build_ninja\_deps\glm-src\doc\api\a00554.html", "HTML", 0, 0, 0, 0, 0, 0, 0, 0, 0, 0, 0, 0, 0, 125, 0, 0, 5, 6, 136
"c:\Users\nukec\Documents\GitHub\voxelstation13\build_ninja\_deps\glm-src\doc\api\a00554_source.html", "HTML", 0, 0, 0, 0, 0, 0, 0, 0, 0, 0, 0, 0, 0, 129, 0, 0, 5, 3, 137
"c:\Users\nukec\Documents\GitHub\voxelstation13\build_ninja\_deps\glm-src\doc\api\a00560.html", "HTML", 0, 0, 0, 0, 0, 0, 0, 0, 0, 0, 0, 0, 0, 117, 0, 0, 5, 6, 128
"c:\Users\nukec\Documents\GitHub\voxelstation13\build_ninja\_deps\glm-src\doc\api\a00560_source.html", "HTML", 0, 0, 0, 0, 0, 0, 0, 0, 0, 0, 0, 0, 0, 119, 0, 0, 5, 3, 127
"c:\Users\nukec\Documents\GitHub\voxelstation13\build_ninja\_deps\glm-src\doc\api\a00563.html", "HTML", 0, 0, 0, 0, 0, 0, 0, 0, 0, 0, 0, 0, 0, 81, 0, 0, 5, 6, 92
"c:\Users\nukec\Documents\GitHub\voxelstation13\build_ninja\_deps\glm-src\doc\api\a00563_source.html", "HTML", 0, 0, 0, 0, 0, 0, 0, 0, 0, 0, 0, 0, 0, 87, 0, 0, 5, 3, 95
"c:\Users\nukec\Documents\GitHub\voxelstation13\build_ninja\_deps\glm-src\doc\api\a00566.html", "HTML", 0, 0, 0, 0, 0, 0, 0, 0, 0, 0, 0, 0, 0, 137, 0, 0, 5, 6, 148
"c:\Users\nukec\Documents\GitHub\voxelstation13\build_ninja\_deps\glm-src\doc\api\a00566_source.html", "HTML", 0, 0, 0, 0, 0, 0, 0, 0, 0, 0, 0, 0, 0, 137, 0, 0, 5, 3, 145
"c:\Users\nukec\Documents\GitHub\voxelstation13\build_ninja\_deps\glm-src\doc\api\a00572.html", "HTML", 0, 0, 0, 0, 0, 0, 0, 0, 0, 0, 0, 0, 0, 83, 0, 0, 5, 6, 94
"c:\Users\nukec\Documents\GitHub\voxelstation13\build_ninja\_deps\glm-src\doc\api\a00572_source.html", "HTML", 0, 0, 0, 0, 0, 0, 0, 0, 0, 0, 0, 0, 0, 1618, 0, 0, 5, 3, 1626
"c:\Users\nukec\Documents\GitHub\voxelstation13\build_ninja\_deps\glm-src\doc\api\a00575.html", "HTML", 0, 0, 0, 0, 0, 0, 0, 0, 0, 0, 0, 0, 0, 221, 0, 0, 5, 6, 232
"c:\Users\nukec\Documents\GitHub\voxelstation13\build_ninja\_deps\glm-src\doc\api\a00575_source.html", "HTML", 0, 0, 0, 0, 0, 0, 0, 0, 0, 0, 0, 0, 0, 221, 0, 0, 5, 3, 229
"c:\Users\nukec\Documents\GitHub\voxelstation13\build_ninja\_deps\glm-src\doc\api\a00578.html", "HTML", 0, 0, 0, 0, 0, 0, 0, 0, 0, 0, 0, 0, 0, 141, 0, 0, 5, 6, 152
"c:\Users\nukec\Documents\GitHub\voxelstation13\build_ninja\_deps\glm-src\doc\api\a00578_source.html", "HTML", 0, 0, 0, 0, 0, 0, 0, 0, 0, 0, 0, 0, 0, 137, 0, 0, 5, 3, 145
"c:\Users\nukec\Documents\GitHub\voxelstation13\build_ninja\_deps\glm-src\doc\api\a00581.html", "HTML", 0, 0, 0, 0, 0, 0, 0, 0, 0, 0, 0, 0, 0, 81, 0, 0, 5, 6, 92
"c:\Users\nukec\Documents\GitHub\voxelstation13\build_ninja\_deps\glm-src\doc\api\a00581_source.html", "HTML", 0, 0, 0, 0, 0, 0, 0, 0, 0, 0, 0, 0, 0, 93, 0, 0, 5, 3, 101
"c:\Users\nukec\Documents\GitHub\voxelstation13\build_ninja\_deps\glm-src\doc\api\a00584.html", "HTML", 0, 0, 0, 0, 0, 0, 0, 0, 0, 0, 0, 0, 0, 177, 0, 0, 5, 6, 188
"c:\Users\nukec\Documents\GitHub\voxelstation13\build_ninja\_deps\glm-src\doc\api\a00584_source.html", "HTML", 0, 0, 0, 0, 0, 0, 0, 0, 0, 0, 0, 0, 0, 222, 0, 0, 5, 3, 230
"c:\Users\nukec\Documents\GitHub\voxelstation13\build_ninja\_deps\glm-src\doc\api\a00587.html", "HTML", 0, 0, 0, 0, 0, 0, 0, 0, 0, 0, 0, 0, 0, 121, 0, 0, 5, 6, 132
"c:\Users\nukec\Documents\GitHub\voxelstation13\build_ninja\_deps\glm-src\doc\api\a00587_source.html", "HTML", 0, 0, 0, 0, 0, 0, 0, 0, 0, 0, 0, 0, 0, 126, 0, 0, 5, 3, 134
"c:\Users\nukec\Documents\GitHub\voxelstation13\build_ninja\_deps\glm-src\doc\api\a00590.html", "HTML", 0, 0, 0, 0, 0, 0, 0, 0, 0, 0, 0, 0, 0, 96, 0, 0, 5, 6, 107
"c:\Users\nukec\Documents\GitHub\voxelstation13\build_ninja\_deps\glm-src\doc\api\a00590_source.html", "HTML", 0, 0, 0, 0, 0, 0, 0, 0, 0, 0, 0, 0, 0, 105, 0, 0, 5, 3, 113
"c:\Users\nukec\Documents\GitHub\voxelstation13\build_ninja\_deps\glm-src\doc\api\a00593.html", "HTML", 0, 0, 0, 0, 0, 0, 0, 0, 0, 0, 0, 0, 0, 109, 0, 0, 5, 6, 120
"c:\Users\nukec\Documents\GitHub\voxelstation13\build_ninja\_deps\glm-src\doc\api\a00593_source.html", "HTML", 0, 0, 0, 0, 0, 0, 0, 0, 0, 0, 0, 0, 0, 111, 0, 0, 5, 3, 119
"c:\Users\nukec\Documents\GitHub\voxelstation13\build_ninja\_deps\glm-src\doc\api\a00596.html", "HTML", 0, 0, 0, 0, 0, 0, 0, 0, 0, 0, 0, 0, 0, 103, 0, 0, 5, 6, 114
"c:\Users\nukec\Documents\GitHub\voxelstation13\build_ninja\_deps\glm-src\doc\api\a00596_source.html", "HTML", 0, 0, 0, 0, 0, 0, 0, 0, 0, 0, 0, 0, 0, 113, 0, 0, 5, 3, 121
"c:\Users\nukec\Documents\GitHub\voxelstation13\build_ninja\_deps\glm-src\doc\api\a00599.html", "HTML", 0, 0, 0, 0, 0, 0, 0, 0, 0, 0, 0, 0, 0, 415, 0, 0, 5, 6, 426
"c:\Users\nukec\Documents\GitHub\voxelstation13\build_ninja\_deps\glm-src\doc\api\a00599_source.html", "HTML", 0, 0, 0, 0, 0, 0, 0, 0, 0, 0, 0, 0, 0, 254, 0, 0, 5, 3, 262
"c:\Users\nukec\Documents\GitHub\voxelstation13\build_ninja\_deps\glm-src\doc\api\a00602.html", "HTML", 0, 0, 0, 0, 0, 0, 0, 0, 0, 0, 0, 0, 0, 113, 0, 0, 5, 6, 124
"c:\Users\nukec\Documents\GitHub\voxelstation13\build_ninja\_deps\glm-src\doc\api\a00602_source.html", "HTML", 0, 0, 0, 0, 0, 0, 0, 0, 0, 0, 0, 0, 0, 117, 0, 0, 5, 3, 125
"c:\Users\nukec\Documents\GitHub\voxelstation13\build_ninja\_deps\glm-src\doc\api\a00605.html", "HTML", 0, 0, 0, 0, 0, 0, 0, 0, 0, 0, 0, 0, 0, 164, 0, 0, 5, 6, 175
"c:\Users\nukec\Documents\GitHub\voxelstation13\build_ninja\_deps\glm-src\doc\api\a00605_source.html", "HTML", 0, 0, 0, 0, 0, 0, 0, 0, 0, 0, 0, 0, 0, 289, 0, 0, 5, 3, 297
"c:\Users\nukec\Documents\GitHub\voxelstation13\build_ninja\_deps\glm-src\doc\api\a00608.html", "HTML", 0, 0, 0, 0, 0, 0, 0, 0, 0, 0, 0, 0, 0, 216, 0, 0, 5, 6, 227
"c:\Users\nukec\Documents\GitHub\voxelstation13\build_ninja\_deps\glm-src\doc\api\a00608_source.html", "HTML", 0, 0, 0, 0, 0, 0, 0, 0, 0, 0, 0, 0, 0, 226, 0, 0, 5, 3, 234
"c:\Users\nukec\Documents\GitHub\voxelstation13\build_ninja\_deps\glm-src\doc\api\a00611.html", "HTML", 0, 0, 0, 0, 0, 0, 0, 0, 0, 0, 0, 0, 0, 251, 0, 0, 5, 6, 262
"c:\Users\nukec\Documents\GitHub\voxelstation13\build_ninja\_deps\glm-src\doc\api\a00611_source.html", "HTML", 0, 0, 0, 0, 0, 0, 0, 0, 0, 0, 0, 0, 0, 352, 0, 0, 5, 3, 360
"c:\Users\nukec\Documents\GitHub\voxelstation13\build_ninja\_deps\glm-src\doc\api\a00614.html", "HTML", 0, 0, 0, 0, 0, 0, 0, 0, 0, 0, 0, 0, 0, 91, 0, 0, 5, 6, 102
"c:\Users\nukec\Documents\GitHub\voxelstation13\build_ninja\_deps\glm-src\doc\api\a00614_source.html", "HTML", 0, 0, 0, 0, 0, 0, 0, 0, 0, 0, 0, 0, 0, 99, 0, 0, 5, 3, 107
"c:\Users\nukec\Documents\GitHub\voxelstation13\build_ninja\_deps\glm-src\doc\api\a00617.html", "HTML", 0, 0, 0, 0, 0, 0, 0, 0, 0, 0, 0, 0, 0, 135, 0, 0, 5, 6, 146
"c:\Users\nukec\Documents\GitHub\voxelstation13\build_ninja\_deps\glm-src\doc\api\a00617_source.html", "HTML", 0, 0, 0, 0, 0, 0, 0, 0, 0, 0, 0, 0, 0, 173, 0, 0, 5, 3, 181
"c:\Users\nukec\Documents\GitHub\voxelstation13\build_ninja\_deps\glm-src\doc\api\a00620.html", "HTML", 0, 0, 0, 0, 0, 0, 0, 0, 0, 0, 0, 0, 0, 93, 0, 0, 5, 6, 104
"c:\Users\nukec\Documents\GitHub\voxelstation13\build_ninja\_deps\glm-src\doc\api\a00620_source.html", "HTML", 0, 0, 0, 0, 0, 0, 0, 0, 0, 0, 0, 0, 0, 97, 0, 0, 5, 3, 105
"c:\Users\nukec\Documents\GitHub\voxelstation13\build_ninja\_deps\glm-src\doc\api\a00623.html", "HTML", 0, 0, 0, 0, 0, 0, 0, 0, 0, 0, 0, 0, 0, 137, 0, 0, 5, 6, 148
"c:\Users\nukec\Documents\GitHub\voxelstation13\build_ninja\_deps\glm-src\doc\api\a00623_source.html", "HTML", 0, 0, 0, 0, 0, 0, 0, 0, 0, 0, 0, 0, 0, 133, 0, 0, 5, 3, 141
"c:\Users\nukec\Documents\GitHub\voxelstation13\build_ninja\_deps\glm-src\doc\api\a00626.html", "HTML", 0, 0, 0, 0, 0, 0, 0, 0, 0, 0, 0, 0, 0, 127, 0, 0, 5, 6, 138
"c:\Users\nukec\Documents\GitHub\voxelstation13\build_ninja\_deps\glm-src\doc\api\a00626_source.html", "HTML", 0, 0, 0, 0, 0, 0, 0, 0, 0, 0, 0, 0, 0, 129, 0, 0, 5, 3, 137
"c:\Users\nukec\Documents\GitHub\voxelstation13\build_ninja\_deps\glm-src\doc\api\a00629.html", "HTML", 0, 0, 0, 0, 0, 0, 0, 0, 0, 0, 0, 0, 0, 120, 0, 0, 5, 6, 131
"c:\Users\nukec\Documents\GitHub\voxelstation13\build_ninja\_deps\glm-src\doc\api\a00629_source.html", "HTML", 0, 0, 0, 0, 0, 0, 0, 0, 0, 0, 0, 0, 0, 124, 0, 0, 5, 3, 132
"c:\Users\nukec\Documents\GitHub\voxelstation13\build_ninja\_deps\glm-src\doc\api\a00632.html", "HTML", 0, 0, 0, 0, 0, 0, 0, 0, 0, 0, 0, 0, 0, 97, 0, 0, 5, 6, 108
"c:\Users\nukec\Documents\GitHub\voxelstation13\build_ninja\_deps\glm-src\doc\api\a00632_source.html", "HTML", 0, 0, 0, 0, 0, 0, 0, 0, 0, 0, 0, 0, 0, 108, 0, 0, 5, 3, 116
"c:\Users\nukec\Documents\GitHub\voxelstation13\build_ninja\_deps\glm-src\doc\api\a00635.html", "HTML", 0, 0, 0, 0, 0, 0, 0, 0, 0, 0, 0, 0, 0, 97, 0, 0, 5, 6, 108
"c:\Users\nukec\Documents\GitHub\voxelstation13\build_ninja\_deps\glm-src\doc\api\a00635_source.html", "HTML", 0, 0, 0, 0, 0, 0, 0, 0, 0, 0, 0, 0, 0, 108, 0, 0, 5, 3, 116
"c:\Users\nukec\Documents\GitHub\voxelstation13\build_ninja\_deps\glm-src\doc\api\a00638.html", "HTML", 0, 0, 0, 0, 0, 0, 0, 0, 0, 0, 0, 0, 0, 95, 0, 0, 5, 6, 106
"c:\Users\nukec\Documents\GitHub\voxelstation13\build_ninja\_deps\glm-src\doc\api\a00638_source.html", "HTML", 0, 0, 0, 0, 0, 0, 0, 0, 0, 0, 0, 0, 0, 106, 0, 0, 5, 3, 114
"c:\Users\nukec\Documents\GitHub\voxelstation13\build_ninja\_deps\glm-src\doc\api\a00641.html", "HTML", 0, 0, 0, 0, 0, 0, 0, 0, 0, 0, 0, 0, 0, 81, 0, 0, 5, 6, 92
"c:\Users\nukec\Documents\GitHub\voxelstation13\build_ninja\_deps\glm-src\doc\api\a00641_source.html", "HTML", 0, 0, 0, 0, 0, 0, 0, 0, 0, 0, 0, 0, 0, 209, 0, 0, 5, 3, 217
"c:\Users\nukec\Documents\GitHub\voxelstation13\build_ninja\_deps\glm-src\doc\api\a00644.html", "HTML", 0, 0, 0, 0, 0, 0, 0, 0, 0, 0, 0, 0, 0, 113, 0, 0, 5, 6, 124
"c:\Users\nukec\Documents\GitHub\voxelstation13\build_ninja\_deps\glm-src\doc\api\a00644_source.html", "HTML", 0, 0, 0, 0, 0, 0, 0, 0, 0, 0, 0, 0, 0, 140, 0, 0, 5, 3, 148
"c:\Users\nukec\Documents\GitHub\voxelstation13\build_ninja\_deps\glm-src\doc\api\a00647.html", "HTML", 0, 0, 0, 0, 0, 0, 0, 0, 0, 0, 0, 0, 0, 86, 0, 0, 5, 6, 97
"c:\Users\nukec\Documents\GitHub\voxelstation13\build_ninja\_deps\glm-src\doc\api\a00647_source.html", "HTML", 0, 0, 0, 0, 0, 0, 0, 0, 0, 0, 0, 0, 0, 263, 0, 0, 5, 3, 271
"c:\Users\nukec\Documents\GitHub\voxelstation13\build_ninja\_deps\glm-src\doc\api\a00650.html", "HTML", 0, 0, 0, 0, 0, 0, 0, 0, 0, 0, 0, 0, 0, 95, 0, 0, 5, 6, 106
"c:\Users\nukec\Documents\GitHub\voxelstation13\build_ninja\_deps\glm-src\doc\api\a00650_source.html", "HTML", 0, 0, 0, 0, 0, 0, 0, 0, 0, 0, 0, 0, 0, 104, 0, 0, 5, 3, 112
"c:\Users\nukec\Documents\GitHub\voxelstation13\build_ninja\_deps\glm-src\doc\api\a00653.html", "HTML", 0, 0, 0, 0, 0, 0, 0, 0, 0, 0, 0, 0, 0, 97, 0, 0, 5, 6, 108
"c:\Users\nukec\Documents\GitHub\voxelstation13\build_ninja\_deps\glm-src\doc\api\a00653_source.html", "HTML", 0, 0, 0, 0, 0, 0, 0, 0, 0, 0, 0, 0, 0, 102, 0, 0, 5, 3, 110
"c:\Users\nukec\Documents\GitHub\voxelstation13\build_ninja\_deps\glm-src\doc\api\a00656.html", "HTML", 0, 0, 0, 0, 0, 0, 0, 0, 0, 0, 0, 0, 0, 91, 0, 0, 5, 6, 102
"c:\Users\nukec\Documents\GitHub\voxelstation13\build_ninja\_deps\glm-src\doc\api\a00656_source.html", "HTML", 0, 0, 0, 0, 0, 0, 0, 0, 0, 0, 0, 0, 0, 112, 0, 0, 5, 3, 120
"c:\Users\nukec\Documents\GitHub\voxelstation13\build_ninja\_deps\glm-src\doc\api\a00659.html", "HTML", 0, 0, 0, 0, 0, 0, 0, 0, 0, 0, 0, 0, 0, 103, 0, 0, 5, 6, 114
"c:\Users\nukec\Documents\GitHub\voxelstation13\build_ninja\_deps\glm-src\doc\api\a00659_source.html", "HTML", 0, 0, 0, 0, 0, 0, 0, 0, 0, 0, 0, 0, 0, 114, 0, 0, 5, 3, 122
"c:\Users\nukec\Documents\GitHub\voxelstation13\build_ninja\_deps\glm-src\doc\api\a00662.html", "HTML", 0, 0, 0, 0, 0, 0, 0, 0, 0, 0, 0, 0, 0, 104, 0, 0, 5, 6, 115
"c:\Users\nukec\Documents\GitHub\voxelstation13\build_ninja\_deps\glm-src\doc\api\a00662_source.html", "HTML", 0, 0, 0, 0, 0, 0, 0, 0, 0, 0, 0, 0, 0, 112, 0, 0, 5, 3, 120
"c:\Users\nukec\Documents\GitHub\voxelstation13\build_ninja\_deps\glm-src\doc\api\a00665.html", "HTML", 0, 0, 0, 0, 0, 0, 0, 0, 0, 0, 0, 0, 0, 137, 0, 0, 5, 6, 148
"c:\Users\nukec\Documents\GitHub\voxelstation13\build_ninja\_deps\glm-src\doc\api\a00665_source.html", "HTML", 0, 0, 0, 0, 0, 0, 0, 0, 0, 0, 0, 0, 0, 158, 0, 0, 5, 3, 166
"c:\Users\nukec\Documents\GitHub\voxelstation13\build_ninja\_deps\glm-src\doc\api\a00668.html", "HTML", 0, 0, 0, 0, 0, 0, 0, 0, 0, 0, 0, 0, 0, 135, 0, 0, 5, 6, 146
"c:\Users\nukec\Documents\GitHub\voxelstation13\build_ninja\_deps\glm-src\doc\api\a00668_source.html", "HTML", 0, 0, 0, 0, 0, 0, 0, 0, 0, 0, 0, 0, 0, 147, 0, 0, 5, 3, 155
"c:\Users\nukec\Documents\GitHub\voxelstation13\build_ninja\_deps\glm-src\doc\api\a00671.html", "HTML", 0, 0, 0, 0, 0, 0, 0, 0, 0, 0, 0, 0, 0, 121, 0, 0, 5, 6, 132
"c:\Users\nukec\Documents\GitHub\voxelstation13\build_ninja\_deps\glm-src\doc\api\a00671_source.html", "HTML", 0, 0, 0, 0, 0, 0, 0, 0, 0, 0, 0, 0, 0, 123, 0, 0, 5, 3, 131
"c:\Users\nukec\Documents\GitHub\voxelstation13\build_ninja\_deps\glm-src\doc\api\a00674.html", "HTML", 0, 0, 0, 0, 0, 0, 0, 0, 0, 0, 0, 0, 0, 108, 0, 0, 5, 6, 119
"c:\Users\nukec\Documents\GitHub\voxelstation13\build_ninja\_deps\glm-src\doc\api\a00674_source.html", "HTML", 0, 0, 0, 0, 0, 0, 0, 0, 0, 0, 0, 0, 0, 124, 0, 0, 5, 3, 132
"c:\Users\nukec\Documents\GitHub\voxelstation13\build_ninja\_deps\glm-src\doc\api\a00677.html", "HTML", 0, 0, 0, 0, 0, 0, 0, 0, 0, 0, 0, 0, 0, 92, 0, 0, 5, 6, 103
"c:\Users\nukec\Documents\GitHub\voxelstation13\build_ninja\_deps\glm-src\doc\api\a00677_source.html", "HTML", 0, 0, 0, 0, 0, 0, 0, 0, 0, 0, 0, 0, 0, 99, 0, 0, 5, 3, 107
"c:\Users\nukec\Documents\GitHub\voxelstation13\build_ninja\_deps\glm-src\doc\api\a00680.html", "HTML", 0, 0, 0, 0, 0, 0, 0, 0, 0, 0, 0, 0, 0, 131, 0, 0, 5, 6, 142
"c:\Users\nukec\Documents\GitHub\voxelstation13\build_ninja\_deps\glm-src\doc\api\a00680_source.html", "HTML", 0, 0, 0, 0, 0, 0, 0, 0, 0, 0, 0, 0, 0, 130, 0, 0, 5, 3, 138
"c:\Users\nukec\Documents\GitHub\voxelstation13\build_ninja\_deps\glm-src\doc\api\a00683.html", "HTML", 0, 0, 0, 0, 0, 0, 0, 0, 0, 0, 0, 0, 0, 93, 0, 0, 5, 6, 104
"c:\Users\nukec\Documents\GitHub\voxelstation13\build_ninja\_deps\glm-src\doc\api\a00683_source.html", "HTML", 0, 0, 0, 0, 0, 0, 0, 0, 0, 0, 0, 0, 0, 96, 0, 0, 5, 3, 104
"c:\Users\nukec\Documents\GitHub\voxelstation13\build_ninja\_deps\glm-src\doc\api\a00686.html", "HTML", 0, 0, 0, 0, 0, 0, 0, 0, 0, 0, 0, 0, 0, 97, 0, 0, 5, 6, 108
"c:\Users\nukec\Documents\GitHub\voxelstation13\build_ninja\_deps\glm-src\doc\api\a00686_source.html", "HTML", 0, 0, 0, 0, 0, 0, 0, 0, 0, 0, 0, 0, 0, 100, 0, 0, 5, 3, 108
"c:\Users\nukec\Documents\GitHub\voxelstation13\build_ninja\_deps\glm-src\doc\api\a00689.html", "HTML", 0, 0, 0, 0, 0, 0, 0, 0, 0, 0, 0, 0, 0, 107, 0, 0, 5, 6, 118
"c:\Users\nukec\Documents\GitHub\voxelstation13\build_ninja\_deps\glm-src\doc\api\a00689_source.html", "HTML", 0, 0, 0, 0, 0, 0, 0, 0, 0, 0, 0, 0, 0, 107, 0, 0, 5, 3, 115
"c:\Users\nukec\Documents\GitHub\voxelstation13\build_ninja\_deps\glm-src\doc\api\a00692.html", "HTML", 0, 0, 0, 0, 0, 0, 0, 0, 0, 0, 0, 0, 0, 99, 0, 0, 5, 6, 110
"c:\Users\nukec\Documents\GitHub\voxelstation13\build_ninja\_deps\glm-src\doc\api\a00692_source.html", "HTML", 0, 0, 0, 0, 0, 0, 0, 0, 0, 0, 0, 0, 0, 104, 0, 0, 5, 3, 112
"c:\Users\nukec\Documents\GitHub\voxelstation13\build_ninja\_deps\glm-src\doc\api\a00695.html", "HTML", 0, 0, 0, 0, 0, 0, 0, 0, 0, 0, 0, 0, 0, 97, 0, 0, 5, 6, 108
"c:\Users\nukec\Documents\GitHub\voxelstation13\build_ninja\_deps\glm-src\doc\api\a00695_source.html", "HTML", 0, 0, 0, 0, 0, 0, 0, 0, 0, 0, 0, 0, 0, 101, 0, 0, 5, 3, 109
"c:\Users\nukec\Documents\GitHub\voxelstation13\build_ninja\_deps\glm-src\doc\api\a00698.html", "HTML", 0, 0, 0, 0, 0, 0, 0, 0, 0, 0, 0, 0, 0, 123, 0, 0, 5, 6, 134
"c:\Users\nukec\Documents\GitHub\voxelstation13\build_ninja\_deps\glm-src\doc\api\a00698_source.html", "HTML", 0, 0, 0, 0, 0, 0, 0, 0, 0, 0, 0, 0, 0, 125, 0, 0, 5, 3, 133
"c:\Users\nukec\Documents\GitHub\voxelstation13\build_ninja\_deps\glm-src\doc\api\a00701.html", "HTML", 0, 0, 0, 0, 0, 0, 0, 0, 0, 0, 0, 0, 0, 93, 0, 0, 5, 6, 104
"c:\Users\nukec\Documents\GitHub\voxelstation13\build_ninja\_deps\glm-src\doc\api\a00701_source.html", "HTML", 0, 0, 0, 0, 0, 0, 0, 0, 0, 0, 0, 0, 0, 97, 0, 0, 5, 3, 105
"c:\Users\nukec\Documents\GitHub\voxelstation13\build_ninja\_deps\glm-src\doc\api\a00704.html", "HTML", 0, 0, 0, 0, 0, 0, 0, 0, 0, 0, 0, 0, 0, 95, 0, 0, 5, 6, 106
"c:\Users\nukec\Documents\GitHub\voxelstation13\build_ninja\_deps\glm-src\doc\api\a00704_source.html", "HTML", 0, 0, 0, 0, 0, 0, 0, 0, 0, 0, 0, 0, 0, 102, 0, 0, 5, 3, 110
"c:\Users\nukec\Documents\GitHub\voxelstation13\build_ninja\_deps\glm-src\doc\api\a00707.html", "HTML", 0, 0, 0, 0, 0, 0, 0, 0, 0, 0, 0, 0, 0, 91, 0, 0, 5, 6, 102
"c:\Users\nukec\Documents\GitHub\voxelstation13\build_ninja\_deps\glm-src\doc\api\a00707_source.html", "HTML", 0, 0, 0, 0, 0, 0, 0, 0, 0, 0, 0, 0, 0, 96, 0, 0, 5, 3, 104
"c:\Users\nukec\Documents\GitHub\voxelstation13\build_ninja\_deps\glm-src\doc\api\a00710.html", "HTML", 0, 0, 0, 0, 0, 0, 0, 0, 0, 0, 0, 0, 0, 81, 0, 0, 5, 6, 92
"c:\Users\nukec\Documents\GitHub\voxelstation13\build_ninja\_deps\glm-src\doc\api\a00710_source.html", "HTML", 0, 0, 0, 0, 0, 0, 0, 0, 0, 0, 0, 0, 0, 157, 0, 0, 5, 3, 165
"c:\Users\nukec\Documents\GitHub\voxelstation13\build_ninja\_deps\glm-src\doc\api\a00713.html", "HTML", 0, 0, 0, 0, 0, 0, 0, 0, 0, 0, 0, 0, 0, 99, 0, 0, 5, 6, 110
"c:\Users\nukec\Documents\GitHub\voxelstation13\build_ninja\_deps\glm-src\doc\api\a00713_source.html", "HTML", 0, 0, 0, 0, 0, 0, 0, 0, 0, 0, 0, 0, 0, 105, 0, 0, 5, 3, 113
"c:\Users\nukec\Documents\GitHub\voxelstation13\build_ninja\_deps\glm-src\doc\api\a00716.html", "HTML", 0, 0, 0, 0, 0, 0, 0, 0, 0, 0, 0, 0, 0, 99, 0, 0, 5, 6, 110
"c:\Users\nukec\Documents\GitHub\voxelstation13\build_ninja\_deps\glm-src\doc\api\a00716_source.html", "HTML", 0, 0, 0, 0, 0, 0, 0, 0, 0, 0, 0, 0, 0, 109, 0, 0, 5, 3, 117
"c:\Users\nukec\Documents\GitHub\voxelstation13\build_ninja\_deps\glm-src\doc\api\a00719.html", "HTML", 0, 0, 0, 0, 0, 0, 0, 0, 0, 0, 0, 0, 0, 133, 0, 0, 5, 6, 144
"c:\Users\nukec\Documents\GitHub\voxelstation13\build_ninja\_deps\glm-src\doc\api\a00719_source.html", "HTML", 0, 0, 0, 0, 0, 0, 0, 0, 0, 0, 0, 0, 0, 160, 0, 0, 5, 3, 168
"c:\Users\nukec\Documents\GitHub\voxelstation13\build_ninja\_deps\glm-src\doc\api\a00722.html", "HTML", 0, 0, 0, 0, 0, 0, 0, 0, 0, 0, 0, 0, 0, 81, 0, 0, 5, 6, 92
"c:\Users\nukec\Documents\GitHub\voxelstation13\build_ninja\_deps\glm-src\doc\api\a00722_source.html", "HTML", 0, 0, 0, 0, 0, 0, 0, 0, 0, 0, 0, 0, 0, 147, 0, 0, 5, 3, 155
"c:\Users\nukec\Documents\GitHub\voxelstation13\build_ninja\_deps\glm-src\doc\api\a00725.html", "HTML", 0, 0, 0, 0, 0, 0, 0, 0, 0, 0, 0, 0, 0, 99, 0, 0, 5, 6, 110
"c:\Users\nukec\Documents\GitHub\voxelstation13\build_ninja\_deps\glm-src\doc\api\a00725_source.html", "HTML", 0, 0, 0, 0, 0, 0, 0, 0, 0, 0, 0, 0, 0, 120, 0, 0, 5, 3, 128
"c:\Users\nukec\Documents\GitHub\voxelstation13\build_ninja\_deps\glm-src\doc\api\a00728.html", "HTML", 0, 0, 0, 0, 0, 0, 0, 0, 0, 0, 0, 0, 0, 113, 0, 0, 5, 6, 124
"c:\Users\nukec\Documents\GitHub\voxelstation13\build_ninja\_deps\glm-src\doc\api\a00728_source.html", "HTML", 0, 0, 0, 0, 0, 0, 0, 0, 0, 0, 0, 0, 0, 117, 0, 0, 5, 3, 125
"c:\Users\nukec\Documents\GitHub\voxelstation13\build_ninja\_deps\glm-src\doc\api\a00731.html", "HTML", 0, 0, 0, 0, 0, 0, 0, 0, 0, 0, 0, 0, 0, 95, 0, 0, 5, 6, 106
"c:\Users\nukec\Documents\GitHub\voxelstation13\build_ninja\_deps\glm-src\doc\api\a00731_source.html", "HTML", 0, 0, 0, 0, 0, 0, 0, 0, 0, 0, 0, 0, 0, 102, 0, 0, 5, 3, 110
"c:\Users\nukec\Documents\GitHub\voxelstation13\build_ninja\_deps\glm-src\doc\api\a00734.html", "HTML", 0, 0, 0, 0, 0, 0, 0, 0, 0, 0, 0, 0, 0, 91, 0, 0, 5, 6, 102
"c:\Users\nukec\Documents\GitHub\voxelstation13\build_ninja\_deps\glm-src\doc\api\a00734_source.html", "HTML", 0, 0, 0, 0, 0, 0, 0, 0, 0, 0, 0, 0, 0, 99, 0, 0, 5, 3, 107
"c:\Users\nukec\Documents\GitHub\voxelstation13\build_ninja\_deps\glm-src\doc\api\a00737.html", "HTML", 0, 0, 0, 0, 0, 0, 0, 0, 0, 0, 0, 0, 0, 105, 0, 0, 5, 6, 116
"c:\Users\nukec\Documents\GitHub\voxelstation13\build_ninja\_deps\glm-src\doc\api\a00737_source.html", "HTML", 0, 0, 0, 0, 0, 0, 0, 0, 0, 0, 0, 0, 0, 110, 0, 0, 5, 3, 118
"c:\Users\nukec\Documents\GitHub\voxelstation13\build_ninja\_deps\glm-src\doc\api\a00740.html", "HTML", 0, 0, 0, 0, 0, 0, 0, 0, 0, 0, 0, 0, 0, 126, 0, 0, 5, 6, 137
"c:\Users\nukec\Documents\GitHub\voxelstation13\build_ninja\_deps\glm-src\doc\api\a00740_source.html", "HTML", 0, 0, 0, 0, 0, 0, 0, 0, 0, 0, 0, 0, 0, 137, 0, 0, 5, 3, 145
"c:\Users\nukec\Documents\GitHub\voxelstation13\build_ninja\_deps\glm-src\doc\api\a00743.html", "HTML", 0, 0, 0, 0, 0, 0, 0, 0, 0, 0, 0, 0, 0, 81, 0, 0, 5, 6, 92
"c:\Users\nukec\Documents\GitHub\voxelstation13\build_ninja\_deps\glm-src\doc\api\a00743_source.html", "HTML", 0, 0, 0, 0, 0, 0, 0, 0, 0, 0, 0, 0, 0, 143, 0, 0, 5, 3, 151
"c:\Users\nukec\Documents\GitHub\voxelstation13\build_ninja\_deps\glm-src\doc\api\a00746.html", "HTML", 0, 0, 0, 0, 0, 0, 0, 0, 0, 0, 0, 0, 0, 81, 0, 0, 5, 6, 92
"c:\Users\nukec\Documents\GitHub\voxelstation13\build_ninja\_deps\glm-src\doc\api\a00746_source.html", "HTML", 0, 0, 0, 0, 0, 0, 0, 0, 0, 0, 0, 0, 0, 2844, 0, 0, 5, 3, 2852
"c:\Users\nukec\Documents\GitHub\voxelstation13\build_ninja\_deps\glm-src\doc\api\a00749.html", "HTML", 0, 0, 0, 0, 0, 0, 0, 0, 0, 0, 0, 0, 0, 103, 0, 0, 5, 6, 114
"c:\Users\nukec\Documents\GitHub\voxelstation13\build_ninja\_deps\glm-src\doc\api\a00749_source.html", "HTML", 0, 0, 0, 0, 0, 0, 0, 0, 0, 0, 0, 0, 0, 106, 0, 0, 5, 3, 114
"c:\Users\nukec\Documents\GitHub\voxelstation13\build_ninja\_deps\glm-src\doc\api\a00752.html", "HTML", 0, 0, 0, 0, 0, 0, 0, 0, 0, 0, 0, 0, 0, 111, 0, 0, 5, 6, 122
"c:\Users\nukec\Documents\GitHub\voxelstation13\build_ninja\_deps\glm-src\doc\api\a00752_source.html", "HTML", 0, 0, 0, 0, 0, 0, 0, 0, 0, 0, 0, 0, 0, 119, 0, 0, 5, 3, 127
"c:\Users\nukec\Documents\GitHub\voxelstation13\build_ninja\_deps\glm-src\doc\api\a00755.html", "HTML", 0, 0, 0, 0, 0, 0, 0, 0, 0, 0, 0, 0, 0, 81, 0, 0, 5, 6, 92
"c:\Users\nukec\Documents\GitHub\voxelstation13\build_ninja\_deps\glm-src\doc\api\a00755_source.html", "HTML", 0, 0, 0, 0, 0, 0, 0, 0, 0, 0, 0, 0, 0, 95, 0, 0, 5, 3, 103
"c:\Users\nukec\Documents\GitHub\voxelstation13\build_ninja\_deps\glm-src\doc\api\a00758.html", "HTML", 0, 0, 0, 0, 0, 0, 0, 0, 0, 0, 0, 0, 0, 80, 0, 0, 5, 6, 91
"c:\Users\nukec\Documents\GitHub\voxelstation13\build_ninja\_deps\glm-src\doc\api\a00758_source.html", "HTML", 0, 0, 0, 0, 0, 0, 0, 0, 0, 0, 0, 0, 0, 85, 0, 0, 5, 3, 93
"c:\Users\nukec\Documents\GitHub\voxelstation13\build_ninja\_deps\glm-src\doc\api\a00761.html", "HTML", 0, 0, 0, 0, 0, 0, 0, 0, 0, 0, 0, 0, 0, 80, 0, 0, 5, 6, 91
"c:\Users\nukec\Documents\GitHub\voxelstation13\build_ninja\_deps\glm-src\doc\api\a00761_source.html", "HTML", 0, 0, 0, 0, 0, 0, 0, 0, 0, 0, 0, 0, 0, 85, 0, 0, 5, 3, 93
"c:\Users\nukec\Documents\GitHub\voxelstation13\build_ninja\_deps\glm-src\doc\api\a00764.html", "HTML", 0, 0, 0, 0, 0, 0, 0, 0, 0, 0, 0, 0, 0, 80, 0, 0, 5, 6, 91
"c:\Users\nukec\Documents\GitHub\voxelstation13\build_ninja\_deps\glm-src\doc\api\a00764_source.html", "HTML", 0, 0, 0, 0, 0, 0, 0, 0, 0, 0, 0, 0, 0, 85, 0, 0, 5, 3, 93
"c:\Users\nukec\Documents\GitHub\voxelstation13\build_ninja\_deps\glm-src\doc\api\a00767.html", "HTML", 0, 0, 0, 0, 0, 0, 0, 0, 0, 0, 0, 0, 0, 80, 0, 0, 5, 6, 91
"c:\Users\nukec\Documents\GitHub\voxelstation13\build_ninja\_deps\glm-src\doc\api\a00767_source.html", "HTML", 0, 0, 0, 0, 0, 0, 0, 0, 0, 0, 0, 0, 0, 85, 0, 0, 5, 3, 93
"c:\Users\nukec\Documents\GitHub\voxelstation13\build_ninja\_deps\glm-src\doc\api\a00770.html", "HTML", 0, 0, 0, 0, 0, 0, 0, 0, 0, 0, 0, 0, 0, 80, 0, 0, 5, 6, 91
"c:\Users\nukec\Documents\GitHub\voxelstation13\build_ninja\_deps\glm-src\doc\api\a00770_source.html", "HTML", 0, 0, 0, 0, 0, 0, 0, 0, 0, 0, 0, 0, 0, 84, 0, 0, 5, 3, 92
"c:\Users\nukec\Documents\GitHub\voxelstation13\build_ninja\_deps\glm-src\doc\api\a00773.html", "HTML", 0, 0, 0, 0, 0, 0, 0, 0, 0, 0, 0, 0, 0, 80, 0, 0, 5, 6, 91
"c:\Users\nukec\Documents\GitHub\voxelstation13\build_ninja\_deps\glm-src\doc\api\a00773_source.html", "HTML", 0, 0, 0, 0, 0, 0, 0, 0, 0, 0, 0, 0, 0, 84, 0, 0, 5, 3, 92
"c:\Users\nukec\Documents\GitHub\voxelstation13\build_ninja\_deps\glm-src\doc\api\a00776.html", "HTML", 0, 0, 0, 0, 0, 0, 0, 0, 0, 0, 0, 0, 0, 80, 0, 0, 5, 6, 91
"c:\Users\nukec\Documents\GitHub\voxelstation13\build_ninja\_deps\glm-src\doc\api\a00776_source.html", "HTML", 0, 0, 0, 0, 0, 0, 0, 0, 0, 0, 0, 0, 0, 84, 0, 0, 5, 3, 92
"c:\Users\nukec\Documents\GitHub\voxelstation13\build_ninja\_deps\glm-src\doc\api\a00779.html", "HTML", 0, 0, 0, 0, 0, 0, 0, 0, 0, 0, 0, 0, 0, 80, 0, 0, 5, 6, 91
"c:\Users\nukec\Documents\GitHub\voxelstation13\build_ninja\_deps\glm-src\doc\api\a00779_source.html", "HTML", 0, 0, 0, 0, 0, 0, 0, 0, 0, 0, 0, 0, 0, 84, 0, 0, 5, 3, 92
"c:\Users\nukec\Documents\GitHub\voxelstation13\build_ninja\_deps\glm-src\doc\api\a00782.html", "HTML", 0, 0, 0, 0, 0, 0, 0, 0, 0, 0, 0, 0, 0, 80, 0, 0, 5, 6, 91
"c:\Users\nukec\Documents\GitHub\voxelstation13\build_ninja\_deps\glm-src\doc\api\a00782_source.html", "HTML", 0, 0, 0, 0, 0, 0, 0, 0, 0, 0, 0, 0, 0, 85, 0, 0, 5, 3, 93
"c:\Users\nukec\Documents\GitHub\voxelstation13\build_ninja\_deps\glm-src\doc\api\a00785.html", "HTML", 0, 0, 0, 0, 0, 0, 0, 0, 0, 0, 0, 0, 0, 107, 0, 0, 5, 6, 118
"c:\Users\nukec\Documents\GitHub\voxelstation13\build_ninja\_deps\glm-src\doc\api\a00785_source.html", "HTML", 0, 0, 0, 0, 0, 0, 0, 0, 0, 0, 0, 0, 0, 190, 0, 0, 5, 3, 198
"c:\Users\nukec\Documents\GitHub\voxelstation13\build_ninja\_deps\glm-src\doc\api\a00788.html", "HTML", 0, 0, 0, 0, 0, 0, 0, 0, 0, 0, 0, 0, 0, 147, 0, 0, 5, 6, 158
"c:\Users\nukec\Documents\GitHub\voxelstation13\build_ninja\_deps\glm-src\doc\api\a00788_source.html", "HTML", 0, 0, 0, 0, 0, 0, 0, 0, 0, 0, 0, 0, 0, 146, 0, 0, 5, 3, 154
"c:\Users\nukec\Documents\GitHub\voxelstation13\build_ninja\_deps\glm-src\doc\api\a00791.html", "HTML", 0, 0, 0, 0, 0, 0, 0, 0, 0, 0, 0, 0, 0, 80, 0, 0, 5, 6, 91
"c:\Users\nukec\Documents\GitHub\voxelstation13\build_ninja\_deps\glm-src\doc\api\a00791_source.html", "HTML", 0, 0, 0, 0, 0, 0, 0, 0, 0, 0, 0, 0, 0, 96, 0, 0, 5, 3, 104
"c:\Users\nukec\Documents\GitHub\voxelstation13\build_ninja\_deps\glm-src\doc\api\a00794.html", "HTML", 0, 0, 0, 0, 0, 0, 0, 0, 0, 0, 0, 0, 0, 80, 0, 0, 5, 6, 91
"c:\Users\nukec\Documents\GitHub\voxelstation13\build_ninja\_deps\glm-src\doc\api\a00794_source.html", "HTML", 0, 0, 0, 0, 0, 0, 0, 0, 0, 0, 0, 0, 0, 96, 0, 0, 5, 3, 104
"c:\Users\nukec\Documents\GitHub\voxelstation13\build_ninja\_deps\glm-src\doc\api\a00797.html", "HTML", 0, 0, 0, 0, 0, 0, 0, 0, 0, 0, 0, 0, 0, 80, 0, 0, 5, 6, 91
"c:\Users\nukec\Documents\GitHub\voxelstation13\build_ninja\_deps\glm-src\doc\api\a00797_source.html", "HTML", 0, 0, 0, 0, 0, 0, 0, 0, 0, 0, 0, 0, 0, 97, 0, 0, 5, 3, 105
"c:\Users\nukec\Documents\GitHub\voxelstation13\build_ninja\_deps\glm-src\doc\api\a00800_source.html", "HTML", 0, 0, 0, 0, 0, 0, 0, 0, 0, 0, 0, 0, 0, 2489, 0, 0, 5, 3, 2497
"c:\Users\nukec\Documents\GitHub\voxelstation13\build_ninja\_deps\glm-src\doc\api\a00803.html", "HTML", 0, 0, 0, 0, 0, 0, 0, 0, 0, 0, 0, 0, 0, 1536, 0, 0, 5, 121, 1662
"c:\Users\nukec\Documents\GitHub\voxelstation13\build_ninja\_deps\glm-src\doc\api\a00804.html", "HTML", 0, 0, 0, 0, 0, 0, 0, 0, 0, 0, 0, 0, 0, 345, 0, 0, 5, 24, 374
"c:\Users\nukec\Documents\GitHub\voxelstation13\build_ninja\_deps\glm-src\doc\api\a00805.html", "HTML", 0, 0, 0, 0, 0, 0, 0, 0, 0, 0, 0, 0, 0, 2652, 0, 0, 5, 129, 2786
"c:\Users\nukec\Documents\GitHub\voxelstation13\build_ninja\_deps\glm-src\doc\api\a00806.html", "HTML", 0, 0, 0, 0, 0, 0, 0, 0, 0, 0, 0, 0, 0, 74, 0, 0, 5, 3, 82
"c:\Users\nukec\Documents\GitHub\voxelstation13\build_ninja\_deps\glm-src\doc\api\a00807.html", "HTML", 0, 0, 0, 0, 0, 0, 0, 0, 0, 0, 0, 0, 0, 120, 0, 0, 5, 11, 136
"c:\Users\nukec\Documents\GitHub\voxelstation13\build_ninja\_deps\glm-src\doc\api\a00808.html", "HTML", 0, 0, 0, 0, 0, 0, 0, 0, 0, 0, 0, 0, 0, 224, 0, 0, 5, 35, 264
"c:\Users\nukec\Documents\GitHub\voxelstation13\build_ninja\_deps\glm-src\doc\api\a00809.html", "HTML", 0, 0, 0, 0, 0, 0, 0, 0, 0, 0, 0, 0, 0, 100, 0, 0, 5, 7, 112
"c:\Users\nukec\Documents\GitHub\voxelstation13\build_ninja\_deps\glm-src\doc\api\a00810.html", "HTML", 0, 0, 0, 0, 0, 0, 0, 0, 0, 0, 0, 0, 0, 152, 0, 0, 5, 19, 176
"c:\Users\nukec\Documents\GitHub\voxelstation13\build_ninja\_deps\glm-src\doc\api\a00811.html", "HTML", 0, 0, 0, 0, 0, 0, 0, 0, 0, 0, 0, 0, 0, 100, 0, 0, 5, 7, 112
"c:\Users\nukec\Documents\GitHub\voxelstation13\build_ninja\_deps\glm-src\doc\api\a00812.html", "HTML", 0, 0, 0, 0, 0, 0, 0, 0, 0, 0, 0, 0, 0, 152, 0, 0, 5, 19, 176
"c:\Users\nukec\Documents\GitHub\voxelstation13\build_ninja\_deps\glm-src\doc\api\a00813.html", "HTML", 0, 0, 0, 0, 0, 0, 0, 0, 0, 0, 0, 0, 0, 100, 0, 0, 5, 7, 112
"c:\Users\nukec\Documents\GitHub\voxelstation13\build_ninja\_deps\glm-src\doc\api\a00814.html", "HTML", 0, 0, 0, 0, 0, 0, 0, 0, 0, 0, 0, 0, 0, 152, 0, 0, 5, 19, 176
"c:\Users\nukec\Documents\GitHub\voxelstation13\build_ninja\_deps\glm-src\doc\api\a00815.html", "HTML", 0, 0, 0, 0, 0, 0, 0, 0, 0, 0, 0, 0, 0, 120, 0, 0, 5, 11, 136
"c:\Users\nukec\Documents\GitHub\voxelstation13\build_ninja\_deps\glm-src\doc\api\a00816.html", "HTML", 0, 0, 0, 0, 0, 0, 0, 0, 0, 0, 0, 0, 0, 224, 0, 0, 5, 35, 264
"c:\Users\nukec\Documents\GitHub\voxelstation13\build_ninja\_deps\glm-src\doc\api\a00817.html", "HTML", 0, 0, 0, 0, 0, 0, 0, 0, 0, 0, 0, 0, 0, 100, 0, 0, 5, 7, 112
"c:\Users\nukec\Documents\GitHub\voxelstation13\build_ninja\_deps\glm-src\doc\api\a00818.html", "HTML", 0, 0, 0, 0, 0, 0, 0, 0, 0, 0, 0, 0, 0, 152, 0, 0, 5, 19, 176
"c:\Users\nukec\Documents\GitHub\voxelstation13\build_ninja\_deps\glm-src\doc\api\a00819.html", "HTML", 0, 0, 0, 0, 0, 0, 0, 0, 0, 0, 0, 0, 0, 100, 0, 0, 5, 7, 112
"c:\Users\nukec\Documents\GitHub\voxelstation13\build_ninja\_deps\glm-src\doc\api\a00820.html", "HTML", 0, 0, 0, 0, 0, 0, 0, 0, 0, 0, 0, 0, 0, 152, 0, 0, 5, 19, 176
"c:\Users\nukec\Documents\GitHub\voxelstation13\build_ninja\_deps\glm-src\doc\api\a00821.html", "HTML", 0, 0, 0, 0, 0, 0, 0, 0, 0, 0, 0, 0, 0, 100, 0, 0, 5, 7, 112
"c:\Users\nukec\Documents\GitHub\voxelstation13\build_ninja\_deps\glm-src\doc\api\a00822.html", "HTML", 0, 0, 0, 0, 0, 0, 0, 0, 0, 0, 0, 0, 0, 152, 0, 0, 5, 19, 176
"c:\Users\nukec\Documents\GitHub\voxelstation13\build_ninja\_deps\glm-src\doc\api\a00823.html", "HTML", 0, 0, 0, 0, 0, 0, 0, 0, 0, 0, 0, 0, 0, 120, 0, 0, 5, 11, 136
"c:\Users\nukec\Documents\GitHub\voxelstation13\build_ninja\_deps\glm-src\doc\api\a00824.html", "HTML", 0, 0, 0, 0, 0, 0, 0, 0, 0, 0, 0, 0, 0, 224, 0, 0, 5, 35, 264
"c:\Users\nukec\Documents\GitHub\voxelstation13\build_ninja\_deps\glm-src\doc\api\a00825.html", "HTML", 0, 0, 0, 0, 0, 0, 0, 0, 0, 0, 0, 0, 0, 284, 0, 0, 5, 15, 304
"c:\Users\nukec\Documents\GitHub\voxelstation13\build_ninja\_deps\glm-src\doc\api\a00826.html", "HTML", 0, 0, 0, 0, 0, 0, 0, 0, 0, 0, 0, 0, 0, 509, 0, 0, 5, 24, 538
"c:\Users\nukec\Documents\GitHub\voxelstation13\build_ninja\_deps\glm-src\doc\api\a00827.html", "HTML", 0, 0, 0, 0, 0, 0, 0, 0, 0, 0, 0, 0, 0, 543, 0, 0, 5, 33, 581
"c:\Users\nukec\Documents\GitHub\voxelstation13\build_ninja\_deps\glm-src\doc\api\a00828.html", "HTML", 0, 0, 0, 0, 0, 0, 0, 0, 0, 0, 0, 0, 0, 497, 0, 0, 5, 24, 526
"c:\Users\nukec\Documents\GitHub\voxelstation13\build_ninja\_deps\glm-src\doc\api\a00829.html", "HTML", 0, 0, 0, 0, 0, 0, 0, 0, 0, 0, 0, 0, 0, 120, 0, 0, 5, 11, 136
"c:\Users\nukec\Documents\GitHub\voxelstation13\build_ninja\_deps\glm-src\doc\api\a00830.html", "HTML", 0, 0, 0, 0, 0, 0, 0, 0, 0, 0, 0, 0, 0, 224, 0, 0, 5, 35, 264
"c:\Users\nukec\Documents\GitHub\voxelstation13\build_ninja\_deps\glm-src\doc\api\a00831.html", "HTML", 0, 0, 0, 0, 0, 0, 0, 0, 0, 0, 0, 0, 0, 100, 0, 0, 5, 7, 112
"c:\Users\nukec\Documents\GitHub\voxelstation13\build_ninja\_deps\glm-src\doc\api\a00832.html", "HTML", 0, 0, 0, 0, 0, 0, 0, 0, 0, 0, 0, 0, 0, 152, 0, 0, 5, 19, 176
"c:\Users\nukec\Documents\GitHub\voxelstation13\build_ninja\_deps\glm-src\doc\api\a00833.html", "HTML", 0, 0, 0, 0, 0, 0, 0, 0, 0, 0, 0, 0, 0, 100, 0, 0, 5, 7, 112
"c:\Users\nukec\Documents\GitHub\voxelstation13\build_ninja\_deps\glm-src\doc\api\a00834.html", "HTML", 0, 0, 0, 0, 0, 0, 0, 0, 0, 0, 0, 0, 0, 152, 0, 0, 5, 19, 176
"c:\Users\nukec\Documents\GitHub\voxelstation13\build_ninja\_deps\glm-src\doc\api\a00835.html", "HTML", 0, 0, 0, 0, 0, 0, 0, 0, 0, 0, 0, 0, 0, 100, 0, 0, 5, 7, 112
"c:\Users\nukec\Documents\GitHub\voxelstation13\build_ninja\_deps\glm-src\doc\api\a00836.html", "HTML", 0, 0, 0, 0, 0, 0, 0, 0, 0, 0, 0, 0, 0, 152, 0, 0, 5, 19, 176
"c:\Users\nukec\Documents\GitHub\voxelstation13\build_ninja\_deps\glm-src\doc\api\a00837.html", "HTML", 0, 0, 0, 0, 0, 0, 0, 0, 0, 0, 0, 0, 0, 120, 0, 0, 5, 11, 136
"c:\Users\nukec\Documents\GitHub\voxelstation13\build_ninja\_deps\glm-src\doc\api\a00838.html", "HTML", 0, 0, 0, 0, 0, 0, 0, 0, 0, 0, 0, 0, 0, 224, 0, 0, 5, 35, 264
"c:\Users\nukec\Documents\GitHub\voxelstation13\build_ninja\_deps\glm-src\doc\api\a00839.html", "HTML", 0, 0, 0, 0, 0, 0, 0, 0, 0, 0, 0, 0, 0, 101, 0, 0, 5, 7, 113
"c:\Users\nukec\Documents\GitHub\voxelstation13\build_ninja\_deps\glm-src\doc\api\a00840.html", "HTML", 0, 0, 0, 0, 0, 0, 0, 0, 0, 0, 0, 0, 0, 152, 0, 0, 5, 19, 176
"c:\Users\nukec\Documents\GitHub\voxelstation13\build_ninja\_deps\glm-src\doc\api\a00841.html", "HTML", 0, 0, 0, 0, 0, 0, 0, 0, 0, 0, 0, 0, 0, 100, 0, 0, 5, 7, 112
"c:\Users\nukec\Documents\GitHub\voxelstation13\build_ninja\_deps\glm-src\doc\api\a00842.html", "HTML", 0, 0, 0, 0, 0, 0, 0, 0, 0, 0, 0, 0, 0, 152, 0, 0, 5, 19, 176
"c:\Users\nukec\Documents\GitHub\voxelstation13\build_ninja\_deps\glm-src\doc\api\a00843.html", "HTML", 0, 0, 0, 0, 0, 0, 0, 0, 0, 0, 0, 0, 0, 100, 0, 0, 5, 7, 112
"c:\Users\nukec\Documents\GitHub\voxelstation13\build_ninja\_deps\glm-src\doc\api\a00844.html", "HTML", 0, 0, 0, 0, 0, 0, 0, 0, 0, 0, 0, 0, 0, 152, 0, 0, 5, 19, 176
"c:\Users\nukec\Documents\GitHub\voxelstation13\build_ninja\_deps\glm-src\doc\api\a00845.html", "HTML", 0, 0, 0, 0, 0, 0, 0, 0, 0, 0, 0, 0, 0, 120, 0, 0, 5, 11, 136
"c:\Users\nukec\Documents\GitHub\voxelstation13\build_ninja\_deps\glm-src\doc\api\a00846.html", "HTML", 0, 0, 0, 0, 0, 0, 0, 0, 0, 0, 0, 0, 0, 224, 0, 0, 5, 35, 264
"c:\Users\nukec\Documents\GitHub\voxelstation13\build_ninja\_deps\glm-src\doc\api\a00847.html", "HTML", 0, 0, 0, 0, 0, 0, 0, 0, 0, 0, 0, 0, 0, 433, 0, 0, 5, 27, 465
"c:\Users\nukec\Documents\GitHub\voxelstation13\build_ninja\_deps\glm-src\doc\api\a00848.html", "HTML", 0, 0, 0, 0, 0, 0, 0, 0, 0, 0, 0, 0, 0, 98, 0, 0, 5, 3, 106
"c:\Users\nukec\Documents\GitHub\voxelstation13\build_ninja\_deps\glm-src\doc\api\a00849.html", "HTML", 0, 0, 0, 0, 0, 0, 0, 0, 0, 0, 0, 0, 0, 134, 0, 0, 5, 15, 154
"c:\Users\nukec\Documents\GitHub\voxelstation13\build_ninja\_deps\glm-src\doc\api\a00850.html", "HTML", 0, 0, 0, 0, 0, 0, 0, 0, 0, 0, 0, 0, 0, 77, 0, 0, 5, 3, 85
"c:\Users\nukec\Documents\GitHub\voxelstation13\build_ninja\_deps\glm-src\doc\api\a00851.html", "HTML", 0, 0, 0, 0, 0, 0, 0, 0, 0, 0, 0, 0, 0, 98, 0, 0, 5, 3, 106
"c:\Users\nukec\Documents\GitHub\voxelstation13\build_ninja\_deps\glm-src\doc\api\a00852.html", "HTML", 0, 0, 0, 0, 0, 0, 0, 0, 0, 0, 0, 0, 0, 91, 0, 0, 5, 3, 99
"c:\Users\nukec\Documents\GitHub\voxelstation13\build_ninja\_deps\glm-src\doc\api\a00853.html", "HTML", 0, 0, 0, 0, 0, 0, 0, 0, 0, 0, 0, 0, 0, 221, 0, 0, 5, 15, 241
"c:\Users\nukec\Documents\GitHub\voxelstation13\build_ninja\_deps\glm-src\doc\api\a00854.html", "HTML", 0, 0, 0, 0, 0, 0, 0, 0, 0, 0, 0, 0, 0, 253, 0, 0, 5, 15, 273
"c:\Users\nukec\Documents\GitHub\voxelstation13\build_ninja\_deps\glm-src\doc\api\a00855.html", "HTML", 0, 0, 0, 0, 0, 0, 0, 0, 0, 0, 0, 0, 0, 265, 0, 0, 5, 18, 288
"c:\Users\nukec\Documents\GitHub\voxelstation13\build_ninja\_deps\glm-src\doc\api\a00856.html", "HTML", 0, 0, 0, 0, 0, 0, 0, 0, 0, 0, 0, 0, 0, 198, 0, 0, 5, 12, 215
"c:\Users\nukec\Documents\GitHub\voxelstation13\build_ninja\_deps\glm-src\doc\api\a00857.html", "HTML", 0, 0, 0, 0, 0, 0, 0, 0, 0, 0, 0, 0, 0, 784, 0, 0, 5, 54, 843
"c:\Users\nukec\Documents\GitHub\voxelstation13\build_ninja\_deps\glm-src\doc\api\a00858.html", "HTML", 0, 0, 0, 0, 0, 0, 0, 0, 0, 0, 0, 0, 0, 94, 0, 0, 5, 3, 102
"c:\Users\nukec\Documents\GitHub\voxelstation13\build_ninja\_deps\glm-src\doc\api\a00859.html", "HTML", 0, 0, 0, 0, 0, 0, 0, 0, 0, 0, 0, 0, 0, 96, 0, 0, 5, 3, 104
"c:\Users\nukec\Documents\GitHub\voxelstation13\build_ninja\_deps\glm-src\doc\api\a00860.html", "HTML", 0, 0, 0, 0, 0, 0, 0, 0, 0, 0, 0, 0, 0, 306, 0, 0, 5, 24, 335
"c:\Users\nukec\Documents\GitHub\voxelstation13\build_ninja\_deps\glm-src\doc\api\a00861.html", "HTML", 0, 0, 0, 0, 0, 0, 0, 0, 0, 0, 0, 0, 0, 72, 0, 0, 5, 3, 80
"c:\Users\nukec\Documents\GitHub\voxelstation13\build_ninja\_deps\glm-src\doc\api\a00862.html", "HTML", 0, 0, 0, 0, 0, 0, 0, 0, 0, 0, 0, 0, 0, 518, 0, 0, 5, 39, 562
"c:\Users\nukec\Documents\GitHub\voxelstation13\build_ninja\_deps\glm-src\doc\api\a00863.html", "HTML", 0, 0, 0, 0, 0, 0, 0, 0, 0, 0, 0, 0, 0, 277, 0, 0, 5, 15, 297
"c:\Users\nukec\Documents\GitHub\voxelstation13\build_ninja\_deps\glm-src\doc\api\a00864.html", "HTML", 0, 0, 0, 0, 0, 0, 0, 0, 0, 0, 0, 0, 0, 96, 0, 0, 5, 3, 104
"c:\Users\nukec\Documents\GitHub\voxelstation13\build_ninja\_deps\glm-src\doc\api\a00865.html", "HTML", 0, 0, 0, 0, 0, 0, 0, 0, 0, 0, 0, 0, 0, 277, 0, 0, 5, 21, 303
"c:\Users\nukec\Documents\GitHub\voxelstation13\build_ninja\_deps\glm-src\doc\api\a00866.html", "HTML", 0, 0, 0, 0, 0, 0, 0, 0, 0, 0, 0, 0, 0, 84, 0, 0, 5, 3, 92
"c:\Users\nukec\Documents\GitHub\voxelstation13\build_ninja\_deps\glm-src\doc\api\a00867.html", "HTML", 0, 0, 0, 0, 0, 0, 0, 0, 0, 0, 0, 0, 0, 91, 0, 0, 5, 3, 99
"c:\Users\nukec\Documents\GitHub\voxelstation13\build_ninja\_deps\glm-src\doc\api\a00868.html", "HTML", 0, 0, 0, 0, 0, 0, 0, 0, 0, 0, 0, 0, 0, 927, 0, 0, 5, 63, 995
"c:\Users\nukec\Documents\GitHub\voxelstation13\build_ninja\_deps\glm-src\doc\api\a00869.html", "HTML", 0, 0, 0, 0, 0, 0, 0, 0, 0, 0, 0, 0, 0, 86, 0, 0, 5, 3, 94
"c:\Users\nukec\Documents\GitHub\voxelstation13\build_ninja\_deps\glm-src\doc\api\a00870.html", "HTML", 0, 0, 0, 0, 0, 0, 0, 0, 0, 0, 0, 0, 0, 92, 0, 0, 5, 3, 100
"c:\Users\nukec\Documents\GitHub\voxelstation13\build_ninja\_deps\glm-src\doc\api\a00871.html", "HTML", 0, 0, 0, 0, 0, 0, 0, 0, 0, 0, 0, 0, 0, 86, 0, 0, 5, 3, 94
"c:\Users\nukec\Documents\GitHub\voxelstation13\build_ninja\_deps\glm-src\doc\api\a00872.html", "HTML", 0, 0, 0, 0, 0, 0, 0, 0, 0, 0, 0, 0, 0, 92, 0, 0, 5, 3, 100
"c:\Users\nukec\Documents\GitHub\voxelstation13\build_ninja\_deps\glm-src\doc\api\a00873.html", "HTML", 0, 0, 0, 0, 0, 0, 0, 0, 0, 0, 0, 0, 0, 86, 0, 0, 5, 3, 94
"c:\Users\nukec\Documents\GitHub\voxelstation13\build_ninja\_deps\glm-src\doc\api\a00874.html", "HTML", 0, 0, 0, 0, 0, 0, 0, 0, 0, 0, 0, 0, 0, 155, 0, 0, 5, 19, 179
"c:\Users\nukec\Documents\GitHub\voxelstation13\build_ninja\_deps\glm-src\doc\api\a00875.html", "HTML", 0, 0, 0, 0, 0, 0, 0, 0, 0, 0, 0, 0, 0, 155, 0, 0, 5, 19, 179
"c:\Users\nukec\Documents\GitHub\voxelstation13\build_ninja\_deps\glm-src\doc\api\a00876.html", "HTML", 0, 0, 0, 0, 0, 0, 0, 0, 0, 0, 0, 0, 0, 155, 0, 0, 5, 19, 179
"c:\Users\nukec\Documents\GitHub\voxelstation13\build_ninja\_deps\glm-src\doc\api\a00877.html", "HTML", 0, 0, 0, 0, 0, 0, 0, 0, 0, 0, 0, 0, 0, 155, 0, 0, 5, 19, 179
"c:\Users\nukec\Documents\GitHub\voxelstation13\build_ninja\_deps\glm-src\doc\api\a00878.html", "HTML", 0, 0, 0, 0, 0, 0, 0, 0, 0, 0, 0, 0, 0, 477, 0, 0, 5, 33, 515
"c:\Users\nukec\Documents\GitHub\voxelstation13\build_ninja\_deps\glm-src\doc\api\a00879.html", "HTML", 0, 0, 0, 0, 0, 0, 0, 0, 0, 0, 0, 0, 0, 72, 0, 0, 5, 3, 80
"c:\Users\nukec\Documents\GitHub\voxelstation13\build_ninja\_deps\glm-src\doc\api\a00880.html", "HTML", 0, 0, 0, 0, 0, 0, 0, 0, 0, 0, 0, 0, 0, 72, 0, 0, 5, 3, 80
"c:\Users\nukec\Documents\GitHub\voxelstation13\build_ninja\_deps\glm-src\doc\api\a00881.html", "HTML", 0, 0, 0, 0, 0, 0, 0, 0, 0, 0, 0, 0, 0, 453, 0, 0, 5, 27, 485
"c:\Users\nukec\Documents\GitHub\voxelstation13\build_ninja\_deps\glm-src\doc\api\a00882.html", "HTML", 0, 0, 0, 0, 0, 0, 0, 0, 0, 0, 0, 0, 0, 86, 0, 0, 5, 3, 94
"c:\Users\nukec\Documents\GitHub\voxelstation13\build_ninja\_deps\glm-src\doc\api\a00883.html", "HTML", 0, 0, 0, 0, 0, 0, 0, 0, 0, 0, 0, 0, 0, 155, 0, 0, 5, 19, 179
"c:\Users\nukec\Documents\GitHub\voxelstation13\build_ninja\_deps\glm-src\doc\api\a00884.html", "HTML", 0, 0, 0, 0, 0, 0, 0, 0, 0, 0, 0, 0, 0, 155, 0, 0, 5, 19, 179
"c:\Users\nukec\Documents\GitHub\voxelstation13\build_ninja\_deps\glm-src\doc\api\a00885.html", "HTML", 0, 0, 0, 0, 0, 0, 0, 0, 0, 0, 0, 0, 0, 155, 0, 0, 5, 19, 179
"c:\Users\nukec\Documents\GitHub\voxelstation13\build_ninja\_deps\glm-src\doc\api\a00886.html", "HTML", 0, 0, 0, 0, 0, 0, 0, 0, 0, 0, 0, 0, 0, 155, 0, 0, 5, 19, 179
"c:\Users\nukec\Documents\GitHub\voxelstation13\build_ninja\_deps\glm-src\doc\api\a00887.html", "HTML", 0, 0, 0, 0, 0, 0, 0, 0, 0, 0, 0, 0, 0, 383, 0, 0, 5, 27, 415
"c:\Users\nukec\Documents\GitHub\voxelstation13\build_ninja\_deps\glm-src\doc\api\a00888.html", "HTML", 0, 0, 0, 0, 0, 0, 0, 0, 0, 0, 0, 0, 0, 400, 0, 0, 5, 27, 432
"c:\Users\nukec\Documents\GitHub\voxelstation13\build_ninja\_deps\glm-src\doc\api\a00889.html", "HTML", 0, 0, 0, 0, 0, 0, 0, 0, 0, 0, 0, 0, 0, 111, 0, 0, 5, 4, 120
"c:\Users\nukec\Documents\GitHub\voxelstation13\build_ninja\_deps\glm-src\doc\api\a00890.html", "HTML", 0, 0, 0, 0, 0, 0, 0, 0, 0, 0, 0, 0, 0, 351, 0, 0, 5, 64, 420
"c:\Users\nukec\Documents\GitHub\voxelstation13\build_ninja\_deps\glm-src\doc\api\a00891.html", "HTML", 0, 0, 0, 0, 0, 0, 0, 0, 0, 0, 0, 0, 0, 630, 0, 0, 5, 112, 747
"c:\Users\nukec\Documents\GitHub\voxelstation13\build_ninja\_deps\glm-src\doc\api\a00892.html", "HTML", 0, 0, 0, 0, 0, 0, 0, 0, 0, 0, 0, 0, 0, 513, 0, 0, 5, 100, 618
"c:\Users\nukec\Documents\GitHub\voxelstation13\build_ninja\_deps\glm-src\doc\api\a00893.html", "HTML", 0, 0, 0, 0, 0, 0, 0, 0, 0, 0, 0, 0, 0, 1524, 0, 0, 5, 292, 1821
"c:\Users\nukec\Documents\GitHub\voxelstation13\build_ninja\_deps\glm-src\doc\api\a00894.html", "HTML", 0, 0, 0, 0, 0, 0, 0, 0, 0, 0, 0, 0, 0, 248, 0, 0, 5, 4, 257
"c:\Users\nukec\Documents\GitHub\voxelstation13\build_ninja\_deps\glm-src\doc\api\a00895.html", "HTML", 0, 0, 0, 0, 0, 0, 0, 0, 0, 0, 0, 0, 0, 123, 0, 0, 5, 4, 132
"c:\Users\nukec\Documents\GitHub\voxelstation13\build_ninja\_deps\glm-src\doc\api\a00896.html", "HTML", 0, 0, 0, 0, 0, 0, 0, 0, 0, 0, 0, 0, 0, 214, 0, 0, 5, 4, 223
"c:\Users\nukec\Documents\GitHub\voxelstation13\build_ninja\_deps\glm-src\doc\api\a00897.html", "HTML", 0, 0, 0, 0, 0, 0, 0, 0, 0, 0, 0, 0, 0, 1173, 0, 0, 5, 99, 1277
"c:\Users\nukec\Documents\GitHub\voxelstation13\build_ninja\_deps\glm-src\doc\api\a00898.html", "HTML", 0, 0, 0, 0, 0, 0, 0, 0, 0, 0, 0, 0, 0, 161, 0, 0, 5, 12, 178
"c:\Users\nukec\Documents\GitHub\voxelstation13\build_ninja\_deps\glm-src\doc\api\a00899.html", "HTML", 0, 0, 0, 0, 0, 0, 0, 0, 0, 0, 0, 0, 0, 668, 0, 0, 5, 87, 760
"c:\Users\nukec\Documents\GitHub\voxelstation13\build_ninja\_deps\glm-src\doc\api\a00900.html", "HTML", 0, 0, 0, 0, 0, 0, 0, 0, 0, 0, 0, 0, 0, 236, 0, 0, 5, 15, 256
"c:\Users\nukec\Documents\GitHub\voxelstation13\build_ninja\_deps\glm-src\doc\api\a00901.html", "HTML", 0, 0, 0, 0, 0, 0, 0, 0, 0, 0, 0, 0, 0, 104, 0, 0, 5, 7, 116
"c:\Users\nukec\Documents\GitHub\voxelstation13\build_ninja\_deps\glm-src\doc\api\a00902.html", "HTML", 0, 0, 0, 0, 0, 0, 0, 0, 0, 0, 0, 0, 0, 220, 0, 0, 5, 15, 240
"c:\Users\nukec\Documents\GitHub\voxelstation13\build_ninja\_deps\glm-src\doc\api\a00903.html", "HTML", 0, 0, 0, 0, 0, 0, 0, 0, 0, 0, 0, 0, 0, 1376, 0, 0, 5, 291, 1672
"c:\Users\nukec\Documents\GitHub\voxelstation13\build_ninja\_deps\glm-src\doc\api\a00904.html", "HTML", 0, 0, 0, 0, 0, 0, 0, 0, 0, 0, 0, 0, 0, 148, 0, 0, 5, 9, 162
"c:\Users\nukec\Documents\GitHub\voxelstation13\build_ninja\_deps\glm-src\doc\api\a00905.html", "HTML", 0, 0, 0, 0, 0, 0, 0, 0, 0, 0, 0, 0, 0, 73, 0, 0, 5, 3, 81
"c:\Users\nukec\Documents\GitHub\voxelstation13\build_ninja\_deps\glm-src\doc\api\a00906.html", "HTML", 0, 0, 0, 0, 0, 0, 0, 0, 0, 0, 0, 0, 0, 156, 0, 0, 5, 12, 173
"c:\Users\nukec\Documents\GitHub\voxelstation13\build_ninja\_deps\glm-src\doc\api\a00907.html", "HTML", 0, 0, 0, 0, 0, 0, 0, 0, 0, 0, 0, 0, 0, 1941, 0, 0, 5, 213, 2159
"c:\Users\nukec\Documents\GitHub\voxelstation13\build_ninja\_deps\glm-src\doc\api\a00908.html", "HTML", 0, 0, 0, 0, 0, 0, 0, 0, 0, 0, 0, 0, 0, 578, 0, 0, 5, 51, 634
"c:\Users\nukec\Documents\GitHub\voxelstation13\build_ninja\_deps\glm-src\doc\api\a00909.html", "HTML", 0, 0, 0, 0, 0, 0, 0, 0, 0, 0, 0, 0, 0, 290, 0, 0, 5, 24, 319
"c:\Users\nukec\Documents\GitHub\voxelstation13\build_ninja\_deps\glm-src\doc\api\a00910.html", "HTML", 0, 0, 0, 0, 0, 0, 0, 0, 0, 0, 0, 0, 0, 72, 0, 0, 5, 3, 80
"c:\Users\nukec\Documents\GitHub\voxelstation13\build_ninja\_deps\glm-src\doc\api\a00911.html", "HTML", 0, 0, 0, 0, 0, 0, 0, 0, 0, 0, 0, 0, 0, 512, 0, 0, 5, 39, 556
"c:\Users\nukec\Documents\GitHub\voxelstation13\build_ninja\_deps\glm-src\doc\api\a00912.html", "HTML", 0, 0, 0, 0, 0, 0, 0, 0, 0, 0, 0, 0, 0, 1487, 0, 0, 5, 3, 1495
"c:\Users\nukec\Documents\GitHub\voxelstation13\build_ninja\_deps\glm-src\doc\api\a00913.html", "HTML", 0, 0, 0, 0, 0, 0, 0, 0, 0, 0, 0, 0, 0, 7908, 0, 0, 5, 1731, 9644
"c:\Users\nukec\Documents\GitHub\voxelstation13\build_ninja\_deps\glm-src\doc\api\a00914.html", "HTML", 0, 0, 0, 0, 0, 0, 0, 0, 0, 0, 0, 0, 0, 821, 0, 0, 5, 102, 928
"c:\Users\nukec\Documents\GitHub\voxelstation13\build_ninja\_deps\glm-src\doc\api\a00915.html", "HTML", 0, 0, 0, 0, 0, 0, 0, 0, 0, 0, 0, 0, 0, 572, 0, 0, 5, 45, 622
"c:\Users\nukec\Documents\GitHub\voxelstation13\build_ninja\_deps\glm-src\doc\api\a00916.html", "HTML", 0, 0, 0, 0, 0, 0, 0, 0, 0, 0, 0, 0, 0, 72, 0, 0, 5, 3, 80
"c:\Users\nukec\Documents\GitHub\voxelstation13\build_ninja\_deps\glm-src\doc\api\a00917.html", "HTML", 0, 0, 0, 0, 0, 0, 0, 0, 0, 0, 0, 0, 0, 1314, 0, 0, 5, 70, 1389
"c:\Users\nukec\Documents\GitHub\voxelstation13\build_ninja\_deps\glm-src\doc\api\a00918.html", "HTML", 0, 0, 0, 0, 0, 0, 0, 0, 0, 0, 0, 0, 0, 292, 0, 0, 5, 28, 325
"c:\Users\nukec\Documents\GitHub\voxelstation13\build_ninja\_deps\glm-src\doc\api\a00919.html", "HTML", 0, 0, 0, 0, 0, 0, 0, 0, 0, 0, 0, 0, 0, 123, 0, 0, 5, 6, 134
"c:\Users\nukec\Documents\GitHub\voxelstation13\build_ninja\_deps\glm-src\doc\api\a00920.html", "HTML", 0, 0, 0, 0, 0, 0, 0, 0, 0, 0, 0, 0, 0, 101, 0, 0, 5, 4, 110
"c:\Users\nukec\Documents\GitHub\voxelstation13\build_ninja\_deps\glm-src\doc\api\a00921.html", "HTML", 0, 0, 0, 0, 0, 0, 0, 0, 0, 0, 0, 0, 0, 232, 0, 0, 5, 21, 258
"c:\Users\nukec\Documents\GitHub\voxelstation13\build_ninja\_deps\glm-src\doc\api\a00922.html", "HTML", 0, 0, 0, 0, 0, 0, 0, 0, 0, 0, 0, 0, 0, 172, 0, 0, 5, 15, 192
"c:\Users\nukec\Documents\GitHub\voxelstation13\build_ninja\_deps\glm-src\doc\api\a00923.html", "HTML", 0, 0, 0, 0, 0, 0, 0, 0, 0, 0, 0, 0, 0, 232, 0, 0, 5, 16, 253
"c:\Users\nukec\Documents\GitHub\voxelstation13\build_ninja\_deps\glm-src\doc\api\a00924.html", "HTML", 0, 0, 0, 0, 0, 0, 0, 0, 0, 0, 0, 0, 0, 407, 0, 0, 5, 3, 415
"c:\Users\nukec\Documents\GitHub\voxelstation13\build_ninja\_deps\glm-src\doc\api\a00925.html", "HTML", 0, 0, 0, 0, 0, 0, 0, 0, 0, 0, 0, 0, 0, 212, 0, 0, 5, 21, 238
"c:\Users\nukec\Documents\GitHub\voxelstation13\build_ninja\_deps\glm-src\doc\api\a00926.html", "HTML", 0, 0, 0, 0, 0, 0, 0, 0, 0, 0, 0, 0, 0, 492, 0, 0, 5, 75, 572
"c:\Users\nukec\Documents\GitHub\voxelstation13\build_ninja\_deps\glm-src\doc\api\a00927.html", "HTML", 0, 0, 0, 0, 0, 0, 0, 0, 0, 0, 0, 0, 0, 845, 0, 0, 5, 93, 943
"c:\Users\nukec\Documents\GitHub\voxelstation13\build_ninja\_deps\glm-src\doc\api\a00928.html", "HTML", 0, 0, 0, 0, 0, 0, 0, 0, 0, 0, 0, 0, 0, 1545, 0, 0, 5, 126, 1676
"c:\Users\nukec\Documents\GitHub\voxelstation13\build_ninja\_deps\glm-src\doc\api\a00929.html", "HTML", 0, 0, 0, 0, 0, 0, 0, 0, 0, 0, 0, 0, 0, 118, 0, 0, 5, 6, 129
"c:\Users\nukec\Documents\GitHub\voxelstation13\build_ninja\_deps\glm-src\doc\api\a00930.html", "HTML", 0, 0, 0, 0, 0, 0, 0, 0, 0, 0, 0, 0, 0, 572, 0, 0, 5, 39, 616
"c:\Users\nukec\Documents\GitHub\voxelstation13\build_ninja\_deps\glm-src\doc\api\a00931.html", "HTML", 0, 0, 0, 0, 0, 0, 0, 0, 0, 0, 0, 0, 0, 121, 0, 0, 5, 7, 133
"c:\Users\nukec\Documents\GitHub\voxelstation13\build_ninja\_deps\glm-src\doc\api\a00932.html", "HTML", 0, 0, 0, 0, 0, 0, 0, 0, 0, 0, 0, 0, 0, 374, 0, 0, 5, 39, 418
"c:\Users\nukec\Documents\GitHub\voxelstation13\build_ninja\_deps\glm-src\doc\api\a00933.html", "HTML", 0, 0, 0, 0, 0, 0, 0, 0, 0, 0, 0, 0, 0, 322, 0, 0, 5, 33, 360
"c:\Users\nukec\Documents\GitHub\voxelstation13\build_ninja\_deps\glm-src\doc\api\a00934.html", "HTML", 0, 0, 0, 0, 0, 0, 0, 0, 0, 0, 0, 0, 0, 249, 0, 0, 5, 24, 278
"c:\Users\nukec\Documents\GitHub\voxelstation13\build_ninja\_deps\glm-src\doc\api\a00935.html", "HTML", 0, 0, 0, 0, 0, 0, 0, 0, 0, 0, 0, 0, 0, 156, 0, 0, 5, 9, 170
"c:\Users\nukec\Documents\GitHub\voxelstation13\build_ninja\_deps\glm-src\doc\api\a00936.html", "HTML", 0, 0, 0, 0, 0, 0, 0, 0, 0, 0, 0, 0, 0, 162, 0, 0, 5, 9, 176
"c:\Users\nukec\Documents\GitHub\voxelstation13\build_ninja\_deps\glm-src\doc\api\a00937.html", "HTML", 0, 0, 0, 0, 0, 0, 0, 0, 0, 0, 0, 0, 0, 156, 0, 0, 5, 9, 170
"c:\Users\nukec\Documents\GitHub\voxelstation13\build_ninja\_deps\glm-src\doc\api\a00938.html", "HTML", 0, 0, 0, 0, 0, 0, 0, 0, 0, 0, 0, 0, 0, 72, 0, 0, 5, 3, 80
"c:\Users\nukec\Documents\GitHub\voxelstation13\build_ninja\_deps\glm-src\doc\api\a00939.html", "HTML", 0, 0, 0, 0, 0, 0, 0, 0, 0, 0, 0, 0, 0, 316, 0, 0, 5, 31, 352
"c:\Users\nukec\Documents\GitHub\voxelstation13\build_ninja\_deps\glm-src\doc\api\a00940.html", "HTML", 0, 0, 0, 0, 0, 0, 0, 0, 0, 0, 0, 0, 0, 422, 0, 0, 5, 21, 448
"c:\Users\nukec\Documents\GitHub\voxelstation13\build_ninja\_deps\glm-src\doc\api\a00941.html", "HTML", 0, 0, 0, 0, 0, 0, 0, 0, 0, 0, 0, 0, 0, 74, 0, 0, 5, 3, 82
"c:\Users\nukec\Documents\GitHub\voxelstation13\build_ninja\_deps\glm-src\doc\api\a00942.html", "HTML", 0, 0, 0, 0, 0, 0, 0, 0, 0, 0, 0, 0, 0, 144, 0, 0, 5, 9, 158
"c:\Users\nukec\Documents\GitHub\voxelstation13\build_ninja\_deps\glm-src\doc\api\a00943.html", "HTML", 0, 0, 0, 0, 0, 0, 0, 0, 0, 0, 0, 0, 0, 124, 0, 0, 5, 9, 138
"c:\Users\nukec\Documents\GitHub\voxelstation13\build_ninja\_deps\glm-src\doc\api\a00944.html", "HTML", 0, 0, 0, 0, 0, 0, 0, 0, 0, 0, 0, 0, 0, 136, 0, 0, 5, 6, 147
"c:\Users\nukec\Documents\GitHub\voxelstation13\build_ninja\_deps\glm-src\doc\api\a00945.html", "HTML", 0, 0, 0, 0, 0, 0, 0, 0, 0, 0, 0, 0, 0, 202, 0, 0, 5, 15, 222
"c:\Users\nukec\Documents\GitHub\voxelstation13\build_ninja\_deps\glm-src\doc\api\a00946.html", "HTML", 0, 0, 0, 0, 0, 0, 0, 0, 0, 0, 0, 0, 0, 210, 0, 0, 5, 15, 230
"c:\Users\nukec\Documents\GitHub\voxelstation13\build_ninja\_deps\glm-src\doc\api\a00947.html", "HTML", 0, 0, 0, 0, 0, 0, 0, 0, 0, 0, 0, 0, 0, 440, 0, 0, 5, 39, 484
"c:\Users\nukec\Documents\GitHub\voxelstation13\build_ninja\_deps\glm-src\doc\api\a00948.html", "HTML", 0, 0, 0, 0, 0, 0, 0, 0, 0, 0, 0, 0, 0, 344, 0, 0, 5, 39, 388
"c:\Users\nukec\Documents\GitHub\voxelstation13\build_ninja\_deps\glm-src\doc\api\a00949.html", "HTML", 0, 0, 0, 0, 0, 0, 0, 0, 0, 0, 0, 0, 0, 336, 0, 0, 5, 27, 368
"c:\Users\nukec\Documents\GitHub\voxelstation13\build_ninja\_deps\glm-src\doc\api\a00950.html", "HTML", 0, 0, 0, 0, 0, 0, 0, 0, 0, 0, 0, 0, 0, 270, 0, 0, 5, 18, 293
"c:\Users\nukec\Documents\GitHub\voxelstation13\build_ninja\_deps\glm-src\doc\api\a00951.html", "HTML", 0, 0, 0, 0, 0, 0, 0, 0, 0, 0, 0, 0, 0, 84, 0, 0, 5, 3, 92
"c:\Users\nukec\Documents\GitHub\voxelstation13\build_ninja\_deps\glm-src\doc\api\a00952.html", "HTML", 0, 0, 0, 0, 0, 0, 0, 0, 0, 0, 0, 0, 0, 366, 0, 0, 5, 33, 404
"c:\Users\nukec\Documents\GitHub\voxelstation13\build_ninja\_deps\glm-src\doc\api\a00953.html", "HTML", 0, 0, 0, 0, 0, 0, 0, 0, 0, 0, 0, 0, 0, 118, 0, 0, 5, 6, 129
"c:\Users\nukec\Documents\GitHub\voxelstation13\build_ninja\_deps\glm-src\doc\api\a00954.html", "HTML", 0, 0, 0, 0, 0, 0, 0, 0, 0, 0, 0, 0, 0, 146, 0, 0, 5, 9, 160
"c:\Users\nukec\Documents\GitHub\voxelstation13\build_ninja\_deps\glm-src\doc\api\a00955.html", "HTML", 0, 0, 0, 0, 0, 0, 0, 0, 0, 0, 0, 0, 0, 95, 0, 0, 5, 3, 103
"c:\Users\nukec\Documents\GitHub\voxelstation13\build_ninja\_deps\glm-src\doc\api\a00956.html", "HTML", 0, 0, 0, 0, 0, 0, 0, 0, 0, 0, 0, 0, 0, 146, 0, 0, 5, 12, 163
"c:\Users\nukec\Documents\GitHub\voxelstation13\build_ninja\_deps\glm-src\doc\api\a00957.html", "HTML", 0, 0, 0, 0, 0, 0, 0, 0, 0, 0, 0, 0, 0, 134, 0, 0, 5, 9, 148
"c:\Users\nukec\Documents\GitHub\voxelstation13\build_ninja\_deps\glm-src\doc\api\a00958.html", "HTML", 0, 0, 0, 0, 0, 0, 0, 0, 0, 0, 0, 0, 0, 338, 0, 0, 5, 21, 364
"c:\Users\nukec\Documents\GitHub\voxelstation13\build_ninja\_deps\glm-src\doc\api\a00959.html", "HTML", 0, 0, 0, 0, 0, 0, 0, 0, 0, 0, 0, 0, 0, 112, 0, 0, 5, 6, 123
"c:\Users\nukec\Documents\GitHub\voxelstation13\build_ninja\_deps\glm-src\doc\api\a00960.html", "HTML", 0, 0, 0, 0, 0, 0, 0, 0, 0, 0, 0, 0, 0, 124, 0, 0, 5, 9, 138
"c:\Users\nukec\Documents\GitHub\voxelstation13\build_ninja\_deps\glm-src\doc\api\a00961.html", "HTML", 0, 0, 0, 0, 0, 0, 0, 0, 0, 0, 0, 0, 0, 119, 0, 0, 5, 6, 130
"c:\Users\nukec\Documents\GitHub\voxelstation13\build_ninja\_deps\glm-src\doc\api\a00962.html", "HTML", 0, 0, 0, 0, 0, 0, 0, 0, 0, 0, 0, 0, 0, 575, 0, 0, 5, 59, 639
"c:\Users\nukec\Documents\GitHub\voxelstation13\build_ninja\_deps\glm-src\doc\api\a00963.html", "HTML", 0, 0, 0, 0, 0, 0, 0, 0, 0, 0, 0, 0, 0, 73, 0, 0, 5, 3, 81
"c:\Users\nukec\Documents\GitHub\voxelstation13\build_ninja\_deps\glm-src\doc\api\a00964.html", "HTML", 0, 0, 0, 0, 0, 0, 0, 0, 0, 0, 0, 0, 0, 152, 0, 0, 5, 19, 176
"c:\Users\nukec\Documents\GitHub\voxelstation13\build_ninja\_deps\glm-src\doc\api\a00965.html", "HTML", 0, 0, 0, 0, 0, 0, 0, 0, 0, 0, 0, 0, 0, 184, 0, 0, 5, 9, 198
"c:\Users\nukec\Documents\GitHub\voxelstation13\build_ninja\_deps\glm-src\doc\api\a00966.html", "HTML", 0, 0, 0, 0, 0, 0, 0, 0, 0, 0, 0, 0, 0, 458, 0, 0, 5, 36, 499
"c:\Users\nukec\Documents\GitHub\voxelstation13\build_ninja\_deps\glm-src\doc\api\a00967.html", "HTML", 0, 0, 0, 0, 0, 0, 0, 0, 0, 0, 0, 0, 0, 74, 0, 0, 5, 3, 82
"c:\Users\nukec\Documents\GitHub\voxelstation13\build_ninja\_deps\glm-src\doc\api\a00968.html", "HTML", 0, 0, 0, 0, 0, 0, 0, 0, 0, 0, 0, 0, 0, 72, 0, 0, 5, 3, 80
"c:\Users\nukec\Documents\GitHub\voxelstation13\build_ninja\_deps\glm-src\doc\api\a00969.html", "HTML", 0, 0, 0, 0, 0, 0, 0, 0, 0, 0, 0, 0, 0, 230, 0, 0, 5, 12, 247
"c:\Users\nukec\Documents\GitHub\voxelstation13\build_ninja\_deps\glm-src\doc\api\a00970.html", "HTML", 0, 0, 0, 0, 0, 0, 0, 0, 0, 0, 0, 0, 0, 224, 0, 0, 5, 35, 264
"c:\Users\nukec\Documents\GitHub\voxelstation13\build_ninja\_deps\glm-src\doc\api\a00971.html", "HTML", 0, 0, 0, 0, 0, 0, 0, 0, 0, 0, 0, 0, 0, 102, 0, 0, 5, 6, 113
"c:\Users\nukec\Documents\GitHub\voxelstation13\build_ninja\_deps\glm-src\doc\api\a00972.html", "HTML", 0, 0, 0, 0, 0, 0, 0, 0, 0, 0, 0, 0, 0, 115, 0, 0, 5, 6, 126
"c:\Users\nukec\Documents\GitHub\voxelstation13\build_ninja\_deps\glm-src\doc\api\a00973.html", "HTML", 0, 0, 0, 0, 0, 0, 0, 0, 0, 0, 0, 0, 0, 162, 0, 0, 5, 12, 179
"c:\Users\nukec\Documents\GitHub\voxelstation13\build_ninja\_deps\glm-src\doc\api\a00974.html", "HTML", 0, 0, 0, 0, 0, 0, 0, 0, 0, 0, 0, 0, 0, 359, 0, 0, 5, 27, 391
"c:\Users\nukec\Documents\GitHub\voxelstation13\build_ninja\_deps\glm-src\doc\api\a00975.html", "HTML", 0, 0, 0, 0, 0, 0, 0, 0, 0, 0, 0, 0, 0, 7716, 0, 0, 5, 621, 8342
"c:\Users\nukec\Documents\GitHub\voxelstation13\build_ninja\_deps\glm-src\doc\api\a00976.html", "HTML", 0, 0, 0, 0, 0, 0, 0, 0, 0, 0, 0, 0, 0, 73, 0, 0, 5, 3, 81
"c:\Users\nukec\Documents\GitHub\voxelstation13\build_ninja\_deps\glm-src\doc\api\a00977.html", "HTML", 0, 0, 0, 0, 0, 0, 0, 0, 0, 0, 0, 0, 0, 73, 0, 0, 5, 3, 81
"c:\Users\nukec\Documents\GitHub\voxelstation13\build_ninja\_deps\glm-src\doc\api\a00978.html", "HTML", 0, 0, 0, 0, 0, 0, 0, 0, 0, 0, 0, 0, 0, 182, 0, 0, 5, 12, 199
"c:\Users\nukec\Documents\GitHub\voxelstation13\build_ninja\_deps\glm-src\doc\api\a00979.html", "HTML", 0, 0, 0, 0, 0, 0, 0, 0, 0, 0, 0, 0, 0, 290, 0, 0, 5, 21, 316
"c:\Users\nukec\Documents\GitHub\voxelstation13\build_ninja\_deps\glm-src\doc\api\a00980.html", "HTML", 0, 0, 0, 0, 0, 0, 0, 0, 0, 0, 0, 0, 0, 72, 0, 0, 5, 3, 80
"c:\Users\nukec\Documents\GitHub\voxelstation13\build_ninja\_deps\glm-src\doc\api\a00981.html", "HTML", 0, 0, 0, 0, 0, 0, 0, 0, 0, 0, 0, 0, 0, 603, 0, 0, 5, 42, 650
"c:\Users\nukec\Documents\GitHub\voxelstation13\build_ninja\_deps\glm-src\doc\api\a00982.html", "HTML", 0, 0, 0, 0, 0, 0, 0, 0, 0, 0, 0, 0, 0, 113, 0, 0, 5, 6, 124
"c:\Users\nukec\Documents\GitHub\voxelstation13\build_ninja\_deps\glm-src\doc\api\a00983.html", "HTML", 0, 0, 0, 0, 0, 0, 0, 0, 0, 0, 0, 0, 0, 385, 0, 0, 5, 39, 429
"c:\Users\nukec\Documents\GitHub\voxelstation13\build_ninja\_deps\glm-src\doc\api\a00984.html", "HTML", 0, 0, 0, 0, 0, 0, 0, 0, 0, 0, 0, 0, 0, 581, 0, 0, 5, 49, 635
"c:\Users\nukec\Documents\GitHub\voxelstation13\build_ninja\_deps\glm-src\doc\api\a00985.html", "HTML", 0, 0, 0, 0, 0, 0, 0, 0, 0, 0, 0, 0, 0, 419, 0, 0, 5, 30, 454
"c:\Users\nukec\Documents\GitHub\voxelstation13\build_ninja\_deps\glm-src\doc\api\a01558.html", "HTML", 0, 0, 0, 0, 0, 0, 0, 0, 0, 0, 0, 0, 0, 106, 0, 0, 5, 6, 117
"c:\Users\nukec\Documents\GitHub\voxelstation13\build_ninja\_deps\glm-src\doc\api\a01558_source.html", "HTML", 0, 0, 0, 0, 0, 0, 0, 0, 0, 0, 0, 0, 0, 110, 0, 0, 5, 3, 118
"c:\Users\nukec\Documents\GitHub\voxelstation13\build_ninja\_deps\glm-src\doc\api\a01561.html", "HTML", 0, 0, 0, 0, 0, 0, 0, 0, 0, 0, 0, 0, 0, 111, 0, 0, 5, 6, 122
"c:\Users\nukec\Documents\GitHub\voxelstation13\build_ninja\_deps\glm-src\doc\api\a01561_source.html", "HTML", 0, 0, 0, 0, 0, 0, 0, 0, 0, 0, 0, 0, 0, 122, 0, 0, 5, 3, 130
"c:\Users\nukec\Documents\GitHub\voxelstation13\build_ninja\_deps\glm-src\doc\api\a01564.html", "HTML", 0, 0, 0, 0, 0, 0, 0, 0, 0, 0, 0, 0, 0, 103, 0, 0, 5, 6, 114
"c:\Users\nukec\Documents\GitHub\voxelstation13\build_ninja\_deps\glm-src\doc\api\a01564_source.html", "HTML", 0, 0, 0, 0, 0, 0, 0, 0, 0, 0, 0, 0, 0, 111, 0, 0, 5, 3, 119
"c:\Users\nukec\Documents\GitHub\voxelstation13\build_ninja\_deps\glm-src\doc\api\a01567.html", "HTML", 0, 0, 0, 0, 0, 0, 0, 0, 0, 0, 0, 0, 0, 93, 0, 0, 5, 6, 104
"c:\Users\nukec\Documents\GitHub\voxelstation13\build_ninja\_deps\glm-src\doc\api\a01567_source.html", "HTML", 0, 0, 0, 0, 0, 0, 0, 0, 0, 0, 0, 0, 0, 101, 0, 0, 5, 3, 109
"c:\Users\nukec\Documents\GitHub\voxelstation13\build_ninja\_deps\glm-src\doc\api\a01570.html", "HTML", 0, 0, 0, 0, 0, 0, 0, 0, 0, 0, 0, 0, 0, 123, 0, 0, 5, 6, 134
"c:\Users\nukec\Documents\GitHub\voxelstation13\build_ninja\_deps\glm-src\doc\api\a01570_source.html", "HTML", 0, 0, 0, 0, 0, 0, 0, 0, 0, 0, 0, 0, 0, 121, 0, 0, 5, 3, 129
"c:\Users\nukec\Documents\GitHub\voxelstation13\build_ninja\_deps\glm-src\doc\api\a01573.html", "HTML", 0, 0, 0, 0, 0, 0, 0, 0, 0, 0, 0, 0, 0, 102, 0, 0, 5, 6, 113
"c:\Users\nukec\Documents\GitHub\voxelstation13\build_ninja\_deps\glm-src\doc\api\a01573_source.html", "HTML", 0, 0, 0, 0, 0, 0, 0, 0, 0, 0, 0, 0, 0, 109, 0, 0, 5, 3, 117
"c:\Users\nukec\Documents\GitHub\voxelstation13\build_ninja\_deps\glm-src\doc\api\a01576.html", "HTML", 0, 0, 0, 0, 0, 0, 0, 0, 0, 0, 0, 0, 0, 141, 0, 0, 5, 6, 152
"c:\Users\nukec\Documents\GitHub\voxelstation13\build_ninja\_deps\glm-src\doc\api\a01576_source.html", "HTML", 0, 0, 0, 0, 0, 0, 0, 0, 0, 0, 0, 0, 0, 397, 0, 0, 5, 3, 405
"c:\Users\nukec\Documents\GitHub\voxelstation13\build_ninja\_deps\glm-src\doc\api\a01579.html", "HTML", 0, 0, 0, 0, 0, 0, 0, 0, 0, 0, 0, 0, 0, 119, 0, 0, 5, 6, 130
"c:\Users\nukec\Documents\GitHub\voxelstation13\build_ninja\_deps\glm-src\doc\api\a01579_source.html", "HTML", 0, 0, 0, 0, 0, 0, 0, 0, 0, 0, 0, 0, 0, 134, 0, 0, 5, 3, 142
"c:\Users\nukec\Documents\GitHub\voxelstation13\build_ninja\_deps\glm-src\doc\api\a01582.html", "HTML", 0, 0, 0, 0, 0, 0, 0, 0, 0, 0, 0, 0, 0, 85, 0, 0, 5, 6, 96
"c:\Users\nukec\Documents\GitHub\voxelstation13\build_ninja\_deps\glm-src\doc\api\a01582_source.html", "HTML", 0, 0, 0, 0, 0, 0, 0, 0, 0, 0, 0, 0, 0, 91, 0, 0, 5, 3, 99
"c:\Users\nukec\Documents\GitHub\voxelstation13\build_ninja\_deps\glm-src\doc\api\a01585.html", "HTML", 0, 0, 0, 0, 0, 0, 0, 0, 0, 0, 0, 0, 0, 305, 0, 0, 5, 6, 316
"c:\Users\nukec\Documents\GitHub\voxelstation13\build_ninja\_deps\glm-src\doc\api\a01585_source.html", "HTML", 0, 0, 0, 0, 0, 0, 0, 0, 0, 0, 0, 0, 0, 335, 0, 0, 5, 3, 343
"c:\Users\nukec\Documents\GitHub\voxelstation13\build_ninja\_deps\glm-src\doc\api\a01588.html", "HTML", 0, 0, 0, 0, 0, 0, 0, 0, 0, 0, 0, 0, 0, 149, 0, 0, 5, 6, 160
"c:\Users\nukec\Documents\GitHub\voxelstation13\build_ninja\_deps\glm-src\doc\api\a01588_source.html", "HTML", 0, 0, 0, 0, 0, 0, 0, 0, 0, 0, 0, 0, 0, 169, 0, 0, 5, 3, 177
"c:\Users\nukec\Documents\GitHub\voxelstation13\build_ninja\_deps\glm-src\doc\api\a01591.html", "HTML", 0, 0, 0, 0, 0, 0, 0, 0, 0, 0, 0, 0, 0, 153, 0, 0, 5, 6, 164
"c:\Users\nukec\Documents\GitHub\voxelstation13\build_ninja\_deps\glm-src\doc\api\a01591_source.html", "HTML", 0, 0, 0, 0, 0, 0, 0, 0, 0, 0, 0, 0, 0, 193, 0, 0, 5, 3, 201
"c:\Users\nukec\Documents\GitHub\voxelstation13\build_ninja\_deps\glm-src\doc\api\a01594.html", "HTML", 0, 0, 0, 0, 0, 0, 0, 0, 0, 0, 0, 0, 0, 102, 0, 0, 5, 6, 113
"c:\Users\nukec\Documents\GitHub\voxelstation13\build_ninja\_deps\glm-src\doc\api\a01594_source.html", "HTML", 0, 0, 0, 0, 0, 0, 0, 0, 0, 0, 0, 0, 0, 105, 0, 0, 5, 3, 113
"c:\Users\nukec\Documents\GitHub\voxelstation13\build_ninja\_deps\glm-src\doc\api\a01597.html", "HTML", 0, 0, 0, 0, 0, 0, 0, 0, 0, 0, 0, 0, 0, 81, 0, 0, 5, 6, 92
"c:\Users\nukec\Documents\GitHub\voxelstation13\build_ninja\_deps\glm-src\doc\api\a01597_source.html", "HTML", 0, 0, 0, 0, 0, 0, 0, 0, 0, 0, 0, 0, 0, 94, 0, 0, 5, 3, 102
"c:\Users\nukec\Documents\GitHub\voxelstation13\build_ninja\_deps\glm-src\doc\api\a01600.html", "HTML", 0, 0, 0, 0, 0, 0, 0, 0, 0, 0, 0, 0, 0, 1495, 0, 0, 5, 6, 1506
"c:\Users\nukec\Documents\GitHub\voxelstation13\build_ninja\_deps\glm-src\doc\api\a01600_source.html", "HTML", 0, 0, 0, 0, 0, 0, 0, 0, 0, 0, 0, 0, 0, 1375, 0, 0, 5, 3, 1383
"c:\Users\nukec\Documents\GitHub\voxelstation13\build_ninja\_deps\glm-src\doc\api\a01603.html", "HTML", 0, 0, 0, 0, 0, 0, 0, 0, 0, 0, 0, 0, 0, 707, 0, 0, 5, 6, 718
"c:\Users\nukec\Documents\GitHub\voxelstation13\build_ninja\_deps\glm-src\doc\api\a01603_source.html", "HTML", 0, 0, 0, 0, 0, 0, 0, 0, 0, 0, 0, 0, 0, 820, 0, 0, 5, 3, 828
"c:\Users\nukec\Documents\GitHub\voxelstation13\build_ninja\_deps\glm-src\doc\api\a01606.html", "HTML", 0, 0, 0, 0, 0, 0, 0, 0, 0, 0, 0, 0, 0, 121, 0, 0, 5, 6, 132
"c:\Users\nukec\Documents\GitHub\voxelstation13\build_ninja\_deps\glm-src\doc\api\a01606_source.html", "HTML", 0, 0, 0, 0, 0, 0, 0, 0, 0, 0, 0, 0, 0, 117, 0, 0, 5, 3, 125
"c:\Users\nukec\Documents\GitHub\voxelstation13\build_ninja\_deps\glm-src\doc\api\dir_382f4fd018b81be8753cb53c0a41a09a.html", "HTML", 0, 0, 0, 0, 0, 0, 0, 0, 0, 0, 0, 0, 0, 120, 0, 0, 5, 3, 128
"c:\Users\nukec\Documents\GitHub\voxelstation13\build_ninja\_deps\glm-src\doc\api\dir_50f12b6ceb23d7f6adfb377a1ae8b006.html", "HTML", 0, 0, 0, 0, 0, 0, 0, 0, 0, 0, 0, 0, 0, 78, 0, 0, 5, 3, 86
"c:\Users\nukec\Documents\GitHub\voxelstation13\build_ninja\_deps\glm-src\doc\api\dir_628fd60eb37daf5aa9a81e3983c640b7.html", "HTML", 0, 0, 0, 0, 0, 0, 0, 0, 0, 0, 0, 0, 0, 270, 0, 0, 5, 3, 278
"c:\Users\nukec\Documents\GitHub\voxelstation13\build_ninja\_deps\glm-src\doc\api\dir_63ed049134a778d525e06b63afc2c979.html", "HTML", 0, 0, 0, 0, 0, 0, 0, 0, 0, 0, 0, 0, 0, 74, 0, 0, 5, 3, 82
"c:\Users\nukec\Documents\GitHub\voxelstation13\build_ninja\_deps\glm-src\doc\api\dir_885cc87fac2d91e269af0a5a959fa5f6.html", "HTML", 0, 0, 0, 0, 0, 0, 0, 0, 0, 0, 0, 0, 0, 74, 0, 0, 5, 3, 82
"c:\Users\nukec\Documents\GitHub\voxelstation13\build_ninja\_deps\glm-src\doc\api\dir_b11711034def6a4ce452fe9c451dd3d0.html", "HTML", 0, 0, 0, 0, 0, 0, 0, 0, 0, 0, 0, 0, 0, 74, 0, 0, 5, 3, 82
"c:\Users\nukec\Documents\GitHub\voxelstation13\build_ninja\_deps\glm-src\doc\api\dir_b171cecbb853a9ee4caace490047c53f.html", "HTML", 0, 0, 0, 0, 0, 0, 0, 0, 0, 0, 0, 0, 0, 498, 0, 0, 5, 3, 506
"c:\Users\nukec\Documents\GitHub\voxelstation13\build_ninja\_deps\glm-src\doc\api\dir_c98a9ac98258ab9f831b188d66361a70.html", "HTML", 0, 0, 0, 0, 0, 0, 0, 0, 0, 0, 0, 0, 0, 74, 0, 0, 5, 3, 82
"c:\Users\nukec\Documents\GitHub\voxelstation13\build_ninja\_deps\glm-src\doc\api\dir_d9678a6a9012da969e0b059b39347945.html", "HTML", 0, 0, 0, 0, 0, 0, 0, 0, 0, 0, 0, 0, 0, 138, 0, 0, 5, 3, 146
"c:\Users\nukec\Documents\GitHub\voxelstation13\build_ninja\_deps\glm-src\doc\api\dir_fca33f1b5115d46f42c670590789c0d2.html", "HTML", 0, 0, 0, 0, 0, 0, 0, 0, 0, 0, 0, 0, 0, 143, 0, 0, 5, 3, 151
"c:\Users\nukec\Documents\GitHub\voxelstation13\build_ninja\_deps\glm-src\doc\api\doxygen.css", "PostCSS", 0, 0, 0, 0, 0, 0, 0, 0, 0, 0, 1406, 0, 0, 0, 0, 0, 44, 281, 1731
"c:\Users\nukec\Documents\GitHub\voxelstation13\build_ninja\_deps\glm-src\doc\api\dynsections.js", "JavaScript", 0, 0, 0, 0, 0, 0, 0, 0, 0, 0, 0, 0, 86, 0, 0, 0, 32, 11, 129
"c:\Users\nukec\Documents\GitHub\voxelstation13\build_ninja\_deps\glm-src\doc\api\files.html", "HTML", 0, 0, 0, 0, 0, 0, 0, 0, 0, 0, 0, 0, 0, 352, 0, 0, 5, 3, 360
"c:\Users\nukec\Documents\GitHub\voxelstation13\build_ninja\_deps\glm-src\doc\api\index.html", "HTML", 0, 0, 0, 0, 0, 0, 0, 0, 0, 0, 0, 0, 0, 76, 0, 0, 5, 3, 84
"c:\Users\nukec\Documents\GitHub\voxelstation13\build_ninja\_deps\glm-src\doc\api\jquery.js", "JavaScript", 0, 0, 0, 0, 0, 0, 0, 0, 0, 0, 0, 0, 22, 0, 0, 0, 12, 1, 35
"c:\Users\nukec\Documents\GitHub\voxelstation13\build_ninja\_deps\glm-src\doc\api\menu.js", "JavaScript", 0, 0, 0, 0, 0, 0, 0, 0, 0, 0, 0, 0, 25, 0, 0, 0, 25, 2, 52
"c:\Users\nukec\Documents\GitHub\voxelstation13\build_ninja\_deps\glm-src\doc\api\menudata.js", "JavaScript", 0, 0, 0, 0, 0, 0, 0, 0, 0, 0, 0, 0, 5, 0, 0, 0, 24, 1, 30
"c:\Users\nukec\Documents\GitHub\voxelstation13\build_ninja\_deps\glm-src\doc\api\modules.html", "HTML", 0, 0, 0, 0, 0, 0, 0, 0, 0, 0, 0, 0, 0, 257, 0, 0, 5, 3, 265
"c:\Users\nukec\Documents\GitHub\voxelstation13\build_ninja\_deps\glm-src\doc\api\search\all_0.html", "HTML", 0, 0, 0, 0, 0, 0, 0, 0, 0, 0, 0, 0, 0, 36, 0, 0, 0, 1, 37
"c:\Users\nukec\Documents\GitHub\voxelstation13\build_ninja\_deps\glm-src\doc\api\search\all_0.js", "JavaScript", 0, 0, 0, 0, 0, 0, 0, 0, 0, 0, 0, 0, 209, 0, 0, 0, 0, 1, 210
"c:\Users\nukec\Documents\GitHub\voxelstation13\build_ninja\_deps\glm-src\doc\api\search\all_1.html", "HTML", 0, 0, 0, 0, 0, 0, 0, 0, 0, 0, 0, 0, 0, 36, 0, 0, 0, 1, 37
"c:\Users\nukec\Documents\GitHub\voxelstation13\build_ninja\_deps\glm-src\doc\api\search\all_1.js", "JavaScript", 0, 0, 0, 0, 0, 0, 0, 0, 0, 0, 0, 0, 41, 0, 0, 0, 0, 1, 42
"c:\Users\nukec\Documents\GitHub\voxelstation13\build_ninja\_deps\glm-src\doc\api\search\all_10.html", "HTML", 0, 0, 0, 0, 0, 0, 0, 0, 0, 0, 0, 0, 0, 36, 0, 0, 0, 1, 37
"c:\Users\nukec\Documents\GitHub\voxelstation13\build_ninja\_deps\glm-src\doc\api\search\all_10.js", "JavaScript", 0, 0, 0, 0, 0, 0, 0, 0, 0, 0, 0, 0, 54, 0, 0, 0, 0, 1, 55
"c:\Users\nukec\Documents\GitHub\voxelstation13\build_ninja\_deps\glm-src\doc\api\search\all_11.html", "HTML", 0, 0, 0, 0, 0, 0, 0, 0, 0, 0, 0, 0, 0, 36, 0, 0, 0, 1, 37
"c:\Users\nukec\Documents\GitHub\voxelstation13\build_ninja\_deps\glm-src\doc\api\search\all_11.js", "JavaScript", 0, 0, 0, 0, 0, 0, 0, 0, 0, 0, 0, 0, 42, 0, 0, 0, 0, 1, 43
"c:\Users\nukec\Documents\GitHub\voxelstation13\build_ninja\_deps\glm-src\doc\api\search\all_12.html", "HTML", 0, 0, 0, 0, 0, 0, 0, 0, 0, 0, 0, 0, 0, 36, 0, 0, 0, 1, 37
"c:\Users\nukec\Documents\GitHub\voxelstation13\build_ninja\_deps\glm-src\doc\api\search\all_12.js", "JavaScript", 0, 0, 0, 0, 0, 0, 0, 0, 0, 0, 0, 0, 145, 0, 0, 0, 0, 1, 146
"c:\Users\nukec\Documents\GitHub\voxelstation13\build_ninja\_deps\glm-src\doc\api\search\all_13.html", "HTML", 0, 0, 0, 0, 0, 0, 0, 0, 0, 0, 0, 0, 0, 36, 0, 0, 0, 1, 37
"c:\Users\nukec\Documents\GitHub\voxelstation13\build_ninja\_deps\glm-src\doc\api\search\all_13.js", "JavaScript", 0, 0, 0, 0, 0, 0, 0, 0, 0, 0, 0, 0, 64, 0, 0, 0, 0, 1, 65
"c:\Users\nukec\Documents\GitHub\voxelstation13\build_ninja\_deps\glm-src\doc\api\search\all_14.html", "HTML", 0, 0, 0, 0, 0, 0, 0, 0, 0, 0, 0, 0, 0, 36, 0, 0, 0, 1, 37
"c:\Users\nukec\Documents\GitHub\voxelstation13\build_ninja\_deps\glm-src\doc\api\search\all_14.js", "JavaScript", 0, 0, 0, 0, 0, 0, 0, 0, 0, 0, 0, 0, 6, 0, 0, 0, 0, 1, 7
"c:\Users\nukec\Documents\GitHub\voxelstation13\build_ninja\_deps\glm-src\doc\api\search\all_15.html", "HTML", 0, 0, 0, 0, 0, 0, 0, 0, 0, 0, 0, 0, 0, 36, 0, 0, 0, 1, 37
"c:\Users\nukec\Documents\GitHub\voxelstation13\build_ninja\_deps\glm-src\doc\api\search\all_15.js", "JavaScript", 0, 0, 0, 0, 0, 0, 0, 0, 0, 0, 0, 0, 7, 0, 0, 0, 0, 1, 8
"c:\Users\nukec\Documents\GitHub\voxelstation13\build_ninja\_deps\glm-src\doc\api\search\all_16.html", "HTML", 0, 0, 0, 0, 0, 0, 0, 0, 0, 0, 0, 0, 0, 36, 0, 0, 0, 1, 37
"c:\Users\nukec\Documents\GitHub\voxelstation13\build_ninja\_deps\glm-src\doc\api\search\all_16.js", "JavaScript", 0, 0, 0, 0, 0, 0, 0, 0, 0, 0, 0, 0, 4, 0, 0, 0, 0, 1, 5
"c:\Users\nukec\Documents\GitHub\voxelstation13\build_ninja\_deps\glm-src\doc\api\search\all_2.html", "HTML", 0, 0, 0, 0, 0, 0, 0, 0, 0, 0, 0, 0, 0, 36, 0, 0, 0, 1, 37
"c:\Users\nukec\Documents\GitHub\voxelstation13\build_ninja\_deps\glm-src\doc\api\search\all_2.js", "JavaScript", 0, 0, 0, 0, 0, 0, 0, 0, 0, 0, 0, 0, 53, 0, 0, 0, 0, 1, 54
"c:\Users\nukec\Documents\GitHub\voxelstation13\build_ninja\_deps\glm-src\doc\api\search\all_3.html", "HTML", 0, 0, 0, 0, 0, 0, 0, 0, 0, 0, 0, 0, 0, 36, 0, 0, 0, 1, 37
"c:\Users\nukec\Documents\GitHub\voxelstation13\build_ninja\_deps\glm-src\doc\api\search\all_3.js", "JavaScript", 0, 0, 0, 0, 0, 0, 0, 0, 0, 0, 0, 0, 59, 0, 0, 0, 0, 1, 60
"c:\Users\nukec\Documents\GitHub\voxelstation13\build_ninja\_deps\glm-src\doc\api\search\all_4.html", "HTML", 0, 0, 0, 0, 0, 0, 0, 0, 0, 0, 0, 0, 0, 36, 0, 0, 0, 1, 37
"c:\Users\nukec\Documents\GitHub\voxelstation13\build_ninja\_deps\glm-src\doc\api\search\all_4.js", "JavaScript", 0, 0, 0, 0, 0, 0, 0, 0, 0, 0, 0, 0, 69, 0, 0, 0, 0, 1, 70
"c:\Users\nukec\Documents\GitHub\voxelstation13\build_ninja\_deps\glm-src\doc\api\search\all_5.html", "HTML", 0, 0, 0, 0, 0, 0, 0, 0, 0, 0, 0, 0, 0, 36, 0, 0, 0, 1, 37
"c:\Users\nukec\Documents\GitHub\voxelstation13\build_ninja\_deps\glm-src\doc\api\search\all_5.js", "JavaScript", 0, 0, 0, 0, 0, 0, 0, 0, 0, 0, 0, 0, 134, 0, 0, 0, 0, 1, 135
"c:\Users\nukec\Documents\GitHub\voxelstation13\build_ninja\_deps\glm-src\doc\api\search\all_6.html", "HTML", 0, 0, 0, 0, 0, 0, 0, 0, 0, 0, 0, 0, 0, 36, 0, 0, 0, 1, 37
"c:\Users\nukec\Documents\GitHub\voxelstation13\build_ninja\_deps\glm-src\doc\api\search\all_6.js", "JavaScript", 0, 0, 0, 0, 0, 0, 0, 0, 0, 0, 0, 0, 188, 0, 0, 0, 0, 1, 189
"c:\Users\nukec\Documents\GitHub\voxelstation13\build_ninja\_deps\glm-src\doc\api\search\all_7.html", "HTML", 0, 0, 0, 0, 0, 0, 0, 0, 0, 0, 0, 0, 0, 36, 0, 0, 0, 1, 37
"c:\Users\nukec\Documents\GitHub\voxelstation13\build_ninja\_deps\glm-src\doc\api\search\all_7.js", "JavaScript", 0, 0, 0, 0, 0, 0, 0, 0, 0, 0, 0, 0, 194, 0, 0, 0, 0, 1, 195
"c:\Users\nukec\Documents\GitHub\voxelstation13\build_ninja\_deps\glm-src\doc\api\search\all_8.html", "HTML", 0, 0, 0, 0, 0, 0, 0, 0, 0, 0, 0, 0, 0, 36, 0, 0, 0, 1, 37
"c:\Users\nukec\Documents\GitHub\voxelstation13\build_ninja\_deps\glm-src\doc\api\search\all_8.js", "JavaScript", 0, 0, 0, 0, 0, 0, 0, 0, 0, 0, 0, 0, 141, 0, 0, 0, 0, 1, 142
"c:\Users\nukec\Documents\GitHub\voxelstation13\build_ninja\_deps\glm-src\doc\api\search\all_9.html", "HTML", 0, 0, 0, 0, 0, 0, 0, 0, 0, 0, 0, 0, 0, 36, 0, 0, 0, 1, 37
"c:\Users\nukec\Documents\GitHub\voxelstation13\build_ninja\_deps\glm-src\doc\api\search\all_9.js", "JavaScript", 0, 0, 0, 0, 0, 0, 0, 0, 0, 0, 0, 0, 214, 0, 0, 0, 0, 1, 215
"c:\Users\nukec\Documents\GitHub\voxelstation13\build_ninja\_deps\glm-src\doc\api\search\all_a.html", "HTML", 0, 0, 0, 0, 0, 0, 0, 0, 0, 0, 0, 0, 0, 36, 0, 0, 0, 1, 37
"c:\Users\nukec\Documents\GitHub\voxelstation13\build_ninja\_deps\glm-src\doc\api\search\all_a.js", "JavaScript", 0, 0, 0, 0, 0, 0, 0, 0, 0, 0, 0, 0, 330, 0, 0, 0, 0, 1, 331
"c:\Users\nukec\Documents\GitHub\voxelstation13\build_ninja\_deps\glm-src\doc\api\search\all_b.html", "HTML", 0, 0, 0, 0, 0, 0, 0, 0, 0, 0, 0, 0, 0, 36, 0, 0, 0, 1, 37
"c:\Users\nukec\Documents\GitHub\voxelstation13\build_ninja\_deps\glm-src\doc\api\search\all_b.js", "JavaScript", 0, 0, 0, 0, 0, 0, 0, 0, 0, 0, 0, 0, 17, 0, 0, 0, 0, 1, 18
"c:\Users\nukec\Documents\GitHub\voxelstation13\build_ninja\_deps\glm-src\doc\api\search\all_c.html", "HTML", 0, 0, 0, 0, 0, 0, 0, 0, 0, 0, 0, 0, 0, 36, 0, 0, 0, 1, 37
"c:\Users\nukec\Documents\GitHub\voxelstation13\build_ninja\_deps\glm-src\doc\api\search\all_c.js", "JavaScript", 0, 0, 0, 0, 0, 0, 0, 0, 0, 0, 0, 0, 27, 0, 0, 0, 0, 1, 28
"c:\Users\nukec\Documents\GitHub\voxelstation13\build_ninja\_deps\glm-src\doc\api\search\all_d.html", "HTML", 0, 0, 0, 0, 0, 0, 0, 0, 0, 0, 0, 0, 0, 36, 0, 0, 0, 1, 37
"c:\Users\nukec\Documents\GitHub\voxelstation13\build_ninja\_deps\glm-src\doc\api\search\all_d.js", "JavaScript", 0, 0, 0, 0, 0, 0, 0, 0, 0, 0, 0, 0, 266, 0, 0, 0, 0, 1, 267
"c:\Users\nukec\Documents\GitHub\voxelstation13\build_ninja\_deps\glm-src\doc\api\search\all_e.html", "HTML", 0, 0, 0, 0, 0, 0, 0, 0, 0, 0, 0, 0, 0, 36, 0, 0, 0, 1, 37
"c:\Users\nukec\Documents\GitHub\voxelstation13\build_ninja\_deps\glm-src\doc\api\search\all_e.js", "JavaScript", 0, 0, 0, 0, 0, 0, 0, 0, 0, 0, 0, 0, 31, 0, 0, 0, 0, 1, 32
"c:\Users\nukec\Documents\GitHub\voxelstation13\build_ninja\_deps\glm-src\doc\api\search\all_f.html", "HTML", 0, 0, 0, 0, 0, 0, 0, 0, 0, 0, 0, 0, 0, 36, 0, 0, 0, 1, 37
"c:\Users\nukec\Documents\GitHub\voxelstation13\build_ninja\_deps\glm-src\doc\api\search\all_f.js", "JavaScript", 0, 0, 0, 0, 0, 0, 0, 0, 0, 0, 0, 0, 43, 0, 0, 0, 0, 1, 44
"c:\Users\nukec\Documents\GitHub\voxelstation13\build_ninja\_deps\glm-src\doc\api\search\files_0.html", "HTML", 0, 0, 0, 0, 0, 0, 0, 0, 0, 0, 0, 0, 0, 36, 0, 0, 0, 1, 37
"c:\Users\nukec\Documents\GitHub\voxelstation13\build_ninja\_deps\glm-src\doc\api\search\files_0.js", "JavaScript", 0, 0, 0, 0, 0, 0, 0, 0, 0, 0, 0, 0, 4, 0, 0, 0, 0, 1, 5
"c:\Users\nukec\Documents\GitHub\voxelstation13\build_ninja\_deps\glm-src\doc\api\search\files_1.html", "HTML", 0, 0, 0, 0, 0, 0, 0, 0, 0, 0, 0, 0, 0, 36, 0, 0, 0, 1, 37
"c:\Users\nukec\Documents\GitHub\voxelstation13\build_ninja\_deps\glm-src\doc\api\search\files_1.js", "JavaScript", 0, 0, 0, 0, 0, 0, 0, 0, 0, 0, 0, 0, 5, 0, 0, 0, 0, 1, 6
"c:\Users\nukec\Documents\GitHub\voxelstation13\build_ninja\_deps\glm-src\doc\api\search\files_10.html", "HTML", 0, 0, 0, 0, 0, 0, 0, 0, 0, 0, 0, 0, 0, 36, 0, 0, 0, 1, 37
"c:\Users\nukec\Documents\GitHub\voxelstation13\build_ninja\_deps\glm-src\doc\api\search\files_10.js", "JavaScript", 0, 0, 0, 0, 0, 0, 0, 0, 0, 0, 0, 0, 15, 0, 0, 0, 0, 1, 16
"c:\Users\nukec\Documents\GitHub\voxelstation13\build_ninja\_deps\glm-src\doc\api\search\files_11.html", "HTML", 0, 0, 0, 0, 0, 0, 0, 0, 0, 0, 0, 0, 0, 36, 0, 0, 0, 1, 37
"c:\Users\nukec\Documents\GitHub\voxelstation13\build_ninja\_deps\glm-src\doc\api\search\files_11.js", "JavaScript", 0, 0, 0, 0, 0, 0, 0, 0, 0, 0, 0, 0, 24, 0, 0, 0, 0, 1, 25
"c:\Users\nukec\Documents\GitHub\voxelstation13\build_ninja\_deps\glm-src\doc\api\search\files_12.html", "HTML", 0, 0, 0, 0, 0, 0, 0, 0, 0, 0, 0, 0, 0, 36, 0, 0, 0, 1, 37
"c:\Users\nukec\Documents\GitHub\voxelstation13\build_ninja\_deps\glm-src\doc\api\search\files_12.js", "JavaScript", 0, 0, 0, 0, 0, 0, 0, 0, 0, 0, 0, 0, 4, 0, 0, 0, 0, 1, 5
"c:\Users\nukec\Documents\GitHub\voxelstation13\build_ninja\_deps\glm-src\doc\api\search\files_13.html", "HTML", 0, 0, 0, 0, 0, 0, 0, 0, 0, 0, 0, 0, 0, 36, 0, 0, 0, 1, 37
"c:\Users\nukec\Documents\GitHub\voxelstation13\build_ninja\_deps\glm-src\doc\api\search\files_13.js", "JavaScript", 0, 0, 0, 0, 0, 0, 0, 0, 0, 0, 0, 0, 56, 0, 0, 0, 0, 1, 57
"c:\Users\nukec\Documents\GitHub\voxelstation13\build_ninja\_deps\glm-src\doc\api\search\files_14.html", "HTML", 0, 0, 0, 0, 0, 0, 0, 0, 0, 0, 0, 0, 0, 36, 0, 0, 0, 1, 37
"c:\Users\nukec\Documents\GitHub\voxelstation13\build_ninja\_deps\glm-src\doc\api\search\files_14.js", "JavaScript", 0, 0, 0, 0, 0, 0, 0, 0, 0, 0, 0, 0, 4, 0, 0, 0, 0, 1, 5
"c:\Users\nukec\Documents\GitHub\voxelstation13\build_ninja\_deps\glm-src\doc\api\search\files_2.html", "HTML", 0, 0, 0, 0, 0, 0, 0, 0, 0, 0, 0, 0, 0, 36, 0, 0, 0, 1, 37
"c:\Users\nukec\Documents\GitHub\voxelstation13\build_ninja\_deps\glm-src\doc\api\search\files_2.js", "JavaScript", 0, 0, 0, 0, 0, 0, 0, 0, 0, 0, 0, 0, 10, 0, 0, 0, 0, 1, 11
"c:\Users\nukec\Documents\GitHub\voxelstation13\build_ninja\_deps\glm-src\doc\api\search\files_3.html", "HTML", 0, 0, 0, 0, 0, 0, 0, 0, 0, 0, 0, 0, 0, 36, 0, 0, 0, 1, 37
"c:\Users\nukec\Documents\GitHub\voxelstation13\build_ninja\_deps\glm-src\doc\api\search\files_3.js", "JavaScript", 0, 0, 0, 0, 0, 0, 0, 0, 0, 0, 0, 0, 4, 0, 0, 0, 0, 1, 5
"c:\Users\nukec\Documents\GitHub\voxelstation13\build_ninja\_deps\glm-src\doc\api\search\files_4.html", "HTML", 0, 0, 0, 0, 0, 0, 0, 0, 0, 0, 0, 0, 0, 36, 0, 0, 0, 1, 37
"c:\Users\nukec\Documents\GitHub\voxelstation13\build_ninja\_deps\glm-src\doc\api\search\files_4.js", "JavaScript", 0, 0, 0, 0, 0, 0, 0, 0, 0, 0, 0, 0, 15, 0, 0, 0, 0, 1, 16
"c:\Users\nukec\Documents\GitHub\voxelstation13\build_ninja\_deps\glm-src\doc\api\search\files_5.html", "HTML", 0, 0, 0, 0, 0, 0, 0, 0, 0, 0, 0, 0, 0, 36, 0, 0, 0, 1, 37
"c:\Users\nukec\Documents\GitHub\voxelstation13\build_ninja\_deps\glm-src\doc\api\search\files_5.js", "JavaScript", 0, 0, 0, 0, 0, 0, 0, 0, 0, 0, 0, 0, 7, 0, 0, 0, 0, 1, 8
"c:\Users\nukec\Documents\GitHub\voxelstation13\build_ninja\_deps\glm-src\doc\api\search\files_6.html", "HTML", 0, 0, 0, 0, 0, 0, 0, 0, 0, 0, 0, 0, 0, 36, 0, 0, 0, 1, 37
"c:\Users\nukec\Documents\GitHub\voxelstation13\build_ninja\_deps\glm-src\doc\api\search\files_6.js", "JavaScript", 0, 0, 0, 0, 0, 0, 0, 0, 0, 0, 0, 0, 14, 0, 0, 0, 0, 1, 15
"c:\Users\nukec\Documents\GitHub\voxelstation13\build_ninja\_deps\glm-src\doc\api\search\files_7.html", "HTML", 0, 0, 0, 0, 0, 0, 0, 0, 0, 0, 0, 0, 0, 36, 0, 0, 0, 1, 37
"c:\Users\nukec\Documents\GitHub\voxelstation13\build_ninja\_deps\glm-src\doc\api\search\files_7.js", "JavaScript", 0, 0, 0, 0, 0, 0, 0, 0, 0, 0, 0, 0, 5, 0, 0, 0, 0, 1, 6
"c:\Users\nukec\Documents\GitHub\voxelstation13\build_ninja\_deps\glm-src\doc\api\search\files_8.html", "HTML", 0, 0, 0, 0, 0, 0, 0, 0, 0, 0, 0, 0, 0, 36, 0, 0, 0, 1, 37
"c:\Users\nukec\Documents\GitHub\voxelstation13\build_ninja\_deps\glm-src\doc\api\search\files_8.js", "JavaScript", 0, 0, 0, 0, 0, 0, 0, 0, 0, 0, 0, 0, 6, 0, 0, 0, 0, 1, 7
"c:\Users\nukec\Documents\GitHub\voxelstation13\build_ninja\_deps\glm-src\doc\api\search\files_9.html", "HTML", 0, 0, 0, 0, 0, 0, 0, 0, 0, 0, 0, 0, 0, 36, 0, 0, 0, 1, 37
"c:\Users\nukec\Documents\GitHub\voxelstation13\build_ninja\_deps\glm-src\doc\api\search\files_9.js", "JavaScript", 0, 0, 0, 0, 0, 0, 0, 0, 0, 0, 0, 0, 4, 0, 0, 0, 0, 1, 5
"c:\Users\nukec\Documents\GitHub\voxelstation13\build_ninja\_deps\glm-src\doc\api\search\files_a.html", "HTML", 0, 0, 0, 0, 0, 0, 0, 0, 0, 0, 0, 0, 0, 36, 0, 0, 0, 1, 37
"c:\Users\nukec\Documents\GitHub\voxelstation13\build_ninja\_deps\glm-src\doc\api\search\files_a.js", "JavaScript", 0, 0, 0, 0, 0, 0, 0, 0, 0, 0, 0, 0, 97, 0, 0, 0, 0, 1, 98
"c:\Users\nukec\Documents\GitHub\voxelstation13\build_ninja\_deps\glm-src\doc\api\search\files_b.html", "HTML", 0, 0, 0, 0, 0, 0, 0, 0, 0, 0, 0, 0, 0, 36, 0, 0, 0, 1, 37
"c:\Users\nukec\Documents\GitHub\voxelstation13\build_ninja\_deps\glm-src\doc\api\search\files_b.js", "JavaScript", 0, 0, 0, 0, 0, 0, 0, 0, 0, 0, 0, 0, 8, 0, 0, 0, 0, 1, 9
"c:\Users\nukec\Documents\GitHub\voxelstation13\build_ninja\_deps\glm-src\doc\api\search\files_c.html", "HTML", 0, 0, 0, 0, 0, 0, 0, 0, 0, 0, 0, 0, 0, 36, 0, 0, 0, 1, 37
"c:\Users\nukec\Documents\GitHub\voxelstation13\build_ninja\_deps\glm-src\doc\api\search\files_c.js", "JavaScript", 0, 0, 0, 0, 0, 0, 0, 0, 0, 0, 0, 0, 5, 0, 0, 0, 0, 1, 6
"c:\Users\nukec\Documents\GitHub\voxelstation13\build_ninja\_deps\glm-src\doc\api\search\files_d.html", "HTML", 0, 0, 0, 0, 0, 0, 0, 0, 0, 0, 0, 0, 0, 36, 0, 0, 0, 1, 37
"c:\Users\nukec\Documents\GitHub\voxelstation13\build_ninja\_deps\glm-src\doc\api\search\files_d.js", "JavaScript", 0, 0, 0, 0, 0, 0, 0, 0, 0, 0, 0, 0, 8, 0, 0, 0, 0, 1, 9
"c:\Users\nukec\Documents\GitHub\voxelstation13\build_ninja\_deps\glm-src\doc\api\search\files_e.html", "HTML", 0, 0, 0, 0, 0, 0, 0, 0, 0, 0, 0, 0, 0, 36, 0, 0, 0, 1, 37
"c:\Users\nukec\Documents\GitHub\voxelstation13\build_ninja\_deps\glm-src\doc\api\search\files_e.js", "JavaScript", 0, 0, 0, 0, 0, 0, 0, 0, 0, 0, 0, 0, 13, 0, 0, 0, 0, 1, 14
"c:\Users\nukec\Documents\GitHub\voxelstation13\build_ninja\_deps\glm-src\doc\api\search\files_f.html", "HTML", 0, 0, 0, 0, 0, 0, 0, 0, 0, 0, 0, 0, 0, 36, 0, 0, 0, 1, 37
"c:\Users\nukec\Documents\GitHub\voxelstation13\build_ninja\_deps\glm-src\doc\api\search\files_f.js", "JavaScript", 0, 0, 0, 0, 0, 0, 0, 0, 0, 0, 0, 0, 10, 0, 0, 0, 0, 1, 11
"c:\Users\nukec\Documents\GitHub\voxelstation13\build_ninja\_deps\glm-src\doc\api\search\functions_0.html", "HTML", 0, 0, 0, 0, 0, 0, 0, 0, 0, 0, 0, 0, 0, 36, 0, 0, 0, 1, 37
"c:\Users\nukec\Documents\GitHub\voxelstation13\build_ninja\_deps\glm-src\doc\api\search\functions_0.js", "JavaScript", 0, 0, 0, 0, 0, 0, 0, 0, 0, 0, 0, 0, 31, 0, 0, 0, 0, 1, 32
"c:\Users\nukec\Documents\GitHub\voxelstation13\build_ninja\_deps\glm-src\doc\api\search\functions_1.html", "HTML", 0, 0, 0, 0, 0, 0, 0, 0, 0, 0, 0, 0, 0, 36, 0, 0, 0, 1, 37
"c:\Users\nukec\Documents\GitHub\voxelstation13\build_ninja\_deps\glm-src\doc\api\search\functions_1.js", "JavaScript", 0, 0, 0, 0, 0, 0, 0, 0, 0, 0, 0, 0, 20, 0, 0, 0, 0, 1, 21
"c:\Users\nukec\Documents\GitHub\voxelstation13\build_ninja\_deps\glm-src\doc\api\search\functions_10.html", "HTML", 0, 0, 0, 0, 0, 0, 0, 0, 0, 0, 0, 0, 0, 36, 0, 0, 0, 1, 37
"c:\Users\nukec\Documents\GitHub\voxelstation13\build_ninja\_deps\glm-src\doc\api\search\functions_10.js", "JavaScript", 0, 0, 0, 0, 0, 0, 0, 0, 0, 0, 0, 0, 32, 0, 0, 0, 0, 1, 33
"c:\Users\nukec\Documents\GitHub\voxelstation13\build_ninja\_deps\glm-src\doc\api\search\functions_11.html", "HTML", 0, 0, 0, 0, 0, 0, 0, 0, 0, 0, 0, 0, 0, 36, 0, 0, 0, 1, 37
"c:\Users\nukec\Documents\GitHub\voxelstation13\build_ninja\_deps\glm-src\doc\api\search\functions_11.js", "JavaScript", 0, 0, 0, 0, 0, 0, 0, 0, 0, 0, 0, 0, 21, 0, 0, 0, 0, 1, 22
"c:\Users\nukec\Documents\GitHub\voxelstation13\build_ninja\_deps\glm-src\doc\api\search\functions_12.html", "HTML", 0, 0, 0, 0, 0, 0, 0, 0, 0, 0, 0, 0, 0, 36, 0, 0, 0, 1, 37
"c:\Users\nukec\Documents\GitHub\voxelstation13\build_ninja\_deps\glm-src\doc\api\search\functions_12.js", "JavaScript", 0, 0, 0, 0, 0, 0, 0, 0, 0, 0, 0, 0, 52, 0, 0, 0, 0, 1, 53
"c:\Users\nukec\Documents\GitHub\voxelstation13\build_ninja\_deps\glm-src\doc\api\search\functions_13.html", "HTML", 0, 0, 0, 0, 0, 0, 0, 0, 0, 0, 0, 0, 0, 36, 0, 0, 0, 1, 37
"c:\Users\nukec\Documents\GitHub\voxelstation13\build_ninja\_deps\glm-src\doc\api\search\functions_13.js", "JavaScript", 0, 0, 0, 0, 0, 0, 0, 0, 0, 0, 0, 0, 4, 0, 0, 0, 0, 1, 5
"c:\Users\nukec\Documents\GitHub\voxelstation13\build_ninja\_deps\glm-src\doc\api\search\functions_14.html", "HTML", 0, 0, 0, 0, 0, 0, 0, 0, 0, 0, 0, 0, 0, 36, 0, 0, 0, 1, 37
"c:\Users\nukec\Documents\GitHub\voxelstation13\build_ninja\_deps\glm-src\doc\api\search\functions_14.js", "JavaScript", 0, 0, 0, 0, 0, 0, 0, 0, 0, 0, 0, 0, 4, 0, 0, 0, 0, 1, 5
"c:\Users\nukec\Documents\GitHub\voxelstation13\build_ninja\_deps\glm-src\doc\api\search\functions_15.html", "HTML", 0, 0, 0, 0, 0, 0, 0, 0, 0, 0, 0, 0, 0, 36, 0, 0, 0, 1, 37
"c:\Users\nukec\Documents\GitHub\voxelstation13\build_ninja\_deps\glm-src\doc\api\search\functions_15.js", "JavaScript", 0, 0, 0, 0, 0, 0, 0, 0, 0, 0, 0, 0, 7, 0, 0, 0, 0, 1, 8
"c:\Users\nukec\Documents\GitHub\voxelstation13\build_ninja\_deps\glm-src\doc\api\search\functions_16.html", "HTML", 0, 0, 0, 0, 0, 0, 0, 0, 0, 0, 0, 0, 0, 36, 0, 0, 0, 1, 37
"c:\Users\nukec\Documents\GitHub\voxelstation13\build_ninja\_deps\glm-src\doc\api\search\functions_16.js", "JavaScript", 0, 0, 0, 0, 0, 0, 0, 0, 0, 0, 0, 0, 4, 0, 0, 0, 0, 1, 5
"c:\Users\nukec\Documents\GitHub\voxelstation13\build_ninja\_deps\glm-src\doc\api\search\functions_2.html", "HTML", 0, 0, 0, 0, 0, 0, 0, 0, 0, 0, 0, 0, 0, 36, 0, 0, 0, 1, 37
"c:\Users\nukec\Documents\GitHub\voxelstation13\build_ninja\_deps\glm-src\doc\api\search\functions_2.js", "JavaScript", 0, 0, 0, 0, 0, 0, 0, 0, 0, 0, 0, 0, 44, 0, 0, 0, 0, 1, 45
"c:\Users\nukec\Documents\GitHub\voxelstation13\build_ninja\_deps\glm-src\doc\api\search\functions_3.html", "HTML", 0, 0, 0, 0, 0, 0, 0, 0, 0, 0, 0, 0, 0, 36, 0, 0, 0, 1, 37
"c:\Users\nukec\Documents\GitHub\voxelstation13\build_ninja\_deps\glm-src\doc\api\search\functions_3.js", "JavaScript", 0, 0, 0, 0, 0, 0, 0, 0, 0, 0, 0, 0, 24, 0, 0, 0, 0, 1, 25
"c:\Users\nukec\Documents\GitHub\voxelstation13\build_ninja\_deps\glm-src\doc\api\search\functions_4.html", "HTML", 0, 0, 0, 0, 0, 0, 0, 0, 0, 0, 0, 0, 0, 36, 0, 0, 0, 1, 37
"c:\Users\nukec\Documents\GitHub\voxelstation13\build_ninja\_deps\glm-src\doc\api\search\functions_4.js", "JavaScript", 0, 0, 0, 0, 0, 0, 0, 0, 0, 0, 0, 0, 55, 0, 0, 0, 0, 1, 56
"c:\Users\nukec\Documents\GitHub\voxelstation13\build_ninja\_deps\glm-src\doc\api\search\functions_5.html", "HTML", 0, 0, 0, 0, 0, 0, 0, 0, 0, 0, 0, 0, 0, 36, 0, 0, 0, 1, 37
"c:\Users\nukec\Documents\GitHub\voxelstation13\build_ninja\_deps\glm-src\doc\api\search\functions_5.js", "JavaScript", 0, 0, 0, 0, 0, 0, 0, 0, 0, 0, 0, 0, 54, 0, 0, 0, 0, 1, 55
"c:\Users\nukec\Documents\GitHub\voxelstation13\build_ninja\_deps\glm-src\doc\api\search\functions_6.html", "HTML", 0, 0, 0, 0, 0, 0, 0, 0, 0, 0, 0, 0, 0, 36, 0, 0, 0, 1, 37
"c:\Users\nukec\Documents\GitHub\voxelstation13\build_ninja\_deps\glm-src\doc\api\search\functions_6.js", "JavaScript", 0, 0, 0, 0, 0, 0, 0, 0, 0, 0, 0, 0, 9, 0, 0, 0, 0, 1, 10
"c:\Users\nukec\Documents\GitHub\voxelstation13\build_ninja\_deps\glm-src\doc\api\search\functions_7.html", "HTML", 0, 0, 0, 0, 0, 0, 0, 0, 0, 0, 0, 0, 0, 36, 0, 0, 0, 1, 37
"c:\Users\nukec\Documents\GitHub\voxelstation13\build_ninja\_deps\glm-src\doc\api\search\functions_7.js", "JavaScript", 0, 0, 0, 0, 0, 0, 0, 0, 0, 0, 0, 0, 7, 0, 0, 0, 0, 1, 8
"c:\Users\nukec\Documents\GitHub\voxelstation13\build_ninja\_deps\glm-src\doc\api\search\functions_8.html", "HTML", 0, 0, 0, 0, 0, 0, 0, 0, 0, 0, 0, 0, 0, 36, 0, 0, 0, 1, 37
"c:\Users\nukec\Documents\GitHub\voxelstation13\build_ninja\_deps\glm-src\doc\api\search\functions_8.js", "JavaScript", 0, 0, 0, 0, 0, 0, 0, 0, 0, 0, 0, 0, 31, 0, 0, 0, 0, 1, 32
"c:\Users\nukec\Documents\GitHub\voxelstation13\build_ninja\_deps\glm-src\doc\api\search\functions_9.html", "HTML", 0, 0, 0, 0, 0, 0, 0, 0, 0, 0, 0, 0, 0, 36, 0, 0, 0, 1, 37
"c:\Users\nukec\Documents\GitHub\voxelstation13\build_ninja\_deps\glm-src\doc\api\search\functions_9.js", "JavaScript", 0, 0, 0, 0, 0, 0, 0, 0, 0, 0, 0, 0, 28, 0, 0, 0, 0, 1, 29
"c:\Users\nukec\Documents\GitHub\voxelstation13\build_ninja\_deps\glm-src\doc\api\search\functions_a.html", "HTML", 0, 0, 0, 0, 0, 0, 0, 0, 0, 0, 0, 0, 0, 36, 0, 0, 0, 1, 37
"c:\Users\nukec\Documents\GitHub\voxelstation13\build_ninja\_deps\glm-src\doc\api\search\functions_a.js", "JavaScript", 0, 0, 0, 0, 0, 0, 0, 0, 0, 0, 0, 0, 36, 0, 0, 0, 0, 1, 37
"c:\Users\nukec\Documents\GitHub\voxelstation13\build_ninja\_deps\glm-src\doc\api\search\functions_b.html", "HTML", 0, 0, 0, 0, 0, 0, 0, 0, 0, 0, 0, 0, 0, 36, 0, 0, 0, 1, 37
"c:\Users\nukec\Documents\GitHub\voxelstation13\build_ninja\_deps\glm-src\doc\api\search\functions_b.js", "JavaScript", 0, 0, 0, 0, 0, 0, 0, 0, 0, 0, 0, 0, 12, 0, 0, 0, 0, 1, 13
"c:\Users\nukec\Documents\GitHub\voxelstation13\build_ninja\_deps\glm-src\doc\api\search\functions_c.html", "HTML", 0, 0, 0, 0, 0, 0, 0, 0, 0, 0, 0, 0, 0, 36, 0, 0, 0, 1, 37
"c:\Users\nukec\Documents\GitHub\voxelstation13\build_ninja\_deps\glm-src\doc\api\search\functions_c.js", "JavaScript", 0, 0, 0, 0, 0, 0, 0, 0, 0, 0, 0, 0, 24, 0, 0, 0, 0, 1, 25
"c:\Users\nukec\Documents\GitHub\voxelstation13\build_ninja\_deps\glm-src\doc\api\search\functions_d.html", "HTML", 0, 0, 0, 0, 0, 0, 0, 0, 0, 0, 0, 0, 0, 36, 0, 0, 0, 1, 37
"c:\Users\nukec\Documents\GitHub\voxelstation13\build_ninja\_deps\glm-src\doc\api\search\functions_d.js", "JavaScript", 0, 0, 0, 0, 0, 0, 0, 0, 0, 0, 0, 0, 85, 0, 0, 0, 0, 1, 86
"c:\Users\nukec\Documents\GitHub\voxelstation13\build_ninja\_deps\glm-src\doc\api\search\functions_e.html", "HTML", 0, 0, 0, 0, 0, 0, 0, 0, 0, 0, 0, 0, 0, 36, 0, 0, 0, 1, 37
"c:\Users\nukec\Documents\GitHub\voxelstation13\build_ninja\_deps\glm-src\doc\api\search\functions_e.js", "JavaScript", 0, 0, 0, 0, 0, 0, 0, 0, 0, 0, 0, 0, 19, 0, 0, 0, 0, 1, 20
"c:\Users\nukec\Documents\GitHub\voxelstation13\build_ninja\_deps\glm-src\doc\api\search\functions_f.html", "HTML", 0, 0, 0, 0, 0, 0, 0, 0, 0, 0, 0, 0, 0, 36, 0, 0, 0, 1, 37
"c:\Users\nukec\Documents\GitHub\voxelstation13\build_ninja\_deps\glm-src\doc\api\search\functions_f.js", "JavaScript", 0, 0, 0, 0, 0, 0, 0, 0, 0, 0, 0, 0, 35, 0, 0, 0, 0, 1, 36
"c:\Users\nukec\Documents\GitHub\voxelstation13\build_ninja\_deps\glm-src\doc\api\search\groups_0.html", "HTML", 0, 0, 0, 0, 0, 0, 0, 0, 0, 0, 0, 0, 0, 36, 0, 0, 0, 1, 37
"c:\Users\nukec\Documents\GitHub\voxelstation13\build_ninja\_deps\glm-src\doc\api\search\groups_0.js", "JavaScript", 0, 0, 0, 0, 0, 0, 0, 0, 0, 0, 0, 0, 4, 0, 0, 0, 0, 1, 5
"c:\Users\nukec\Documents\GitHub\voxelstation13\build_ninja\_deps\glm-src\doc\api\search\groups_1.html", "HTML", 0, 0, 0, 0, 0, 0, 0, 0, 0, 0, 0, 0, 0, 36, 0, 0, 0, 1, 37
"c:\Users\nukec\Documents\GitHub\voxelstation13\build_ninja\_deps\glm-src\doc\api\search\groups_1.js", "JavaScript", 0, 0, 0, 0, 0, 0, 0, 0, 0, 0, 0, 0, 5, 0, 0, 0, 0, 1, 6
"c:\Users\nukec\Documents\GitHub\voxelstation13\build_ninja\_deps\glm-src\doc\api\search\groups_2.html", "HTML", 0, 0, 0, 0, 0, 0, 0, 0, 0, 0, 0, 0, 0, 36, 0, 0, 0, 1, 37
"c:\Users\nukec\Documents\GitHub\voxelstation13\build_ninja\_deps\glm-src\doc\api\search\groups_2.js", "JavaScript", 0, 0, 0, 0, 0, 0, 0, 0, 0, 0, 0, 0, 5, 0, 0, 0, 0, 1, 6
"c:\Users\nukec\Documents\GitHub\voxelstation13\build_ninja\_deps\glm-src\doc\api\search\groups_3.html", "HTML", 0, 0, 0, 0, 0, 0, 0, 0, 0, 0, 0, 0, 0, 36, 0, 0, 0, 1, 37
"c:\Users\nukec\Documents\GitHub\voxelstation13\build_ninja\_deps\glm-src\doc\api\search\groups_3.js", "JavaScript", 0, 0, 0, 0, 0, 0, 0, 0, 0, 0, 0, 0, 4, 0, 0, 0, 0, 1, 5
"c:\Users\nukec\Documents\GitHub\voxelstation13\build_ninja\_deps\glm-src\doc\api\search\groups_4.html", "HTML", 0, 0, 0, 0, 0, 0, 0, 0, 0, 0, 0, 0, 0, 36, 0, 0, 0, 1, 37
"c:\Users\nukec\Documents\GitHub\voxelstation13\build_ninja\_deps\glm-src\doc\api\search\groups_4.js", "JavaScript", 0, 0, 0, 0, 0, 0, 0, 0, 0, 0, 0, 0, 171, 0, 0, 0, 0, 1, 172
"c:\Users\nukec\Documents\GitHub\voxelstation13\build_ninja\_deps\glm-src\doc\api\search\groups_5.html", "HTML", 0, 0, 0, 0, 0, 0, 0, 0, 0, 0, 0, 0, 0, 36, 0, 0, 0, 1, 37
"c:\Users\nukec\Documents\GitHub\voxelstation13\build_ninja\_deps\glm-src\doc\api\search\groups_5.js", "JavaScript", 0, 0, 0, 0, 0, 0, 0, 0, 0, 0, 0, 0, 4, 0, 0, 0, 0, 1, 5
"c:\Users\nukec\Documents\GitHub\voxelstation13\build_ninja\_deps\glm-src\doc\api\search\groups_6.html", "HTML", 0, 0, 0, 0, 0, 0, 0, 0, 0, 0, 0, 0, 0, 36, 0, 0, 0, 1, 37
"c:\Users\nukec\Documents\GitHub\voxelstation13\build_ninja\_deps\glm-src\doc\api\search\groups_6.js", "JavaScript", 0, 0, 0, 0, 0, 0, 0, 0, 0, 0, 0, 0, 6, 0, 0, 0, 0, 1, 7
"c:\Users\nukec\Documents\GitHub\voxelstation13\build_ninja\_deps\glm-src\doc\api\search\groups_7.html", "HTML", 0, 0, 0, 0, 0, 0, 0, 0, 0, 0, 0, 0, 0, 36, 0, 0, 0, 1, 37
"c:\Users\nukec\Documents\GitHub\voxelstation13\build_ninja\_deps\glm-src\doc\api\search\groups_7.js", "JavaScript", 0, 0, 0, 0, 0, 0, 0, 0, 0, 0, 0, 0, 4, 0, 0, 0, 0, 1, 5
"c:\Users\nukec\Documents\GitHub\voxelstation13\build_ninja\_deps\glm-src\doc\api\search\groups_8.html", "HTML", 0, 0, 0, 0, 0, 0, 0, 0, 0, 0, 0, 0, 0, 36, 0, 0, 0, 1, 37
"c:\Users\nukec\Documents\GitHub\voxelstation13\build_ninja\_deps\glm-src\doc\api\search\groups_8.js", "JavaScript", 0, 0, 0, 0, 0, 0, 0, 0, 0, 0, 0, 0, 4, 0, 0, 0, 0, 1, 5
"c:\Users\nukec\Documents\GitHub\voxelstation13\build_ninja\_deps\glm-src\doc\api\search\groups_9.html", "HTML", 0, 0, 0, 0, 0, 0, 0, 0, 0, 0, 0, 0, 0, 36, 0, 0, 0, 1, 37
"c:\Users\nukec\Documents\GitHub\voxelstation13\build_ninja\_deps\glm-src\doc\api\search\groups_9.js", "JavaScript", 0, 0, 0, 0, 0, 0, 0, 0, 0, 0, 0, 0, 6, 0, 0, 0, 0, 1, 7
"c:\Users\nukec\Documents\GitHub\voxelstation13\build_ninja\_deps\glm-src\doc\api\search\nomatches.html", "HTML", 0, 0, 0, 0, 0, 0, 0, 0, 0, 0, 0, 0, 0, 12, 0, 0, 0, 1, 13
"c:\Users\nukec\Documents\GitHub\voxelstation13\build_ninja\_deps\glm-src\doc\api\search\pages_0.html", "HTML", 0, 0, 0, 0, 0, 0, 0, 0, 0, 0, 0, 0, 0, 36, 0, 0, 0, 1, 37
"c:\Users\nukec\Documents\GitHub\voxelstation13\build_ninja\_deps\glm-src\doc\api\search\pages_0.js", "JavaScript", 0, 0, 0, 0, 0, 0, 0, 0, 0, 0, 0, 0, 4, 0, 0, 0, 0, 1, 5
"c:\Users\nukec\Documents\GitHub\voxelstation13\build_ninja\_deps\glm-src\doc\api\search\search.css", "PostCSS", 0, 0, 0, 0, 0, 0, 0, 0, 0, 0, 220, 0, 0, 0, 0, 0, 5, 47, 272
"c:\Users\nukec\Documents\GitHub\voxelstation13\build_ninja\_deps\glm-src\doc\api\search\search.js", "JavaScript", 0, 0, 0, 0, 0, 0, 0, 0, 0, 0, 0, 0, 687, 0, 0, 0, 61, 67, 815
"c:\Users\nukec\Documents\GitHub\voxelstation13\build_ninja\_deps\glm-src\doc\api\search\searchdata.js", "JavaScript", 0, 0, 0, 0, 0, 0, 0, 0, 0, 0, 0, 0, 27, 0, 0, 0, 0, 4, 31
"c:\Users\nukec\Documents\GitHub\voxelstation13\build_ninja\_deps\glm-src\doc\api\search\typedefs_0.html", "HTML", 0, 0, 0, 0, 0, 0, 0, 0, 0, 0, 0, 0, 0, 36, 0, 0, 0, 1, 37
"c:\Users\nukec\Documents\GitHub\voxelstation13\build_ninja\_deps\glm-src\doc\api\search\typedefs_0.js", "JavaScript", 0, 0, 0, 0, 0, 0, 0, 0, 0, 0, 0, 0, 179, 0, 0, 0, 0, 1, 180
"c:\Users\nukec\Documents\GitHub\voxelstation13\build_ninja\_deps\glm-src\doc\api\search\typedefs_1.html", "HTML", 0, 0, 0, 0, 0, 0, 0, 0, 0, 0, 0, 0, 0, 36, 0, 0, 0, 1, 37
"c:\Users\nukec\Documents\GitHub\voxelstation13\build_ninja\_deps\glm-src\doc\api\search\typedefs_1.js", "JavaScript", 0, 0, 0, 0, 0, 0, 0, 0, 0, 0, 0, 0, 22, 0, 0, 0, 0, 1, 23
"c:\Users\nukec\Documents\GitHub\voxelstation13\build_ninja\_deps\glm-src\doc\api\search\typedefs_2.html", "HTML", 0, 0, 0, 0, 0, 0, 0, 0, 0, 0, 0, 0, 0, 36, 0, 0, 0, 1, 37
"c:\Users\nukec\Documents\GitHub\voxelstation13\build_ninja\_deps\glm-src\doc\api\search\typedefs_2.js", "JavaScript", 0, 0, 0, 0, 0, 0, 0, 0, 0, 0, 0, 0, 37, 0, 0, 0, 0, 1, 38
"c:\Users\nukec\Documents\GitHub\voxelstation13\build_ninja\_deps\glm-src\doc\api\search\typedefs_3.html", "HTML", 0, 0, 0, 0, 0, 0, 0, 0, 0, 0, 0, 0, 0, 36, 0, 0, 0, 1, 37
"c:\Users\nukec\Documents\GitHub\voxelstation13\build_ninja\_deps\glm-src\doc\api\search\typedefs_3.js", "JavaScript", 0, 0, 0, 0, 0, 0, 0, 0, 0, 0, 0, 0, 78, 0, 0, 0, 0, 1, 79
"c:\Users\nukec\Documents\GitHub\voxelstation13\build_ninja\_deps\glm-src\doc\api\search\typedefs_4.html", "HTML", 0, 0, 0, 0, 0, 0, 0, 0, 0, 0, 0, 0, 0, 36, 0, 0, 0, 1, 37
"c:\Users\nukec\Documents\GitHub\voxelstation13\build_ninja\_deps\glm-src\doc\api\search\typedefs_4.js", "JavaScript", 0, 0, 0, 0, 0, 0, 0, 0, 0, 0, 0, 0, 188, 0, 0, 0, 0, 1, 189
"c:\Users\nukec\Documents\GitHub\voxelstation13\build_ninja\_deps\glm-src\doc\api\search\typedefs_5.html", "HTML", 0, 0, 0, 0, 0, 0, 0, 0, 0, 0, 0, 0, 0, 36, 0, 0, 0, 1, 37
"c:\Users\nukec\Documents\GitHub\voxelstation13\build_ninja\_deps\glm-src\doc\api\search\typedefs_5.js", "JavaScript", 0, 0, 0, 0, 0, 0, 0, 0, 0, 0, 0, 0, 109, 0, 0, 0, 0, 1, 110
"c:\Users\nukec\Documents\GitHub\voxelstation13\build_ninja\_deps\glm-src\doc\api\search\typedefs_6.html", "HTML", 0, 0, 0, 0, 0, 0, 0, 0, 0, 0, 0, 0, 0, 36, 0, 0, 0, 1, 37
"c:\Users\nukec\Documents\GitHub\voxelstation13\build_ninja\_deps\glm-src\doc\api\search\typedefs_6.js", "JavaScript", 0, 0, 0, 0, 0, 0, 0, 0, 0, 0, 0, 0, 188, 0, 0, 0, 0, 1, 189
"c:\Users\nukec\Documents\GitHub\voxelstation13\build_ninja\_deps\glm-src\doc\api\search\typedefs_7.html", "HTML", 0, 0, 0, 0, 0, 0, 0, 0, 0, 0, 0, 0, 0, 36, 0, 0, 0, 1, 37
"c:\Users\nukec\Documents\GitHub\voxelstation13\build_ninja\_deps\glm-src\doc\api\search\typedefs_7.js", "JavaScript", 0, 0, 0, 0, 0, 0, 0, 0, 0, 0, 0, 0, 200, 0, 0, 0, 0, 1, 201
"c:\Users\nukec\Documents\GitHub\voxelstation13\build_ninja\_deps\glm-src\doc\api\search\typedefs_8.html", "HTML", 0, 0, 0, 0, 0, 0, 0, 0, 0, 0, 0, 0, 0, 36, 0, 0, 0, 1, 37
"c:\Users\nukec\Documents\GitHub\voxelstation13\build_ninja\_deps\glm-src\doc\api\search\typedefs_8.js", "JavaScript", 0, 0, 0, 0, 0, 0, 0, 0, 0, 0, 0, 0, 179, 0, 0, 0, 0, 1, 180
"c:\Users\nukec\Documents\GitHub\voxelstation13\build_ninja\_deps\glm-src\doc\api\search\typedefs_9.html", "HTML", 0, 0, 0, 0, 0, 0, 0, 0, 0, 0, 0, 0, 0, 36, 0, 0, 0, 1, 37
"c:\Users\nukec\Documents\GitHub\voxelstation13\build_ninja\_deps\glm-src\doc\api\search\typedefs_9.js", "JavaScript", 0, 0, 0, 0, 0, 0, 0, 0, 0, 0, 0, 0, 5, 0, 0, 0, 0, 1, 6
"c:\Users\nukec\Documents\GitHub\voxelstation13\build_ninja\_deps\glm-src\doc\api\search\typedefs_a.html", "HTML", 0, 0, 0, 0, 0, 0, 0, 0, 0, 0, 0, 0, 0, 36, 0, 0, 0, 1, 37
"c:\Users\nukec\Documents\GitHub\voxelstation13\build_ninja\_deps\glm-src\doc\api\search\typedefs_a.js", "JavaScript", 0, 0, 0, 0, 0, 0, 0, 0, 0, 0, 0, 0, 12, 0, 0, 0, 0, 1, 13
"c:\Users\nukec\Documents\GitHub\voxelstation13\build_ninja\_deps\glm-src\doc\api\search\typedefs_b.html", "HTML", 0, 0, 0, 0, 0, 0, 0, 0, 0, 0, 0, 0, 0, 36, 0, 0, 0, 1, 37
"c:\Users\nukec\Documents\GitHub\voxelstation13\build_ninja\_deps\glm-src\doc\api\search\typedefs_b.js", "JavaScript", 0, 0, 0, 0, 0, 0, 0, 0, 0, 0, 0, 0, 95, 0, 0, 0, 0, 1, 96
"c:\Users\nukec\Documents\GitHub\voxelstation13\build_ninja\_deps\glm-src\doc\api\search\typedefs_c.html", "HTML", 0, 0, 0, 0, 0, 0, 0, 0, 0, 0, 0, 0, 0, 36, 0, 0, 0, 1, 37
"c:\Users\nukec\Documents\GitHub\voxelstation13\build_ninja\_deps\glm-src\doc\api\search\typedefs_c.js", "JavaScript", 0, 0, 0, 0, 0, 0, 0, 0, 0, 0, 0, 0, 7, 0, 0, 0, 0, 1, 8
"c:\Users\nukec\Documents\GitHub\voxelstation13\build_ninja\_deps\glm-src\doc\api\search\typedefs_d.html", "HTML", 0, 0, 0, 0, 0, 0, 0, 0, 0, 0, 0, 0, 0, 36, 0, 0, 0, 1, 37
"c:\Users\nukec\Documents\GitHub\voxelstation13\build_ninja\_deps\glm-src\doc\api\search\typedefs_d.js", "JavaScript", 0, 0, 0, 0, 0, 0, 0, 0, 0, 0, 0, 0, 4, 0, 0, 0, 0, 1, 5
"c:\Users\nukec\Documents\GitHub\voxelstation13\build_ninja\_deps\glm-src\doc\api\tabs.css", "PostCSS", 0, 0, 0, 0, 0, 0, 0, 0, 0, 0, 1, 0, 0, 0, 0, 0, 0, 0, 1
"c:\Users\nukec\Documents\GitHub\voxelstation13\build_ninja\_deps\glm-src\doc\theme\doxygen.css", "PostCSS", 0, 0, 0, 0, 0, 0, 0, 0, 0, 0, 1214, 0, 0, 0, 0, 0, 46, 237, 1497
"c:\Users\nukec\Documents\GitHub\voxelstation13\build_ninja\_deps\glm-src\glm\CMakeLists.txt", "CMake", 0, 0, 0, 0, 60, 0, 0, 0, 0, 0, 0, 0, 0, 0, 0, 0, 0, 10, 70
"c:\Users\nukec\Documents\GitHub\voxelstation13\build_ninja\_deps\glm-src\glm\common.hpp", "C++", 0, 0, 0, 97, 0, 0, 0, 0, 0, 0, 0, 0, 0, 0, 0, 0, 389, 54, 540
"c:\Users\nukec\Documents\GitHub\voxelstation13\build_ninja\_deps\glm-src\glm\detail\_features.hpp", "C++", 0, 0, 0, 110, 0, 0, 0, 0, 0, 0, 0, 0, 0, 0, 0, 0, 185, 100, 395
"c:\Users\nukec\Documents\GitHub\voxelstation13\build_ninja\_deps\glm-src\glm\detail\_fixes.hpp", "C++", 0, 0, 0, 16, 0, 0, 0, 0, 0, 0, 0, 0, 0, 0, 0, 0, 5, 7, 28
"c:\Users\nukec\Documents\GitHub\voxelstation13\build_ninja\_deps\glm-src\glm\detail\_noise.hpp", "C++", 0, 0, 0, 67, 0, 0, 0, 0, 0, 0, 0, 0, 0, 0, 0, 0, 0, 15, 82
"c:\Users\nukec\Documents\GitHub\voxelstation13\build_ninja\_deps\glm-src\glm\detail\_swizzle.hpp", "C++", 0, 0, 0, 704, 0, 0, 0, 0, 0, 0, 0, 0, 0, 0, 0, 0, 55, 46, 805
"c:\Users\nukec\Documents\GitHub\voxelstation13\build_ninja\_deps\glm-src\glm\detail\_swizzle_func.hpp", "C++", 0, 0, 0, 648, 0, 0, 0, 0, 0, 0, 0, 0, 0, 0, 0, 0, 0, 35, 683
"c:\Users\nukec\Documents\GitHub\voxelstation13\build_ninja\_deps\glm-src\glm\detail\_vectorize.hpp", "C++", 0, 0, 0, 142, 0, 0, 0, 0, 0, 0, 0, 0, 0, 0, 0, 0, 0, 21, 163
"c:\Users\nukec\Documents\GitHub\voxelstation13\build_ninja\_deps\glm-src\glm\detail\compute_common.hpp", "C++", 0, 0, 0, 43, 0, 0, 0, 0, 0, 0, 0, 0, 0, 0, 0, 0, 1, 7, 51
"c:\Users\nukec\Documents\GitHub\voxelstation13\build_ninja\_deps\glm-src\glm\detail\compute_vector_decl.hpp", "C++", 0, 0, 0, 161, 0, 0, 0, 0, 0, 0, 0, 0, 0, 0, 0, 0, 0, 30, 191
"c:\Users\nukec\Documents\GitHub\voxelstation13\build_ninja\_deps\glm-src\glm\detail\compute_vector_relational.hpp", "C++", 0, 0, 0, 16, 0, 0, 0, 0, 0, 0, 0, 0, 0, 0, 0, 0, 12, 3, 31
"c:\Users\nukec\Documents\GitHub\voxelstation13\build_ninja\_deps\glm-src\glm\detail\func_common.inl", "C++", 0, 0, 0, 638, 0, 0, 0, 0, 0, 0, 0, 0, 0, 0, 0, 0, 43, 112, 793
"c:\Users\nukec\Documents\GitHub\voxelstation13\build_ninja\_deps\glm-src\glm\detail\func_common_simd.inl", "C++", 0, 0, 0, 195, 0, 0, 0, 0, 0, 0, 0, 0, 0, 0, 0, 0, 14, 23, 232
"c:\Users\nukec\Documents\GitHub\voxelstation13\build_ninja\_deps\glm-src\glm\detail\func_exponential.inl", "C++", 0, 0, 0, 123, 0, 0, 0, 0, 0, 0, 0, 0, 0, 0, 0, 0, 9, 21, 153
"c:\Users\nukec\Documents\GitHub\voxelstation13\build_ninja\_deps\glm-src\glm\detail\func_exponential_simd.inl", "C++", 0, 0, 0, 30, 0, 0, 0, 0, 0, 0, 0, 0, 0, 0, 0, 0, 2, 6, 38
"c:\Users\nukec\Documents\GitHub\voxelstation13\build_ninja\_deps\glm-src\glm\detail\func_geometric.inl", "C++", 0, 0, 0, 193, 0, 0, 0, 0, 0, 0, 0, 0, 0, 0, 0, 0, 17, 34, 244
"c:\Users\nukec\Documents\GitHub\voxelstation13\build_ninja\_deps\glm-src\glm\detail\func_geometric_simd.inl", "C++", 0, 0, 0, 143, 0, 0, 0, 0, 0, 0, 0, 0, 0, 0, 0, 0, 2, 19, 164
"c:\Users\nukec\Documents\GitHub\voxelstation13\build_ninja\_deps\glm-src\glm\detail\func_integer.inl", "C++", 0, 0, 0, 325, 0, 0, 0, 0, 0, 0, 0, 0, 0, 0, 0, 0, 11, 57, 393
"c:\Users\nukec\Documents\GitHub\voxelstation13\build_ninja\_deps\glm-src\glm\detail\func_integer_simd.inl", "C++", 0, 0, 0, 52, 0, 0, 0, 0, 0, 0, 0, 0, 0, 0, 0, 0, 0, 14, 66
"c:\Users\nukec\Documents\GitHub\voxelstation13\build_ninja\_deps\glm-src\glm\detail\func_matrix.inl", "C++", 0, 0, 0, 386, 0, 0, 0, 0, 0, 0, 0, 0, 0, 0, 0, 0, 0, 58, 444
"c:\Users\nukec\Documents\GitHub\voxelstation13\build_ninja\_deps\glm-src\glm\detail\func_matrix_simd.inl", "C++", 0, 0, 0, 194, 0, 0, 0, 0, 0, 0, 0, 0, 0, 0, 0, 0, 24, 35, 253
"c:\Users\nukec\Documents\GitHub\voxelstation13\build_ninja\_deps\glm-src\glm\detail\func_packing.inl", "C++", 0, 0, 0, 144, 0, 0, 0, 0, 0, 0, 0, 0, 0, 0, 0, 0, 2, 44, 190
"c:\Users\nukec\Documents\GitHub\voxelstation13\build_ninja\_deps\glm-src\glm\detail\func_packing_simd.inl", "C++", 0, 0, 0, 5, 0, 0, 0, 0, 0, 0, 0, 0, 0, 0, 0, 0, 0, 2, 7
"c:\Users\nukec\Documents\GitHub\voxelstation13\build_ninja\_deps\glm-src\glm\detail\func_trigonometric.inl", "C++", 0, 0, 0, 145, 0, 0, 0, 0, 0, 0, 0, 0, 0, 0, 0, 0, 14, 39, 198
"c:\Users\nukec\Documents\GitHub\voxelstation13\build_ninja\_deps\glm-src\glm\detail\func_trigonometric_simd.inl", "C++", 0, 0, 0, 0, 0, 0, 0, 0, 0, 0, 0, 0, 0, 0, 0, 0, 0, 1, 1
"c:\Users\nukec\Documents\GitHub\voxelstation13\build_ninja\_deps\glm-src\glm\detail\func_vector_relational.inl", "C++", 0, 0, 0, 78, 0, 0, 0, 0, 0, 0, 0, 0, 0, 0, 0, 0, 0, 10, 88
"c:\Users\nukec\Documents\GitHub\voxelstation13\build_ninja\_deps\glm-src\glm\detail\func_vector_relational_simd.inl", "C++", 0, 0, 0, 5, 0, 0, 0, 0, 0, 0, 0, 0, 0, 0, 0, 0, 0, 2, 7
"c:\Users\nukec\Documents\GitHub\voxelstation13\build_ninja\_deps\glm-src\glm\detail\glm.cpp", "C++", 0, 0, 0, 198, 0, 0, 0, 0, 0, 0, 0, 0, 0, 0, 0, 0, 17, 49, 264
"c:\Users\nukec\Documents\GitHub\voxelstation13\build_ninja\_deps\glm-src\glm\detail\qualifier.hpp", "C++", 0, 0, 0, 196, 0, 0, 0, 0, 0, 0, 0, 0, 0, 0, 0, 0, 1, 33, 230
"c:\Users\nukec\Documents\GitHub\voxelstation13\build_ninja\_deps\glm-src\glm\detail\setup.hpp", "C++", 0, 0, 0, 917, 0, 0, 0, 0, 0, 0, 0, 0, 0, 0, 0, 0, 104, 168, 1189
"c:\Users\nukec\Documents\GitHub\voxelstation13\build_ninja\_deps\glm-src\glm\detail\type_float.hpp", "C++", 0, 0, 0, 51, 0, 0, 0, 0, 0, 0, 0, 0, 0, 0, 0, 0, 3, 15, 69
"c:\Users\nukec\Documents\GitHub\voxelstation13\build_ninja\_deps\glm-src\glm\detail\type_half.hpp", "C++", 0, 0, 0, 11, 0, 0, 0, 0, 0, 0, 0, 0, 0, 0, 0, 0, 0, 6, 17
"c:\Users\nukec\Documents\GitHub\voxelstation13\build_ninja\_deps\glm-src\glm\detail\type_half.inl", "C++", 0, 0, 0, 121, 0, 0, 0, 0, 0, 0, 0, 0, 0, 0, 0, 0, 80, 41, 242
"c:\Users\nukec\Documents\GitHub\voxelstation13\build_ninja\_deps\glm-src\glm\detail\type_mat2x2.hpp", "C++", 0, 0, 0, 120, 0, 0, 0, 0, 0, 0, 0, 0, 0, 0, 0, 0, 11, 47, 178
"c:\Users\nukec\Documents\GitHub\voxelstation13\build_ninja\_deps\glm-src\glm\detail\type_mat2x2.inl", "C++", 0, 0, 0, 465, 0, 0, 0, 0, 0, 0, 0, 0, 0, 0, 0, 0, 9, 63, 537
"c:\Users\nukec\Documents\GitHub\voxelstation13\build_ninja\_deps\glm-src\glm\detail\type_mat2x3.hpp", "C++", 0, 0, 0, 107, 0, 0, 0, 0, 0, 0, 0, 0, 0, 0, 0, 0, 11, 42, 160
"c:\Users\nukec\Documents\GitHub\voxelstation13\build_ninja\_deps\glm-src\glm\detail\type_mat2x3.inl", "C++", 0, 0, 0, 445, 0, 0, 0, 0, 0, 0, 0, 0, 0, 0, 0, 0, 9, 57, 511
"c:\Users\nukec\Documents\GitHub\voxelstation13\build_ninja\_deps\glm-src\glm\detail\type_mat2x4.hpp", "C++", 0, 0, 0, 109, 0, 0, 0, 0, 0, 0, 0, 0, 0, 0, 0, 0, 11, 42, 162
"c:\Users\nukec\Documents\GitHub\voxelstation13\build_ninja\_deps\glm-src\glm\detail\type_mat2x4.inl", "C++", 0, 0, 0, 455, 0, 0, 0, 0, 0, 0, 0, 0, 0, 0, 0, 0, 9, 57, 521
"c:\Users\nukec\Documents\GitHub\voxelstation13\build_ninja\_deps\glm-src\glm\detail\type_mat3x2.hpp", "C++", 0, 0, 0, 114, 0, 0, 0, 0, 0, 0, 0, 0, 0, 0, 0, 0, 11, 43, 168
"c:\Users\nukec\Documents\GitHub\voxelstation13\build_ninja\_deps\glm-src\glm\detail\type_mat3x2.inl", "C++", 0, 0, 0, 467, 0, 0, 0, 0, 0, 0, 0, 0, 0, 0, 0, 0, 9, 57, 533
"c:\Users\nukec\Documents\GitHub\voxelstation13\build_ninja\_deps\glm-src\glm\detail\type_mat3x3.hpp", "C++", 0, 0, 0, 127, 0, 0, 0, 0, 0, 0, 0, 0, 0, 0, 0, 0, 11, 47, 185
"c:\Users\nukec\Documents\GitHub\voxelstation13\build_ninja\_deps\glm-src\glm\detail\type_mat3x3.inl", "C++", 0, 0, 0, 528, 0, 0, 0, 0, 0, 0, 0, 0, 0, 0, 0, 0, 9, 65, 602
"c:\Users\nukec\Documents\GitHub\voxelstation13\build_ninja\_deps\glm-src\glm\detail\type_mat3x4.hpp", "C++", 0, 0, 0, 114, 0, 0, 0, 0, 0, 0, 0, 0, 0, 0, 0, 0, 11, 42, 167
"c:\Users\nukec\Documents\GitHub\voxelstation13\build_ninja\_deps\glm-src\glm\detail\type_mat3x4.inl", "C++", 0, 0, 0, 513, 0, 0, 0, 0, 0, 0, 0, 0, 0, 0, 0, 0, 9, 57, 579
"c:\Users\nukec\Documents\GitHub\voxelstation13\build_ninja\_deps\glm-src\glm\detail\type_mat4x2.hpp", "C++", 0, 0, 0, 119, 0, 0, 0, 0, 0, 0, 0, 0, 0, 0, 0, 0, 11, 42, 172
"c:\Users\nukec\Documents\GitHub\voxelstation13\build_ninja\_deps\glm-src\glm\detail\type_mat4x2.inl", "C++", 0, 0, 0, 509, 0, 0, 0, 0, 0, 0, 0, 0, 0, 0, 0, 0, 9, 57, 575
"c:\Users\nukec\Documents\GitHub\voxelstation13\build_ninja\_deps\glm-src\glm\detail\type_mat4x3.hpp", "C++", 0, 0, 0, 119, 0, 0, 0, 0, 0, 0, 0, 0, 0, 0, 0, 0, 11, 42, 172
"c:\Users\nukec\Documents\GitHub\voxelstation13\build_ninja\_deps\glm-src\glm\detail\type_mat4x3.inl", "C++", 0, 0, 0, 533, 0, 0, 0, 0, 0, 0, 0, 0, 0, 0, 0, 0, 9, 57, 599
"c:\Users\nukec\Documents\GitHub\voxelstation13\build_ninja\_deps\glm-src\glm\detail\type_mat4x4.hpp", "C++", 0, 0, 0, 132, 0, 0, 0, 0, 0, 0, 0, 0, 0, 0, 0, 0, 11, 47, 190
"c:\Users\nukec\Documents\GitHub\voxelstation13\build_ninja\_deps\glm-src\glm\detail\type_mat4x4.inl", "C++", 0, 0, 0, 598, 0, 0, 0, 0, 0, 0, 0, 0, 0, 0, 0, 0, 36, 73, 707
"c:\Users\nukec\Documents\GitHub\voxelstation13\build_ninja\_deps\glm-src\glm\detail\type_mat4x4_simd.inl", "C++", 0, 0, 0, 3, 0, 0, 0, 0, 0, 0, 0, 0, 0, 0, 0, 0, 1, 3, 7
"c:\Users\nukec\Documents\GitHub\voxelstation13\build_ninja\_deps\glm-src\glm\detail\type_quat.hpp", "C++", 0, 0, 0, 126, 0, 0, 0, 0, 0, 0, 0, 0, 0, 0, 0, 0, 22, 46, 194
"c:\Users\nukec\Documents\GitHub\voxelstation13\build_ninja\_deps\glm-src\glm\detail\type_quat.inl", "C++", 0, 0, 0, 336, 0, 0, 0, 0, 0, 0, 0, 0, 0, 0, 0, 0, 29, 60, 425
"c:\Users\nukec\Documents\GitHub\voxelstation13\build_ninja\_deps\glm-src\glm\detail\type_quat_simd.inl", "C++", 0, 0, 0, 135, 0, 0, 0, 0, 0, 0, 0, 0, 0, 0, 0, 0, 55, 19, 209
"c:\Users\nukec\Documents\GitHub\voxelstation13\build_ninja\_deps\glm-src\glm\detail\type_vec1.hpp", "C++", 0, 0, 0, 194, 0, 0, 0, 0, 0, 0, 0, 0, 0, 0, 0, 0, 47, 68, 309
"c:\Users\nukec\Documents\GitHub\voxelstation13\build_ninja\_deps\glm-src\glm\detail\type_vec1.inl", "C++", 0, 0, 0, 455, 0, 0, 0, 0, 0, 0, 0, 0, 0, 0, 0, 0, 13, 86, 554
"c:\Users\nukec\Documents\GitHub\voxelstation13\build_ninja\_deps\glm-src\glm\detail\type_vec2.hpp", "C++", 0, 0, 0, 288, 0, 0, 0, 0, 0, 0, 0, 0, 0, 0, 0, 0, 21, 94, 403
"c:\Users\nukec\Documents\GitHub\voxelstation13\build_ninja\_deps\glm-src\glm\detail\type_vec2.inl", "C++", 0, 0, 0, 781, 0, 0, 0, 0, 0, 0, 0, 0, 0, 0, 0, 0, 13, 122, 916
"c:\Users\nukec\Documents\GitHub\voxelstation13\build_ninja\_deps\glm-src\glm\detail\type_vec3.hpp", "C++", 0, 0, 0, 317, 0, 0, 0, 0, 0, 0, 0, 0, 0, 0, 0, 0, 24, 96, 437
"c:\Users\nukec\Documents\GitHub\voxelstation13\build_ninja\_deps\glm-src\glm\detail\type_vec3.inl", "C++", 0, 0, 0, 929, 0, 0, 0, 0, 0, 0, 0, 0, 0, 0, 0, 0, 13, 129, 1071
"c:\Users\nukec\Documents\GitHub\voxelstation13\build_ninja\_deps\glm-src\glm\detail\type_vec4.hpp", "C++", 0, 0, 0, 372, 0, 0, 0, 0, 0, 0, 0, 0, 0, 0, 0, 0, 36, 101, 509
"c:\Users\nukec\Documents\GitHub\voxelstation13\build_ninja\_deps\glm-src\glm\detail\type_vec4.inl", "C++", 0, 0, 0, 968, 0, 0, 0, 0, 0, 0, 0, 0, 0, 0, 0, 0, 13, 162, 1143
"c:\Users\nukec\Documents\GitHub\voxelstation13\build_ninja\_deps\glm-src\glm\detail\type_vec4_simd.inl", "C++", 0, 0, 0, 688, 0, 0, 0, 0, 0, 0, 0, 0, 0, 0, 0, 0, 8, 93, 789
"c:\Users\nukec\Documents\GitHub\voxelstation13\build_ninja\_deps\glm-src\glm\exponential.hpp", "C++", 0, 0, 0, 24, 0, 0, 0, 0, 0, 0, 0, 0, 0, 0, 0, 0, 74, 13, 111
"c:\Users\nukec\Documents\GitHub\voxelstation13\build_ninja\_deps\glm-src\glm\ext.hpp", "C++", 0, 0, 0, 239, 0, 0, 0, 0, 0, 0, 0, 0, 0, 0, 0, 0, 3, 26, 268
"c:\Users\nukec\Documents\GitHub\voxelstation13\build_ninja\_deps\glm-src\glm\ext\_matrix_vectorize.hpp", "C++", 0, 0, 0, 98, 0, 0, 0, 0, 0, 0, 0, 0, 0, 0, 0, 0, 0, 31, 129
"c:\Users\nukec\Documents\GitHub\voxelstation13\build_ninja\_deps\glm-src\glm\ext\matrix_clip_space.hpp", "C++", 0, 0, 0, 137, 0, 0, 0, 0, 0, 0, 0, 0, 0, 0, 0, 0, 336, 50, 523
"c:\Users\nukec\Documents\GitHub\voxelstation13\build_ninja\_deps\glm-src\glm\ext\matrix_clip_space.inl", "C++", 0, 0, 0, 528, 0, 0, 0, 0, 0, 0, 0, 0, 0, 0, 0, 0, 1, 67, 596
"c:\Users\nukec\Documents\GitHub\voxelstation13\build_ninja\_deps\glm-src\glm\ext\matrix_common.hpp", "C++", 0, 0, 0, 16, 0, 0, 0, 0, 0, 0, 0, 0, 0, 0, 0, 0, 14, 10, 40
"c:\Users\nukec\Documents\GitHub\voxelstation13\build_ninja\_deps\glm-src\glm\ext\matrix_common.inl", "C++", 0, 0, 0, 28, 0, 0, 0, 0, 0, 0, 0, 0, 0, 0, 0, 0, 0, 7, 35
"c:\Users\nukec\Documents\GitHub\voxelstation13\build_ninja\_deps\glm-src\glm\ext\matrix_double2x2.hpp", "C++", 0, 0, 0, 7, 0, 0, 0, 0, 0, 0, 0, 0, 0, 0, 0, 0, 11, 6, 24
"c:\Users\nukec\Documents\GitHub\voxelstation13\build_ninja\_deps\glm-src\glm\ext\matrix_double2x2_precision.hpp", "C++", 0, 0, 0, 11, 0, 0, 0, 0, 0, 0, 0, 0, 0, 0, 0, 0, 29, 10, 50
"c:\Users\nukec\Documents\GitHub\voxelstation13\build_ninja\_deps\glm-src\glm\ext\matrix_double2x3.hpp", "C++", 0, 0, 0, 6, 0, 0, 0, 0, 0, 0, 0, 0, 0, 0, 0, 0, 8, 5, 19
"c:\Users\nukec\Documents\GitHub\voxelstation13\build_ninja\_deps\glm-src\glm\ext\matrix_double2x3_precision.hpp", "C++", 0, 0, 0, 8, 0, 0, 0, 0, 0, 0, 0, 0, 0, 0, 0, 0, 17, 7, 32
"c:\Users\nukec\Documents\GitHub\voxelstation13\build_ninja\_deps\glm-src\glm\ext\matrix_double2x4.hpp", "C++", 0, 0, 0, 6, 0, 0, 0, 0, 0, 0, 0, 0, 0, 0, 0, 0, 8, 5, 19
"c:\Users\nukec\Documents\GitHub\voxelstation13\build_ninja\_deps\glm-src\glm\ext\matrix_double2x4_precision.hpp", "C++", 0, 0, 0, 8, 0, 0, 0, 0, 0, 0, 0, 0, 0, 0, 0, 0, 17, 7, 32
"c:\Users\nukec\Documents\GitHub\voxelstation13\build_ninja\_deps\glm-src\glm\ext\matrix_double3x2.hpp", "C++", 0, 0, 0, 6, 0, 0, 0, 0, 0, 0, 0, 0, 0, 0, 0, 0, 8, 5, 19
"c:\Users\nukec\Documents\GitHub\voxelstation13\build_ninja\_deps\glm-src\glm\ext\matrix_double3x2_precision.hpp", "C++", 0, 0, 0, 8, 0, 0, 0, 0, 0, 0, 0, 0, 0, 0, 0, 0, 17, 7, 32
"c:\Users\nukec\Documents\GitHub\voxelstation13\build_ninja\_deps\glm-src\glm\ext\matrix_double3x3.hpp", "C++", 0, 0, 0, 7, 0, 0, 0, 0, 0, 0, 0, 0, 0, 0, 0, 0, 11, 6, 24
"c:\Users\nukec\Documents\GitHub\voxelstation13\build_ninja\_deps\glm-src\glm\ext\matrix_double3x3_precision.hpp", "C++", 0, 0, 0, 11, 0, 0, 0, 0, 0, 0, 0, 0, 0, 0, 0, 0, 29, 10, 50
"c:\Users\nukec\Documents\GitHub\voxelstation13\build_ninja\_deps\glm-src\glm\ext\matrix_double3x4.hpp", "C++", 0, 0, 0, 6, 0, 0, 0, 0, 0, 0, 0, 0, 0, 0, 0, 0, 8, 5, 19
"c:\Users\nukec\Documents\GitHub\voxelstation13\build_ninja\_deps\glm-src\glm\ext\matrix_double3x4_precision.hpp", "C++", 0, 0, 0, 8, 0, 0, 0, 0, 0, 0, 0, 0, 0, 0, 0, 0, 17, 7, 32
"c:\Users\nukec\Documents\GitHub\voxelstation13\build_ninja\_deps\glm-src\glm\ext\matrix_double4x2.hpp", "C++", 0, 0, 0, 6, 0, 0, 0, 0, 0, 0, 0, 0, 0, 0, 0, 0, 8, 5, 19
"c:\Users\nukec\Documents\GitHub\voxelstation13\build_ninja\_deps\glm-src\glm\ext\matrix_double4x2_precision.hpp", "C++", 0, 0, 0, 8, 0, 0, 0, 0, 0, 0, 0, 0, 0, 0, 0, 0, 17, 7, 32
"c:\Users\nukec\Documents\GitHub\voxelstation13\build_ninja\_deps\glm-src\glm\ext\matrix_double4x3.hpp", "C++", 0, 0, 0, 6, 0, 0, 0, 0, 0, 0, 0, 0, 0, 0, 0, 0, 8, 5, 19
"c:\Users\nukec\Documents\GitHub\voxelstation13\build_ninja\_deps\glm-src\glm\ext\matrix_double4x3_precision.hpp", "C++", 0, 0, 0, 8, 0, 0, 0, 0, 0, 0, 0, 0, 0, 0, 0, 0, 17, 7, 32
"c:\Users\nukec\Documents\GitHub\voxelstation13\build_ninja\_deps\glm-src\glm\ext\matrix_double4x4.hpp", "C++", 0, 0, 0, 7, 0, 0, 0, 0, 0, 0, 0, 0, 0, 0, 0, 0, 11, 6, 24
"c:\Users\nukec\Documents\GitHub\voxelstation13\build_ninja\_deps\glm-src\glm\ext\matrix_double4x4_precision.hpp", "C++", 0, 0, 0, 11, 0, 0, 0, 0, 0, 0, 0, 0, 0, 0, 0, 0, 29, 10, 50
"c:\Users\nukec\Documents\GitHub\voxelstation13\build_ninja\_deps\glm-src\glm\ext\matrix_float2x2.hpp", "C++", 0, 0, 0, 7, 0, 0, 0, 0, 0, 0, 0, 0, 0, 0, 0, 0, 11, 6, 24
"c:\Users\nukec\Documents\GitHub\voxelstation13\build_ninja\_deps\glm-src\glm\ext\matrix_float2x2_precision.hpp", "C++", 0, 0, 0, 11, 0, 0, 0, 0, 0, 0, 0, 0, 0, 0, 0, 0, 29, 10, 50
"c:\Users\nukec\Documents\GitHub\voxelstation13\build_ninja\_deps\glm-src\glm\ext\matrix_float2x3.hpp", "C++", 0, 0, 0, 6, 0, 0, 0, 0, 0, 0, 0, 0, 0, 0, 0, 0, 8, 5, 19
"c:\Users\nukec\Documents\GitHub\voxelstation13\build_ninja\_deps\glm-src\glm\ext\matrix_float2x3_precision.hpp", "C++", 0, 0, 0, 8, 0, 0, 0, 0, 0, 0, 0, 0, 0, 0, 0, 0, 17, 7, 32
"c:\Users\nukec\Documents\GitHub\voxelstation13\build_ninja\_deps\glm-src\glm\ext\matrix_float2x4.hpp", "C++", 0, 0, 0, 6, 0, 0, 0, 0, 0, 0, 0, 0, 0, 0, 0, 0, 8, 5, 19
"c:\Users\nukec\Documents\GitHub\voxelstation13\build_ninja\_deps\glm-src\glm\ext\matrix_float2x4_precision.hpp", "C++", 0, 0, 0, 8, 0, 0, 0, 0, 0, 0, 0, 0, 0, 0, 0, 0, 17, 7, 32
"c:\Users\nukec\Documents\GitHub\voxelstation13\build_ninja\_deps\glm-src\glm\ext\matrix_float3x2.hpp", "C++", 0, 0, 0, 6, 0, 0, 0, 0, 0, 0, 0, 0, 0, 0, 0, 0, 8, 5, 19
"c:\Users\nukec\Documents\GitHub\voxelstation13\build_ninja\_deps\glm-src\glm\ext\matrix_float3x2_precision.hpp", "C++", 0, 0, 0, 8, 0, 0, 0, 0, 0, 0, 0, 0, 0, 0, 0, 0, 17, 7, 32
"c:\Users\nukec\Documents\GitHub\voxelstation13\build_ninja\_deps\glm-src\glm\ext\matrix_float3x3.hpp", "C++", 0, 0, 0, 7, 0, 0, 0, 0, 0, 0, 0, 0, 0, 0, 0, 0, 11, 6, 24
"c:\Users\nukec\Documents\GitHub\voxelstation13\build_ninja\_deps\glm-src\glm\ext\matrix_float3x3_precision.hpp", "C++", 0, 0, 0, 11, 0, 0, 0, 0, 0, 0, 0, 0, 0, 0, 0, 0, 29, 10, 50
"c:\Users\nukec\Documents\GitHub\voxelstation13\build_ninja\_deps\glm-src\glm\ext\matrix_float3x4.hpp", "C++", 0, 0, 0, 6, 0, 0, 0, 0, 0, 0, 0, 0, 0, 0, 0, 0, 8, 5, 19
"c:\Users\nukec\Documents\GitHub\voxelstation13\build_ninja\_deps\glm-src\glm\ext\matrix_float3x4_precision.hpp", "C++", 0, 0, 0, 8, 0, 0, 0, 0, 0, 0, 0, 0, 0, 0, 0, 0, 17, 7, 32
"c:\Users\nukec\Documents\GitHub\voxelstation13\build_ninja\_deps\glm-src\glm\ext\matrix_float4x2.hpp", "C++", 0, 0, 0, 6, 0, 0, 0, 0, 0, 0, 0, 0, 0, 0, 0, 0, 8, 5, 19
"c:\Users\nukec\Documents\GitHub\voxelstation13\build_ninja\_deps\glm-src\glm\ext\matrix_float4x2_precision.hpp", "C++", 0, 0, 0, 8, 0, 0, 0, 0, 0, 0, 0, 0, 0, 0, 0, 0, 17, 7, 32
"c:\Users\nukec\Documents\GitHub\voxelstation13\build_ninja\_deps\glm-src\glm\ext\matrix_float4x3.hpp", "C++", 0, 0, 0, 6, 0, 0, 0, 0, 0, 0, 0, 0, 0, 0, 0, 0, 8, 5, 19
"c:\Users\nukec\Documents\GitHub\voxelstation13\build_ninja\_deps\glm-src\glm\ext\matrix_float4x3_precision.hpp", "C++", 0, 0, 0, 8, 0, 0, 0, 0, 0, 0, 0, 0, 0, 0, 0, 0, 17, 7, 32
"c:\Users\nukec\Documents\GitHub\voxelstation13\build_ninja\_deps\glm-src\glm\ext\matrix_float4x4.hpp", "C++", 0, 0, 0, 7, 0, 0, 0, 0, 0, 0, 0, 0, 0, 0, 0, 0, 11, 6, 24
"c:\Users\nukec\Documents\GitHub\voxelstation13\build_ninja\_deps\glm-src\glm\ext\matrix_float4x4_precision.hpp", "C++", 0, 0, 0, 11, 0, 0, 0, 0, 0, 0, 0, 0, 0, 0, 0, 0, 29, 10, 50
"c:\Users\nukec\Documents\GitHub\voxelstation13\build_ninja\_deps\glm-src\glm\ext\matrix_int2x2.hpp", "C++", 0, 0, 0, 10, 0, 0, 0, 0, 0, 0, 0, 0, 0, 0, 0, 0, 21, 8, 39
"c:\Users\nukec\Documents\GitHub\voxelstation13\build_ninja\_deps\glm-src\glm\ext\matrix_int2x2_sized.hpp", "C++", 0, 0, 0, 17, 0, 0, 0, 0, 0, 0, 0, 0, 0, 0, 0, 0, 39, 15, 71
"c:\Users\nukec\Documents\GitHub\voxelstation13\build_ninja\_deps\glm-src\glm\ext\matrix_int2x3.hpp", "C++", 0, 0, 0, 9, 0, 0, 0, 0, 0, 0, 0, 0, 0, 0, 0, 0, 18, 7, 34
"c:\Users\nukec\Documents\GitHub\voxelstation13\build_ninja\_deps\glm-src\glm\ext\matrix_int2x3_sized.hpp", "C++", 0, 0, 0, 13, 0, 0, 0, 0, 0, 0, 0, 0, 0, 0, 0, 0, 27, 10, 50
"c:\Users\nukec\Documents\GitHub\voxelstation13\build_ninja\_deps\glm-src\glm\ext\matrix_int2x4.hpp", "C++", 0, 0, 0, 9, 0, 0, 0, 0, 0, 0, 0, 0, 0, 0, 0, 0, 18, 7, 34
"c:\Users\nukec\Documents\GitHub\voxelstation13\build_ninja\_deps\glm-src\glm\ext\matrix_int2x4_sized.hpp", "C++", 0, 0, 0, 13, 0, 0, 0, 0, 0, 0, 0, 0, 0, 0, 0, 0, 27, 10, 50
"c:\Users\nukec\Documents\GitHub\voxelstation13\build_ninja\_deps\glm-src\glm\ext\matrix_int3x2.hpp", "C++", 0, 0, 0, 9, 0, 0, 0, 0, 0, 0, 0, 0, 0, 0, 0, 0, 18, 7, 34
"c:\Users\nukec\Documents\GitHub\voxelstation13\build_ninja\_deps\glm-src\glm\ext\matrix_int3x2_sized.hpp", "C++", 0, 0, 0, 13, 0, 0, 0, 0, 0, 0, 0, 0, 0, 0, 0, 0, 27, 10, 50
"c:\Users\nukec\Documents\GitHub\voxelstation13\build_ninja\_deps\glm-src\glm\ext\matrix_int3x3.hpp", "C++", 0, 0, 0, 10, 0, 0, 0, 0, 0, 0, 0, 0, 0, 0, 0, 0, 21, 8, 39
"c:\Users\nukec\Documents\GitHub\voxelstation13\build_ninja\_deps\glm-src\glm\ext\matrix_int3x3_sized.hpp", "C++", 0, 0, 0, 17, 0, 0, 0, 0, 0, 0, 0, 0, 0, 0, 0, 0, 39, 15, 71
"c:\Users\nukec\Documents\GitHub\voxelstation13\build_ninja\_deps\glm-src\glm\ext\matrix_int3x4.hpp", "C++", 0, 0, 0, 9, 0, 0, 0, 0, 0, 0, 0, 0, 0, 0, 0, 0, 18, 7, 34
"c:\Users\nukec\Documents\GitHub\voxelstation13\build_ninja\_deps\glm-src\glm\ext\matrix_int3x4_sized.hpp", "C++", 0, 0, 0, 13, 0, 0, 0, 0, 0, 0, 0, 0, 0, 0, 0, 0, 27, 10, 50
"c:\Users\nukec\Documents\GitHub\voxelstation13\build_ninja\_deps\glm-src\glm\ext\matrix_int4x2.hpp", "C++", 0, 0, 0, 9, 0, 0, 0, 0, 0, 0, 0, 0, 0, 0, 0, 0, 18, 7, 34
"c:\Users\nukec\Documents\GitHub\voxelstation13\build_ninja\_deps\glm-src\glm\ext\matrix_int4x2_sized.hpp", "C++", 0, 0, 0, 13, 0, 0, 0, 0, 0, 0, 0, 0, 0, 0, 0, 0, 27, 10, 50
"c:\Users\nukec\Documents\GitHub\voxelstation13\build_ninja\_deps\glm-src\glm\ext\matrix_int4x3.hpp", "C++", 0, 0, 0, 9, 0, 0, 0, 0, 0, 0, 0, 0, 0, 0, 0, 0, 18, 7, 34
"c:\Users\nukec\Documents\GitHub\voxelstation13\build_ninja\_deps\glm-src\glm\ext\matrix_int4x3_sized.hpp", "C++", 0, 0, 0, 13, 0, 0, 0, 0, 0, 0, 0, 0, 0, 0, 0, 0, 27, 10, 50
"c:\Users\nukec\Documents\GitHub\voxelstation13\build_ninja\_deps\glm-src\glm\ext\matrix_int4x4.hpp", "C++", 0, 0, 0, 10, 0, 0, 0, 0, 0, 0, 0, 0, 0, 0, 0, 0, 21, 8, 39
"c:\Users\nukec\Documents\GitHub\voxelstation13\build_ninja\_deps\glm-src\glm\ext\matrix_int4x4_sized.hpp", "C++", 0, 0, 0, 17, 0, 0, 0, 0, 0, 0, 0, 0, 0, 0, 0, 0, 39, 15, 71
"c:\Users\nukec\Documents\GitHub\voxelstation13\build_ninja\_deps\glm-src\glm\ext\matrix_integer.hpp", "C++", 0, 0, 0, 20, 0, 0, 0, 0, 0, 0, 0, 0, 0, 0, 0, 0, 61, 11, 92
"c:\Users\nukec\Documents\GitHub\voxelstation13\build_ninja\_deps\glm-src\glm\ext\matrix_integer.inl", "C++", 0, 0, 0, 34, 0, 0, 0, 0, 0, 0, 0, 0, 0, 0, 0, 0, 0, 5, 39
"c:\Users\nukec\Documents\GitHub\voxelstation13\build_ninja\_deps\glm-src\glm\ext\matrix_projection.hpp", "C++", 0, 0, 0, 33, 0, 0, 0, 0, 0, 0, 0, 0, 0, 0, 0, 0, 103, 14, 150
"c:\Users\nukec\Documents\GitHub\voxelstation13\build_ninja\_deps\glm-src\glm\ext\matrix_projection.inl", "C++", 0, 0, 0, 85, 0, 0, 0, 0, 0, 0, 0, 0, 0, 0, 0, 0, 1, 21, 107
"c:\Users\nukec\Documents\GitHub\voxelstation13\build_ninja\_deps\glm-src\glm\ext\matrix_relational.hpp", "C++", 0, 0, 0, 29, 0, 0, 0, 0, 0, 0, 0, 0, 0, 0, 0, 0, 87, 17, 133
"c:\Users\nukec\Documents\GitHub\voxelstation13\build_ninja\_deps\glm-src\glm\ext\matrix_relational.inl", "C++", 0, 0, 0, 73, 0, 0, 0, 0, 0, 0, 0, 0, 0, 0, 0, 0, 3, 13, 89
"c:\Users\nukec\Documents\GitHub\voxelstation13\build_ninja\_deps\glm-src\glm\ext\matrix_transform.hpp", "C++", 0, 0, 0, 35, 0, 0, 0, 0, 0, 0, 0, 0, 0, 0, 0, 0, 122, 15, 172
"c:\Users\nukec\Documents\GitHub\voxelstation13\build_ninja\_deps\glm-src\glm\ext\matrix_transform.inl", "C++", 0, 0, 0, 180, 0, 0, 0, 0, 0, 0, 0, 0, 0, 0, 0, 0, 0, 28, 208
"c:\Users\nukec\Documents\GitHub\voxelstation13\build_ninja\_deps\glm-src\glm\ext\matrix_uint2x2.hpp", "C++", 0, 0, 0, 10, 0, 0, 0, 0, 0, 0, 0, 0, 0, 0, 0, 0, 21, 8, 39
"c:\Users\nukec\Documents\GitHub\voxelstation13\build_ninja\_deps\glm-src\glm\ext\matrix_uint2x2_sized.hpp", "C++", 0, 0, 0, 17, 0, 0, 0, 0, 0, 0, 0, 0, 0, 0, 0, 0, 39, 15, 71
"c:\Users\nukec\Documents\GitHub\voxelstation13\build_ninja\_deps\glm-src\glm\ext\matrix_uint2x3.hpp", "C++", 0, 0, 0, 9, 0, 0, 0, 0, 0, 0, 0, 0, 0, 0, 0, 0, 18, 7, 34
"c:\Users\nukec\Documents\GitHub\voxelstation13\build_ninja\_deps\glm-src\glm\ext\matrix_uint2x3_sized.hpp", "C++", 0, 0, 0, 13, 0, 0, 0, 0, 0, 0, 0, 0, 0, 0, 0, 0, 27, 10, 50
"c:\Users\nukec\Documents\GitHub\voxelstation13\build_ninja\_deps\glm-src\glm\ext\matrix_uint2x4.hpp", "C++", 0, 0, 0, 9, 0, 0, 0, 0, 0, 0, 0, 0, 0, 0, 0, 0, 18, 7, 34
"c:\Users\nukec\Documents\GitHub\voxelstation13\build_ninja\_deps\glm-src\glm\ext\matrix_uint2x4_sized.hpp", "C++", 0, 0, 0, 13, 0, 0, 0, 0, 0, 0, 0, 0, 0, 0, 0, 0, 27, 10, 50
"c:\Users\nukec\Documents\GitHub\voxelstation13\build_ninja\_deps\glm-src\glm\ext\matrix_uint3x2.hpp", "C++", 0, 0, 0, 9, 0, 0, 0, 0, 0, 0, 0, 0, 0, 0, 0, 0, 18, 7, 34
"c:\Users\nukec\Documents\GitHub\voxelstation13\build_ninja\_deps\glm-src\glm\ext\matrix_uint3x2_sized.hpp", "C++", 0, 0, 0, 13, 0, 0, 0, 0, 0, 0, 0, 0, 0, 0, 0, 0, 27, 10, 50
"c:\Users\nukec\Documents\GitHub\voxelstation13\build_ninja\_deps\glm-src\glm\ext\matrix_uint3x3.hpp", "C++", 0, 0, 0, 10, 0, 0, 0, 0, 0, 0, 0, 0, 0, 0, 0, 0, 21, 8, 39
"c:\Users\nukec\Documents\GitHub\voxelstation13\build_ninja\_deps\glm-src\glm\ext\matrix_uint3x3_sized.hpp", "C++", 0, 0, 0, 17, 0, 0, 0, 0, 0, 0, 0, 0, 0, 0, 0, 0, 39, 15, 71
"c:\Users\nukec\Documents\GitHub\voxelstation13\build_ninja\_deps\glm-src\glm\ext\matrix_uint3x4.hpp", "C++", 0, 0, 0, 9, 0, 0, 0, 0, 0, 0, 0, 0, 0, 0, 0, 0, 18, 7, 34
"c:\Users\nukec\Documents\GitHub\voxelstation13\build_ninja\_deps\glm-src\glm\ext\matrix_uint3x4_sized.hpp", "C++", 0, 0, 0, 13, 0, 0, 0, 0, 0, 0, 0, 0, 0, 0, 0, 0, 27, 10, 50
"c:\Users\nukec\Documents\GitHub\voxelstation13\build_ninja\_deps\glm-src\glm\ext\matrix_uint4x2.hpp", "C++", 0, 0, 0, 9, 0, 0, 0, 0, 0, 0, 0, 0, 0, 0, 0, 0, 18, 7, 34
"c:\Users\nukec\Documents\GitHub\voxelstation13\build_ninja\_deps\glm-src\glm\ext\matrix_uint4x2_sized.hpp", "C++", 0, 0, 0, 13, 0, 0, 0, 0, 0, 0, 0, 0, 0, 0, 0, 0, 27, 10, 50
"c:\Users\nukec\Documents\GitHub\voxelstation13\build_ninja\_deps\glm-src\glm\ext\matrix_uint4x3.hpp", "C++", 0, 0, 0, 9, 0, 0, 0, 0, 0, 0, 0, 0, 0, 0, 0, 0, 18, 7, 34
"c:\Users\nukec\Documents\GitHub\voxelstation13\build_ninja\_deps\glm-src\glm\ext\matrix_uint4x3_sized.hpp", "C++", 0, 0, 0, 13, 0, 0, 0, 0, 0, 0, 0, 0, 0, 0, 0, 0, 27, 10, 50
"c:\Users\nukec\Documents\GitHub\voxelstation13\build_ninja\_deps\glm-src\glm\ext\matrix_uint4x4.hpp", "C++", 0, 0, 0, 10, 0, 0, 0, 0, 0, 0, 0, 0, 0, 0, 0, 0, 21, 8, 39
"c:\Users\nukec\Documents\GitHub\voxelstation13\build_ninja\_deps\glm-src\glm\ext\matrix_uint4x4_sized.hpp", "C++", 0, 0, 0, 17, 0, 0, 0, 0, 0, 0, 0, 0, 0, 0, 0, 0, 39, 15, 71
"c:\Users\nukec\Documents\GitHub\voxelstation13\build_ninja\_deps\glm-src\glm\ext\quaternion_common.hpp", "C++", 0, 0, 0, 30, 0, 0, 0, 0, 0, 0, 0, 0, 0, 0, 0, 0, 91, 15, 136
"c:\Users\nukec\Documents\GitHub\voxelstation13\build_ninja\_deps\glm-src\glm\ext\quaternion_common.inl", "C++", 0, 0, 0, 107, 0, 0, 0, 0, 0, 0, 0, 0, 0, 0, 0, 0, 14, 24, 145
"c:\Users\nukec\Documents\GitHub\voxelstation13\build_ninja\_deps\glm-src\glm\ext\quaternion_common_simd.inl", "C++", 0, 0, 0, 15, 0, 0, 0, 0, 0, 0, 0, 0, 0, 0, 0, 0, 0, 4, 19
"c:\Users\nukec\Documents\GitHub\voxelstation13\build_ninja\_deps\glm-src\glm\ext\quaternion_double.hpp", "C++", 0, 0, 0, 9, 0, 0, 0, 0, 0, 0, 0, 0, 0, 0, 0, 0, 23, 8, 40
"c:\Users\nukec\Documents\GitHub\voxelstation13\build_ninja\_deps\glm-src\glm\ext\quaternion_double_precision.hpp", "C++", 0, 0, 0, 11, 0, 0, 0, 0, 0, 0, 0, 0, 0, 0, 0, 0, 22, 10, 43
"c:\Users\nukec\Documents\GitHub\voxelstation13\build_ninja\_deps\glm-src\glm\ext\quaternion_exponential.hpp", "C++", 0, 0, 0, 20, 0, 0, 0, 0, 0, 0, 0, 0, 0, 0, 0, 0, 33, 11, 64
"c:\Users\nukec\Documents\GitHub\voxelstation13\build_ninja\_deps\glm-src\glm\ext\quaternion_exponential.inl", "C++", 0, 0, 0, 64, 0, 0, 0, 0, 0, 0, 0, 0, 0, 0, 0, 0, 12, 14, 90
"c:\Users\nukec\Documents\GitHub\voxelstation13\build_ninja\_deps\glm-src\glm\ext\quaternion_float.hpp", "C++", 0, 0, 0, 9, 0, 0, 0, 0, 0, 0, 0, 0, 0, 0, 0, 0, 23, 8, 40
"c:\Users\nukec\Documents\GitHub\voxelstation13\build_ninja\_deps\glm-src\glm\ext\quaternion_float_precision.hpp", "C++", 0, 0, 0, 11, 0, 0, 0, 0, 0, 0, 0, 0, 0, 0, 0, 0, 16, 10, 37
"c:\Users\nukec\Documents\GitHub\voxelstation13\build_ninja\_deps\glm-src\glm\ext\quaternion_geometric.hpp", "C++", 0, 0, 0, 19, 0, 0, 0, 0, 0, 0, 0, 0, 0, 0, 0, 0, 41, 11, 71
"c:\Users\nukec\Documents\GitHub\voxelstation13\build_ninja\_deps\glm-src\glm\ext\quaternion_geometric.inl", "C++", 0, 0, 0, 32, 0, 0, 0, 0, 0, 0, 0, 0, 0, 0, 0, 0, 0, 5, 37
"c:\Users\nukec\Documents\GitHub\voxelstation13\build_ninja\_deps\glm-src\glm\ext\quaternion_relational.hpp", "C++", 0, 0, 0, 17, 0, 0, 0, 0, 0, 0, 0, 0, 0, 0, 0, 0, 35, 11, 63
"c:\Users\nukec\Documents\GitHub\voxelstation13\build_ninja\_deps\glm-src\glm\ext\quaternion_relational.inl", "C++", 0, 0, 0, 31, 0, 0, 0, 0, 0, 0, 0, 0, 0, 0, 0, 0, 0, 5, 36
"c:\Users\nukec\Documents\GitHub\voxelstation13\build_ninja\_deps\glm-src\glm\ext\quaternion_transform.hpp", "C++", 0, 0, 0, 13, 0, 0, 0, 0, 0, 0, 0, 0, 0, 0, 0, 0, 28, 7, 48
"c:\Users\nukec\Documents\GitHub\voxelstation13\build_ninja\_deps\glm-src\glm\ext\quaternion_transform.inl", "C++", 0, 0, 0, 19, 0, 0, 0, 0, 0, 0, 0, 0, 0, 0, 0, 0, 1, 5, 25
"c:\Users\nukec\Documents\GitHub\voxelstation13\build_ninja\_deps\glm-src\glm\ext\quaternion_trigonometric.hpp", "C++", 0, 0, 0, 19, 0, 0, 0, 0, 0, 0, 0, 0, 0, 0, 0, 0, 37, 10, 66
"c:\Users\nukec\Documents\GitHub\voxelstation13\build_ninja\_deps\glm-src\glm\ext\quaternion_trigonometric.inl", "C++", 0, 0, 0, 32, 0, 0, 0, 0, 0, 0, 0, 0, 0, 0, 0, 0, 0, 6, 38
"c:\Users\nukec\Documents\GitHub\voxelstation13\build_ninja\_deps\glm-src\glm\ext\scalar_common.hpp", "C++", 0, 0, 0, 43, 0, 0, 0, 0, 0, 0, 0, 0, 0, 0, 0, 0, 115, 24, 182
"c:\Users\nukec\Documents\GitHub\voxelstation13\build_ninja\_deps\glm-src\glm\ext\scalar_common.inl", "C++", 0, 0, 0, 144, 0, 0, 0, 0, 0, 0, 0, 0, 0, 0, 0, 0, 1, 26, 171
"c:\Users\nukec\Documents\GitHub\voxelstation13\build_ninja\_deps\glm-src\glm\ext\scalar_constants.hpp", "C++", 0, 0, 0, 15, 0, 0, 0, 0, 0, 0, 0, 0, 0, 0, 0, 0, 16, 10, 41
"c:\Users\nukec\Documents\GitHub\voxelstation13\build_ninja\_deps\glm-src\glm\ext\scalar_constants.inl", "C++", 0, 0, 0, 21, 0, 0, 0, 0, 0, 0, 0, 0, 0, 0, 0, 0, 0, 4, 25
"c:\Users\nukec\Documents\GitHub\voxelstation13\build_ninja\_deps\glm-src\glm\ext\scalar_int_sized.hpp", "C++", 0, 0, 0, 38, 0, 0, 0, 0, 0, 0, 0, 0, 0, 0, 0, 0, 18, 15, 71
"c:\Users\nukec\Documents\GitHub\voxelstation13\build_ninja\_deps\glm-src\glm\ext\scalar_integer.hpp", "C++", 0, 0, 0, 29, 0, 0, 0, 0, 0, 0, 0, 0, 0, 0, 0, 0, 50, 14, 93
"c:\Users\nukec\Documents\GitHub\voxelstation13\build_ninja\_deps\glm-src\glm\ext\scalar_integer.inl", "C++", 0, 0, 0, 208, 0, 0, 0, 0, 0, 0, 0, 0, 0, 0, 0, 0, 0, 36, 244
"c:\Users\nukec\Documents\GitHub\voxelstation13\build_ninja\_deps\glm-src\glm\ext\scalar_packing.hpp", "C++", 0, 0, 0, 9, 0, 0, 0, 0, 0, 0, 0, 0, 0, 0, 0, 0, 16, 8, 33
"c:\Users\nukec\Documents\GitHub\voxelstation13\build_ninja\_deps\glm-src\glm\ext\scalar_packing.inl", "C++", 0, 0, 0, 0, 0, 0, 0, 0, 0, 0, 0, 0, 0, 0, 0, 0, 0, 1, 1
"c:\Users\nukec\Documents\GitHub\voxelstation13\build_ninja\_deps\glm-src\glm\ext\scalar_reciprocal.hpp", "C++", 0, 0, 0, 33, 0, 0, 0, 0, 0, 0, 0, 0, 0, 0, 0, 0, 84, 19, 136
"c:\Users\nukec\Documents\GitHub\voxelstation13\build_ninja\_deps\glm-src\glm\ext\scalar_reciprocal.inl", "C++", 0, 0, 0, 79, 0, 0, 0, 0, 0, 0, 0, 0, 0, 0, 0, 0, 13, 16, 108
"c:\Users\nukec\Documents\GitHub\voxelstation13\build_ninja\_deps\glm-src\glm\ext\scalar_relational.hpp", "C++", 0, 0, 0, 17, 0, 0, 0, 0, 0, 0, 0, 0, 0, 0, 0, 0, 41, 11, 69
"c:\Users\nukec\Documents\GitHub\voxelstation13\build_ninja\_deps\glm-src\glm\ext\scalar_relational.inl", "C++", 0, 0, 0, 32, 0, 0, 0, 0, 0, 0, 0, 0, 0, 0, 0, 0, 2, 7, 41
"c:\Users\nukec\Documents\GitHub\voxelstation13\build_ninja\_deps\glm-src\glm\ext\scalar_uint_sized.hpp", "C++", 0, 0, 0, 38, 0, 0, 0, 0, 0, 0, 0, 0, 0, 0, 0, 0, 18, 15, 71
"c:\Users\nukec\Documents\GitHub\voxelstation13\build_ninja\_deps\glm-src\glm\ext\scalar_ulp.hpp", "C++", 0, 0, 0, 21, 0, 0, 0, 0, 0, 0, 0, 0, 0, 0, 0, 0, 44, 13, 78
"c:\Users\nukec\Documents\GitHub\voxelstation13\build_ninja\_deps\glm-src\glm\ext\scalar_ulp.inl", "C++", 0, 0, 0, 257, 0, 0, 0, 0, 0, 0, 0, 0, 0, 0, 0, 0, 7, 28, 292
"c:\Users\nukec\Documents\GitHub\voxelstation13\build_ninja\_deps\glm-src\glm\ext\vector_bool1.hpp", "C++", 0, 0, 0, 9, 0, 0, 0, 0, 0, 0, 0, 0, 0, 0, 0, 0, 15, 7, 31
"c:\Users\nukec\Documents\GitHub\voxelstation13\build_ninja\_deps\glm-src\glm\ext\vector_bool1_precision.hpp", "C++", 0, 0, 0, 11, 0, 0, 0, 0, 0, 0, 0, 0, 0, 0, 0, 0, 15, 9, 35
"c:\Users\nukec\Documents\GitHub\voxelstation13\build_ninja\_deps\glm-src\glm\ext\vector_bool2.hpp", "C++", 0, 0, 0, 6, 0, 0, 0, 0, 0, 0, 0, 0, 0, 0, 0, 0, 8, 5, 19
"c:\Users\nukec\Documents\GitHub\voxelstation13\build_ninja\_deps\glm-src\glm\ext\vector_bool2_precision.hpp", "C++", 0, 0, 0, 8, 0, 0, 0, 0, 0, 0, 0, 0, 0, 0, 0, 0, 17, 7, 32
"c:\Users\nukec\Documents\GitHub\voxelstation13\build_ninja\_deps\glm-src\glm\ext\vector_bool3.hpp", "C++", 0, 0, 0, 6, 0, 0, 0, 0, 0, 0, 0, 0, 0, 0, 0, 0, 8, 5, 19
"c:\Users\nukec\Documents\GitHub\voxelstation13\build_ninja\_deps\glm-src\glm\ext\vector_bool3_precision.hpp", "C++", 0, 0, 0, 8, 0, 0, 0, 0, 0, 0, 0, 0, 0, 0, 0, 0, 17, 7, 32
"c:\Users\nukec\Documents\GitHub\voxelstation13\build_ninja\_deps\glm-src\glm\ext\vector_bool4.hpp", "C++", 0, 0, 0, 6, 0, 0, 0, 0, 0, 0, 0, 0, 0, 0, 0, 0, 8, 5, 19
"c:\Users\nukec\Documents\GitHub\voxelstation13\build_ninja\_deps\glm-src\glm\ext\vector_bool4_precision.hpp", "C++", 0, 0, 0, 8, 0, 0, 0, 0, 0, 0, 0, 0, 0, 0, 0, 0, 17, 7, 32
"c:\Users\nukec\Documents\GitHub\voxelstation13\build_ninja\_deps\glm-src\glm\ext\vector_common.hpp", "C++", 0, 0, 0, 50, 0, 0, 0, 0, 0, 0, 0, 0, 0, 0, 0, 0, 152, 27, 229
"c:\Users\nukec\Documents\GitHub\voxelstation13\build_ninja\_deps\glm-src\glm\ext\vector_common.inl", "C++", 0, 0, 0, 125, 0, 0, 0, 0, 0, 0, 0, 0, 0, 0, 0, 0, 0, 23, 148
"c:\Users\nukec\Documents\GitHub\voxelstation13\build_ninja\_deps\glm-src\glm\ext\vector_double1.hpp", "C++", 0, 0, 0, 9, 0, 0, 0, 0, 0, 0, 0, 0, 0, 0, 0, 0, 16, 7, 32
"c:\Users\nukec\Documents\GitHub\voxelstation13\build_ninja\_deps\glm-src\glm\ext\vector_double1_precision.hpp", "C++", 0, 0, 0, 11, 0, 0, 0, 0, 0, 0, 0, 0, 0, 0, 0, 0, 17, 9, 37
"c:\Users\nukec\Documents\GitHub\voxelstation13\build_ninja\_deps\glm-src\glm\ext\vector_double2.hpp", "C++", 0, 0, 0, 6, 0, 0, 0, 0, 0, 0, 0, 0, 0, 0, 0, 0, 8, 5, 19
"c:\Users\nukec\Documents\GitHub\voxelstation13\build_ninja\_deps\glm-src\glm\ext\vector_double2_precision.hpp", "C++", 0, 0, 0, 8, 0, 0, 0, 0, 0, 0, 0, 0, 0, 0, 0, 0, 17, 7, 32
"c:\Users\nukec\Documents\GitHub\voxelstation13\build_ninja\_deps\glm-src\glm\ext\vector_double3.hpp", "C++", 0, 0, 0, 6, 0, 0, 0, 0, 0, 0, 0, 0, 0, 0, 0, 0, 8, 5, 19
"c:\Users\nukec\Documents\GitHub\voxelstation13\build_ninja\_deps\glm-src\glm\ext\vector_double3_precision.hpp", "C++", 0, 0, 0, 8, 0, 0, 0, 0, 0, 0, 0, 0, 0, 0, 0, 0, 20, 7, 35
"c:\Users\nukec\Documents\GitHub\voxelstation13\build_ninja\_deps\glm-src\glm\ext\vector_double4.hpp", "C++", 0, 0, 0, 6, 0, 0, 0, 0, 0, 0, 0, 0, 0, 0, 0, 0, 8, 5, 19
"c:\Users\nukec\Documents\GitHub\voxelstation13\build_ninja\_deps\glm-src\glm\ext\vector_double4_precision.hpp", "C++", 0, 0, 0, 9, 0, 0, 0, 0, 0, 0, 0, 0, 0, 0, 0, 0, 20, 7, 36
"c:\Users\nukec\Documents\GitHub\voxelstation13\build_ninja\_deps\glm-src\glm\ext\vector_float1.hpp", "C++", 0, 0, 0, 9, 0, 0, 0, 0, 0, 0, 0, 0, 0, 0, 0, 0, 16, 7, 32
"c:\Users\nukec\Documents\GitHub\voxelstation13\build_ninja\_deps\glm-src\glm\ext\vector_float1_precision.hpp", "C++", 0, 0, 0, 11, 0, 0, 0, 0, 0, 0, 0, 0, 0, 0, 0, 0, 17, 9, 37
"c:\Users\nukec\Documents\GitHub\voxelstation13\build_ninja\_deps\glm-src\glm\ext\vector_float2.hpp", "C++", 0, 0, 0, 6, 0, 0, 0, 0, 0, 0, 0, 0, 0, 0, 0, 0, 8, 5, 19
"c:\Users\nukec\Documents\GitHub\voxelstation13\build_ninja\_deps\glm-src\glm\ext\vector_float2_precision.hpp", "C++", 0, 0, 0, 8, 0, 0, 0, 0, 0, 0, 0, 0, 0, 0, 0, 0, 17, 7, 32
"c:\Users\nukec\Documents\GitHub\voxelstation13\build_ninja\_deps\glm-src\glm\ext\vector_float3.hpp", "C++", 0, 0, 0, 6, 0, 0, 0, 0, 0, 0, 0, 0, 0, 0, 0, 0, 8, 5, 19
"c:\Users\nukec\Documents\GitHub\voxelstation13\build_ninja\_deps\glm-src\glm\ext\vector_float3_precision.hpp", "C++", 0, 0, 0, 8, 0, 0, 0, 0, 0, 0, 0, 0, 0, 0, 0, 0, 17, 7, 32
"c:\Users\nukec\Documents\GitHub\voxelstation13\build_ninja\_deps\glm-src\glm\ext\vector_float4.hpp", "C++", 0, 0, 0, 6, 0, 0, 0, 0, 0, 0, 0, 0, 0, 0, 0, 0, 8, 5, 19
"c:\Users\nukec\Documents\GitHub\voxelstation13\build_ninja\_deps\glm-src\glm\ext\vector_float4_precision.hpp", "C++", 0, 0, 0, 8, 0, 0, 0, 0, 0, 0, 0, 0, 0, 0, 0, 0, 17, 7, 32
"c:\Users\nukec\Documents\GitHub\voxelstation13\build_ninja\_deps\glm-src\glm\ext\vector_int1.hpp", "C++", 0, 0, 0, 9, 0, 0, 0, 0, 0, 0, 0, 0, 0, 0, 0, 0, 16, 8, 33
"c:\Users\nukec\Documents\GitHub\voxelstation13\build_ninja\_deps\glm-src\glm\ext\vector_int1_sized.hpp", "C++", 0, 0, 0, 13, 0, 0, 0, 0, 0, 0, 0, 0, 0, 0, 0, 0, 27, 10, 50
"c:\Users\nukec\Documents\GitHub\voxelstation13\build_ninja\_deps\glm-src\glm\ext\vector_int2.hpp", "C++", 0, 0, 0, 6, 0, 0, 0, 0, 0, 0, 0, 0, 0, 0, 0, 0, 8, 5, 19
"c:\Users\nukec\Documents\GitHub\voxelstation13\build_ninja\_deps\glm-src\glm\ext\vector_int2_sized.hpp", "C++", 0, 0, 0, 13, 0, 0, 0, 0, 0, 0, 0, 0, 0, 0, 0, 0, 27, 10, 50
"c:\Users\nukec\Documents\GitHub\voxelstation13\build_ninja\_deps\glm-src\glm\ext\vector_int3.hpp", "C++", 0, 0, 0, 6, 0, 0, 0, 0, 0, 0, 0, 0, 0, 0, 0, 0, 8, 5, 19
"c:\Users\nukec\Documents\GitHub\voxelstation13\build_ninja\_deps\glm-src\glm\ext\vector_int3_sized.hpp", "C++", 0, 0, 0, 13, 0, 0, 0, 0, 0, 0, 0, 0, 0, 0, 0, 0, 27, 10, 50
"c:\Users\nukec\Documents\GitHub\voxelstation13\build_ninja\_deps\glm-src\glm\ext\vector_int4.hpp", "C++", 0, 0, 0, 6, 0, 0, 0, 0, 0, 0, 0, 0, 0, 0, 0, 0, 8, 5, 19
"c:\Users\nukec\Documents\GitHub\voxelstation13\build_ninja\_deps\glm-src\glm\ext\vector_int4_sized.hpp", "C++", 0, 0, 0, 13, 0, 0, 0, 0, 0, 0, 0, 0, 0, 0, 0, 0, 27, 10, 50
"c:\Users\nukec\Documents\GitHub\voxelstation13\build_ninja\_deps\glm-src\glm\ext\vector_integer.hpp", "C++", 0, 0, 0, 34, 0, 0, 0, 0, 0, 0, 0, 0, 0, 0, 0, 0, 99, 17, 150
"c:\Users\nukec\Documents\GitHub\voxelstation13\build_ninja\_deps\glm-src\glm\ext\vector_integer.inl", "C++", 0, 0, 0, 65, 0, 0, 0, 0, 0, 0, 0, 0, 0, 0, 0, 0, 0, 21, 86
"c:\Users\nukec\Documents\GitHub\voxelstation13\build_ninja\_deps\glm-src\glm\ext\vector_packing.hpp", "C++", 0, 0, 0, 9, 0, 0, 0, 0, 0, 0, 0, 0, 0, 0, 0, 0, 16, 8, 33
"c:\Users\nukec\Documents\GitHub\voxelstation13\build_ninja\_deps\glm-src\glm\ext\vector_packing.inl", "C++", 0, 0, 0, 0, 0, 0, 0, 0, 0, 0, 0, 0, 0, 0, 0, 0, 0, 1, 1
"c:\Users\nukec\Documents\GitHub\voxelstation13\build_ninja\_deps\glm-src\glm\ext\vector_reciprocal.hpp", "C++", 0, 0, 0, 33, 0, 0, 0, 0, 0, 0, 0, 0, 0, 0, 0, 0, 84, 19, 136
"c:\Users\nukec\Documents\GitHub\voxelstation13\build_ninja\_deps\glm-src\glm\ext\vector_reciprocal.inl", "C++", 0, 0, 0, 79, 0, 0, 0, 0, 0, 0, 0, 0, 0, 0, 0, 0, 13, 14, 106
"c:\Users\nukec\Documents\GitHub\voxelstation13\build_ninja\_deps\glm-src\glm\ext\vector_relational.hpp", "C++", 0, 0, 0, 25, 0, 0, 0, 0, 0, 0, 0, 0, 0, 0, 0, 0, 68, 15, 108
"c:\Users\nukec\Documents\GitHub\voxelstation13\build_ninja\_deps\glm-src\glm\ext\vector_relational.inl", "C++", 0, 0, 0, 62, 0, 0, 0, 0, 0, 0, 0, 0, 0, 0, 0, 0, 3, 11, 76
"c:\Users\nukec\Documents\GitHub\voxelstation13\build_ninja\_deps\glm-src\glm\ext\vector_uint1.hpp", "C++", 0, 0, 0, 9, 0, 0, 0, 0, 0, 0, 0, 0, 0, 0, 0, 0, 16, 8, 33
"c:\Users\nukec\Documents\GitHub\voxelstation13\build_ninja\_deps\glm-src\glm\ext\vector_uint1_sized.hpp", "C++", 0, 0, 0, 13, 0, 0, 0, 0, 0, 0, 0, 0, 0, 0, 0, 0, 27, 10, 50
"c:\Users\nukec\Documents\GitHub\voxelstation13\build_ninja\_deps\glm-src\glm\ext\vector_uint2.hpp", "C++", 0, 0, 0, 6, 0, 0, 0, 0, 0, 0, 0, 0, 0, 0, 0, 0, 8, 5, 19
"c:\Users\nukec\Documents\GitHub\voxelstation13\build_ninja\_deps\glm-src\glm\ext\vector_uint2_sized.hpp", "C++", 0, 0, 0, 13, 0, 0, 0, 0, 0, 0, 0, 0, 0, 0, 0, 0, 27, 10, 50
"c:\Users\nukec\Documents\GitHub\voxelstation13\build_ninja\_deps\glm-src\glm\ext\vector_uint3.hpp", "C++", 0, 0, 0, 6, 0, 0, 0, 0, 0, 0, 0, 0, 0, 0, 0, 0, 8, 5, 19
"c:\Users\nukec\Documents\GitHub\voxelstation13\build_ninja\_deps\glm-src\glm\ext\vector_uint3_sized.hpp", "C++", 0, 0, 0, 13, 0, 0, 0, 0, 0, 0, 0, 0, 0, 0, 0, 0, 27, 10, 50
"c:\Users\nukec\Documents\GitHub\voxelstation13\build_ninja\_deps\glm-src\glm\ext\vector_uint4.hpp", "C++", 0, 0, 0, 6, 0, 0, 0, 0, 0, 0, 0, 0, 0, 0, 0, 0, 8, 5, 19
"c:\Users\nukec\Documents\GitHub\voxelstation13\build_ninja\_deps\glm-src\glm\ext\vector_uint4_sized.hpp", "C++", 0, 0, 0, 13, 0, 0, 0, 0, 0, 0, 0, 0, 0, 0, 0, 0, 27, 10, 50
"c:\Users\nukec\Documents\GitHub\voxelstation13\build_ninja\_deps\glm-src\glm\ext\vector_ulp.hpp", "C++", 0, 0, 0, 25, 0, 0, 0, 0, 0, 0, 0, 0, 0, 0, 0, 0, 73, 15, 113
"c:\Users\nukec\Documents\GitHub\voxelstation13\build_ninja\_deps\glm-src\glm\ext\vector_ulp.inl", "C++", 0, 0, 0, 67, 0, 0, 0, 0, 0, 0, 0, 0, 0, 0, 0, 0, 0, 8, 75
"c:\Users\nukec\Documents\GitHub\voxelstation13\build_ninja\_deps\glm-src\glm\fwd.hpp", "C++", 0, 0, 0, 1013, 0, 0, 0, 0, 0, 0, 0, 0, 0, 0, 0, 0, 12, 209, 1234
"c:\Users\nukec\Documents\GitHub\voxelstation13\build_ninja\_deps\glm-src\glm\geometric.hpp", "C++", 0, 0, 0, 30, 0, 0, 0, 0, 0, 0, 0, 0, 0, 0, 0, 0, 73, 14, 117
"c:\Users\nukec\Documents\GitHub\voxelstation13\build_ninja\_deps\glm-src\glm\glm.cppm", "C++", 0, 0, 0, 2652, 0, 0, 0, 0, 0, 0, 0, 0, 0, 0, 0, 0, 7, 17, 2676
"c:\Users\nukec\Documents\GitHub\voxelstation13\build_ninja\_deps\glm-src\glm\glm.hpp", "C++", 0, 0, 0, 29, 0, 0, 0, 0, 0, 0, 0, 0, 0, 0, 0, 0, 102, 7, 138
"c:\Users\nukec\Documents\GitHub\voxelstation13\build_ninja\_deps\glm-src\glm\gtc\bitfield.hpp", "C++", 0, 0, 0, 57, 0, 0, 0, 0, 0, 0, 0, 0, 0, 0, 0, 0, 170, 40, 267
"c:\Users\nukec\Documents\GitHub\voxelstation13\build_ninja\_deps\glm-src\glm\gtc\bitfield.inl", "C++", 0, 0, 0, 493, 0, 0, 0, 0, 0, 0, 0, 0, 0, 0, 0, 0, 1, 142, 636
"c:\Users\nukec\Documents\GitHub\voxelstation13\build_ninja\_deps\glm-src\glm\gtc\color_space.hpp", "C++", 0, 0, 0, 22, 0, 0, 0, 0, 0, 0, 0, 0, 0, 0, 0, 0, 24, 11, 57
"c:\Users\nukec\Documents\GitHub\voxelstation13\build_ninja\_deps\glm-src\glm\gtc\color_space.inl", "C++", 0, 0, 0, 72, 0, 0, 0, 0, 0, 0, 0, 0, 0, 0, 0, 0, 2, 11, 85
"c:\Users\nukec\Documents\GitHub\voxelstation13\build_ninja\_deps\glm-src\glm\gtc\constants.hpp", "C++", 0, 0, 0, 65, 0, 0, 0, 0, 0, 0, 0, 0, 0, 0, 0, 0, 71, 35, 171
"c:\Users\nukec\Documents\GitHub\voxelstation13\build_ninja\_deps\glm-src\glm\gtc\constants.inl", "C++", 0, 0, 0, 143, 0, 0, 0, 0, 0, 0, 0, 0, 0, 0, 0, 0, 1, 30, 174
"c:\Users\nukec\Documents\GitHub\voxelstation13\build_ninja\_deps\glm-src\glm\gtc\epsilon.hpp", "C++", 0, 0, 0, 18, 0, 0, 0, 0, 0, 0, 0, 0, 0, 0, 0, 0, 32, 11, 61
"c:\Users\nukec\Documents\GitHub\voxelstation13\build_ninja\_deps\glm-src\glm\gtc\epsilon.inl", "C++", 0, 0, 0, 67, 0, 0, 0, 0, 0, 0, 0, 0, 0, 0, 0, 0, 2, 12, 81
"c:\Users\nukec\Documents\GitHub\voxelstation13\build_ninja\_deps\glm-src\glm\gtc\integer.hpp", "C++", 0, 0, 0, 18, 0, 0, 0, 0, 0, 0, 0, 0, 0, 0, 0, 0, 18, 8, 44
"c:\Users\nukec\Documents\GitHub\voxelstation13\build_ninja\_deps\glm-src\glm\gtc\integer.inl", "C++", 0, 0, 0, 28, 0, 0, 0, 0, 0, 0, 0, 0, 0, 0, 0, 0, 3, 3, 34
"c:\Users\nukec\Documents\GitHub\voxelstation13\build_ninja\_deps\glm-src\glm\gtc\matrix_access.hpp", "C++", 0, 0, 0, 27, 0, 0, 0, 0, 0, 0, 0, 0, 0, 0, 0, 0, 23, 11, 61
"c:\Users\nukec\Documents\GitHub\voxelstation13\build_ninja\_deps\glm-src\glm\gtc\matrix_access.inl", "C++", 0, 0, 0, 53, 0, 0, 0, 0, 0, 0, 0, 0, 0, 0, 0, 0, 1, 9, 63
"c:\Users\nukec\Documents\GitHub\voxelstation13\build_ninja\_deps\glm-src\glm\gtc\matrix_integer.hpp", "C++", 0, 0, 0, 112, 0, 0, 0, 0, 0, 0, 0, 0, 0, 0, 0, 0, 207, 115, 434
"c:\Users\nukec\Documents\GitHub\voxelstation13\build_ninja\_deps\glm-src\glm\gtc\matrix_inverse.hpp", "C++", 0, 0, 0, 17, 0, 0, 0, 0, 0, 0, 0, 0, 0, 0, 0, 0, 25, 9, 51
"c:\Users\nukec\Documents\GitHub\voxelstation13\build_ninja\_deps\glm-src\glm\gtc\matrix_inverse.inl", "C++", 0, 0, 0, 99, 0, 0, 0, 0, 0, 0, 0, 0, 0, 0, 0, 0, 1, 19, 119
"c:\Users\nukec\Documents\GitHub\voxelstation13\build_ninja\_deps\glm-src\glm\gtc\matrix_transform.hpp", "C++", 0, 0, 0, 12, 0, 0, 0, 0, 0, 0, 0, 0, 0, 0, 0, 0, 20, 5, 37
"c:\Users\nukec\Documents\GitHub\voxelstation13\build_ninja\_deps\glm-src\glm\gtc\matrix_transform.inl", "C++", 0, 0, 0, 3, 0, 0, 0, 0, 0, 0, 0, 0, 0, 0, 0, 0, 0, 1, 4
"c:\Users\nukec\Documents\GitHub\voxelstation13\build_ninja\_deps\glm-src\glm\gtc\noise.hpp", "C++", 0, 0, 0, 27, 0, 0, 0, 0, 0, 0, 0, 0, 0, 0, 0, 0, 25, 10, 62
"c:\Users\nukec\Documents\GitHub\voxelstation13\build_ninja\_deps\glm-src\glm\gtc\noise.inl", "C++", 0, 0, 0, 582, 0, 0, 0, 0, 0, 0, 0, 0, 0, 0, 0, 0, 133, 93, 808
"c:\Users\nukec\Documents\GitHub\voxelstation13\build_ninja\_deps\glm-src\glm\gtc\packing.hpp", "C++", 0, 0, 0, 88, 0, 0, 0, 0, 0, 0, 0, 0, 0, 0, 0, 0, 561, 80, 729
"c:\Users\nukec\Documents\GitHub\voxelstation13\build_ninja\_deps\glm-src\glm\gtc\packing.inl", "C++", 0, 0, 0, 763, 0, 0, 0, 0, 0, 0, 0, 0, 0, 0, 0, 0, 61, 128, 952
"c:\Users\nukec\Documents\GitHub\voxelstation13\build_ninja\_deps\glm-src\glm\gtc\quaternion.hpp", "C++", 0, 0, 0, 60, 0, 0, 0, 0, 0, 0, 0, 0, 0, 0, 0, 0, 93, 21, 174
"c:\Users\nukec\Documents\GitHub\voxelstation13\build_ninja\_deps\glm-src\glm\gtc\quaternion.inl", "C++", 0, 0, 0, 175, 0, 0, 0, 0, 0, 0, 0, 0, 0, 0, 0, 0, 1, 33, 209
"c:\Users\nukec\Documents\GitHub\voxelstation13\build_ninja\_deps\glm-src\glm\gtc\quaternion_simd.inl", "C++", 0, 0, 0, 0, 0, 0, 0, 0, 0, 0, 0, 0, 0, 0, 0, 0, 0, 1, 1
"c:\Users\nukec\Documents\GitHub\voxelstation13\build_ninja\_deps\glm-src\glm\gtc\random.hpp", "C++", 0, 0, 0, 25, 0, 0, 0, 0, 0, 0, 0, 0, 0, 0, 0, 0, 44, 14, 83
"c:\Users\nukec\Documents\GitHub\voxelstation13\build_ninja\_deps\glm-src\glm\gtc\random.inl", "C++", 0, 0, 0, 262, 0, 0, 0, 0, 0, 0, 0, 0, 0, 0, 0, 0, 0, 42, 304
"c:\Users\nukec\Documents\GitHub\voxelstation13\build_ninja\_deps\glm-src\glm\gtc\reciprocal.hpp", "C++", 0, 0, 0, 7, 0, 0, 0, 0, 0, 0, 0, 0, 0, 0, 0, 0, 12, 6, 25
"c:\Users\nukec\Documents\GitHub\voxelstation13\build_ninja\_deps\glm-src\glm\gtc\round.hpp", "C++", 0, 0, 0, 38, 0, 0, 0, 0, 0, 0, 0, 0, 0, 0, 0, 0, 104, 19, 161
"c:\Users\nukec\Documents\GitHub\voxelstation13\build_ninja\_deps\glm-src\glm\gtc\round.inl", "C++", 0, 0, 0, 118, 0, 0, 0, 0, 0, 0, 0, 0, 0, 0, 0, 0, 13, 25, 156
"c:\Users\nukec\Documents\GitHub\voxelstation13\build_ninja\_deps\glm-src\glm\gtc\type_aligned.hpp", "C++", 0, 0, 0, 547, 0, 0, 0, 0, 0, 0, 0, 0, 0, 0, 0, 0, 384, 385, 1316
"c:\Users\nukec\Documents\GitHub\voxelstation13\build_ninja\_deps\glm-src\glm\gtc\type_precision.hpp", "C++", 0, 0, 0, 514, 0, 0, 0, 0, 0, 0, 0, 0, 0, 0, 0, 0, 1018, 563, 2095
"c:\Users\nukec\Documents\GitHub\voxelstation13\build_ninja\_deps\glm-src\glm\gtc\type_precision.inl", "C++", 0, 0, 0, 3, 0, 0, 0, 0, 0, 0, 0, 0, 0, 0, 0, 0, 1, 3, 7
"c:\Users\nukec\Documents\GitHub\voxelstation13\build_ninja\_deps\glm-src\glm\gtc\type_ptr.hpp", "C++", 0, 0, 0, 89, 0, 0, 0, 0, 0, 0, 0, 0, 0, 0, 0, 0, 102, 40, 231
"c:\Users\nukec\Documents\GitHub\voxelstation13\build_ninja\_deps\glm-src\glm\gtc\type_ptr.inl", "C++", 0, 0, 0, 320, 0, 0, 0, 0, 0, 0, 0, 0, 0, 0, 0, 0, 4, 63, 387
"c:\Users\nukec\Documents\GitHub\voxelstation13\build_ninja\_deps\glm-src\glm\gtc\ulp.hpp", "C++", 0, 0, 0, 38, 0, 0, 0, 0, 0, 0, 0, 0, 0, 0, 0, 0, 97, 21, 156
"c:\Users\nukec\Documents\GitHub\voxelstation13\build_ninja\_deps\glm-src\glm\gtc\ulp.inl", "C++", 0, 0, 0, 150, 0, 0, 0, 0, 0, 0, 0, 0, 0, 0, 0, 0, 1, 23, 174
"c:\Users\nukec\Documents\GitHub\voxelstation13\build_ninja\_deps\glm-src\glm\gtc\vec1.hpp", "C++", 0, 0, 0, 14, 0, 0, 0, 0, 0, 0, 0, 0, 0, 0, 0, 0, 12, 5, 31
"c:\Users\nukec\Documents\GitHub\voxelstation13\build_ninja\_deps\glm-src\glm\gtx\associated_min_max.hpp", "C++", 0, 0, 0, 117, 0, 0, 0, 0, 0, 0, 0, 0, 0, 0, 0, 0, 60, 29, 206
"c:\Users\nukec\Documents\GitHub\voxelstation13\build_ninja\_deps\glm-src\glm\gtx\associated_min_max.inl", "C++", 0, 0, 0, 310, 0, 0, 0, 0, 0, 0, 0, 0, 0, 0, 0, 0, 19, 26, 355
"c:\Users\nukec\Documents\GitHub\voxelstation13\build_ninja\_deps\glm-src\glm\gtx\bit.hpp", "C++", 0, 0, 0, 29, 0, 0, 0, 0, 0, 0, 0, 0, 0, 0, 0, 0, 50, 18, 97
"c:\Users\nukec\Documents\GitHub\voxelstation13\build_ninja\_deps\glm-src\glm\gtx\bit.inl", "C++", 0, 0, 0, 64, 0, 0, 0, 0, 0, 0, 0, 0, 0, 0, 0, 0, 11, 18, 93
"c:\Users\nukec\Documents\GitHub\voxelstation13\build_ninja\_deps\glm-src\glm\gtx\closest_point.hpp", "C++", 0, 0, 0, 21, 0, 0, 0, 0, 0, 0, 0, 0, 0, 0, 0, 0, 18, 9, 48
"c:\Users\nukec\Documents\GitHub\voxelstation13\build_ninja\_deps\glm-src\glm\gtx\closest_point.inl", "C++", 0, 0, 0, 35, 0, 0, 0, 0, 0, 0, 0, 0, 0, 0, 0, 0, 3, 8, 46
"c:\Users\nukec\Documents\GitHub\voxelstation13\build_ninja\_deps\glm-src\glm\gtx\color_encoding.hpp", "C++", 0, 0, 0, 22, 0, 0, 0, 0, 0, 0, 0, 0, 0, 0, 0, 0, 20, 11, 53
"c:\Users\nukec\Documents\GitHub\voxelstation13\build_ninja\_deps\glm-src\glm\gtx\color_encoding.inl", "C++", 0, 0, 0, 35, 0, 0, 0, 0, 0, 0, 0, 0, 0, 0, 0, 0, 1, 10, 46
"c:\Users\nukec\Documents\GitHub\voxelstation13\build_ninja\_deps\glm-src\glm\gtx\color_space.hpp", "C++", 0, 0, 0, 31, 0, 0, 0, 0, 0, 0, 0, 0, 0, 0, 0, 0, 27, 13, 71
"c:\Users\nukec\Documents\GitHub\voxelstation13\build_ninja\_deps\glm-src\glm\gtx\color_space.inl", "C++", 0, 0, 0, 119, 0, 0, 0, 0, 0, 0, 0, 0, 0, 0, 0, 0, 7, 19, 145
"c:\Users\nukec\Documents\GitHub\voxelstation13\build_ninja\_deps\glm-src\glm\gtx\color_space_YCoCg.hpp", "C++", 0, 0, 0, 23, 0, 0, 0, 0, 0, 0, 0, 0, 0, 0, 0, 0, 25, 11, 59
"c:\Users\nukec\Documents\GitHub\voxelstation13\build_ninja\_deps\glm-src\glm\gtx\color_space_YCoCg.inl", "C++", 0, 0, 0, 98, 0, 0, 0, 0, 0, 0, 0, 0, 0, 0, 0, 0, 1, 9, 108
"c:\Users\nukec\Documents\GitHub\voxelstation13\build_ninja\_deps\glm-src\glm\gtx\common.hpp", "C++", 0, 0, 0, 22, 0, 0, 0, 0, 0, 0, 0, 0, 0, 0, 0, 0, 42, 11, 75
"c:\Users\nukec\Documents\GitHub\voxelstation13\build_ninja\_deps\glm-src\glm\gtx\common.inl", "C++", 0, 0, 0, 105, 0, 0, 0, 0, 0, 0, 0, 0, 0, 0, 0, 0, 2, 19, 126
"c:\Users\nukec\Documents\GitHub\voxelstation13\build_ninja\_deps\glm-src\glm\gtx\compatibility.hpp", "C++", 0, 0, 0, 96, 0, 0, 0, 0, 0, 0, 0, 0, 0, 0, 0, 0, 15, 21, 132
"c:\Users\nukec\Documents\GitHub\voxelstation13\build_ninja\_deps\glm-src\glm\gtx\compatibility.inl", "C++", 0, 0, 0, 55, 0, 0, 0, 0, 0, 0, 0, 0, 0, 0, 0, 0, 1, 7, 63
"c:\Users\nukec\Documents\GitHub\voxelstation13\build_ninja\_deps\glm-src\glm\gtx\component_wise.hpp", "C++", 0, 0, 0, 28, 0, 0, 0, 0, 0, 0, 0, 0, 0, 0, 0, 0, 35, 15, 78
"c:\Users\nukec\Documents\GitHub\voxelstation13\build_ninja\_deps\glm-src\glm\gtx\component_wise.inl", "C++", 0, 0, 0, 127, 0, 0, 0, 0, 0, 0, 0, 0, 0, 0, 0, 0, 1, 20, 148
"c:\Users\nukec\Documents\GitHub\voxelstation13\build_ninja\_deps\glm-src\glm\gtx\dual_quaternion.hpp", "C++", 0, 0, 0, 119, 0, 0, 0, 0, 0, 0, 0, 0, 0, 0, 0, 0, 89, 65, 273
"c:\Users\nukec\Documents\GitHub\voxelstation13\build_ninja\_deps\glm-src\glm\gtx\dual_quaternion.inl", "C++", 0, 0, 0, 286, 0, 0, 0, 0, 0, 0, 0, 0, 0, 0, 0, 0, 12, 55, 353
"c:\Users\nukec\Documents\GitHub\voxelstation13\build_ninja\_deps\glm-src\glm\gtx\easing.hpp", "C++", 0, 0, 0, 80, 0, 0, 0, 0, 0, 0, 0, 0, 0, 0, 0, 0, 97, 41, 218
"c:\Users\nukec\Documents\GitHub\voxelstation13\build_ninja\_deps\glm-src\glm\gtx\easing.inl", "C++", 0, 0, 0, 334, 0, 0, 0, 0, 0, 0, 0, 0, 0, 0, 0, 0, 32, 71, 437
"c:\Users\nukec\Documents\GitHub\voxelstation13\build_ninja\_deps\glm-src\glm\gtx\euler_angles.hpp", "C++", 0, 0, 0, 186, 0, 0, 0, 0, 0, 0, 0, 0, 0, 0, 0, 0, 100, 48, 334
"c:\Users\nukec\Documents\GitHub\voxelstation13\build_ninja\_deps\glm-src\glm\gtx\euler_angles.inl", "C++", 0, 0, 0, 833, 0, 0, 0, 0, 0, 0, 0, 0, 0, 0, 0, 0, 1, 66, 900
"c:\Users\nukec\Documents\GitHub\voxelstation13\build_ninja\_deps\glm-src\glm\gtx\extend.hpp", "C++", 0, 0, 0, 16, 0, 0, 0, 0, 0, 0, 0, 0, 0, 0, 0, 0, 17, 8, 41
"c:\Users\nukec\Documents\GitHub\voxelstation13\build_ninja\_deps\glm-src\glm\gtx\extend.inl", "C++", 0, 0, 0, 43, 0, 0, 0, 0, 0, 0, 0, 0, 0, 0, 0, 0, 1, 5, 49
"c:\Users\nukec\Documents\GitHub\voxelstation13\build_ninja\_deps\glm-src\glm\gtx\extended_min_max.hpp", "C++", 0, 0, 0, 78, 0, 0, 0, 0, 0, 0, 0, 0, 0, 0, 0, 0, 39, 19, 136
"c:\Users\nukec\Documents\GitHub\voxelstation13\build_ninja\_deps\glm-src\glm\gtx\extended_min_max.inl", "C++", 0, 0, 0, 125, 0, 0, 0, 0, 0, 0, 0, 0, 0, 0, 0, 0, 1, 13, 139
"c:\Users\nukec\Documents\GitHub\voxelstation13\build_ninja\_deps\glm-src\glm\gtx\exterior_product.hpp", "C++", 0, 0, 0, 14, 0, 0, 0, 0, 0, 0, 0, 0, 0, 0, 0, 0, 22, 8, 44
"c:\Users\nukec\Documents\GitHub\voxelstation13\build_ninja\_deps\glm-src\glm\gtx\exterior_product.inl", "C++", 0, 0, 0, 20, 0, 0, 0, 0, 0, 0, 0, 0, 0, 0, 0, 0, 1, 6, 27
"c:\Users\nukec\Documents\GitHub\voxelstation13\build_ninja\_deps\glm-src\glm\gtx\fast_exponential.hpp", "C++", 0, 0, 0, 35, 0, 0, 0, 0, 0, 0, 0, 0, 0, 0, 0, 0, 40, 19, 94
"c:\Users\nukec\Documents\GitHub\voxelstation13\build_ninja\_deps\glm-src\glm\gtx\fast_exponential.inl", "C++", 0, 0, 0, 73, 0, 0, 0, 0, 0, 0, 0, 0, 0, 0, 0, 0, 50, 14, 137
"c:\Users\nukec\Documents\GitHub\voxelstation13\build_ninja\_deps\glm-src\glm\gtx\fast_square_root.hpp", "C++", 0, 0, 0, 33, 0, 0, 0, 0, 0, 0, 0, 0, 0, 0, 0, 0, 47, 17, 97
"c:\Users\nukec\Documents\GitHub\voxelstation13\build_ninja\_deps\glm-src\glm\gtx\fast_square_root.inl", "C++", 0, 0, 0, 56, 0, 0, 0, 0, 0, 0, 0, 0, 0, 0, 0, 0, 6, 14, 76
"c:\Users\nukec\Documents\GitHub\voxelstation13\build_ninja\_deps\glm-src\glm\gtx\fast_trigonometry.hpp", "C++", 0, 0, 0, 27, 0, 0, 0, 0, 0, 0, 0, 0, 0, 0, 0, 0, 36, 15, 78
"c:\Users\nukec\Documents\GitHub\voxelstation13\build_ninja\_deps\glm-src\glm\gtx\fast_trigonometry.inl", "C++", 0, 0, 0, 113, 0, 0, 0, 0, 0, 0, 0, 0, 0, 0, 0, 0, 8, 22, 143
"c:\Users\nukec\Documents\GitHub\voxelstation13\build_ninja\_deps\glm-src\glm\gtx\float_notmalize.inl", "C++", 0, 0, 0, 9, 0, 0, 0, 0, 0, 0, 0, 0, 0, 0, 0, 0, 1, 4, 14
"c:\Users\nukec\Documents\GitHub\voxelstation13\build_ninja\_deps\glm-src\glm\gtx\functions.hpp", "C++", 0, 0, 0, 23, 0, 0, 0, 0, 0, 0, 0, 0, 0, 0, 0, 0, 22, 10, 55
"c:\Users\nukec\Documents\GitHub\voxelstation13\build_ninja\_deps\glm-src\glm\gtx\functions.inl", "C++", 0, 0, 0, 25, 0, 0, 0, 0, 0, 0, 0, 0, 0, 0, 0, 0, 1, 5, 31
"c:\Users\nukec\Documents\GitHub\voxelstation13\build_ninja\_deps\glm-src\glm\gtx\gradient_paint.hpp", "C++", 0, 0, 0, 23, 0, 0, 0, 0, 0, 0, 0, 0, 0, 0, 0, 0, 20, 9, 52
"c:\Users\nukec\Documents\GitHub\voxelstation13\build_ninja\_deps\glm-src\glm\gtx\gradient_paint.inl", "C++", 0, 0, 0, 32, 0, 0, 0, 0, 0, 0, 0, 0, 0, 0, 0, 0, 1, 4, 37
"c:\Users\nukec\Documents\GitHub\voxelstation13\build_ninja\_deps\glm-src\glm\gtx\handed_coordinate_space.hpp", "C++", 0, 0, 0, 21, 0, 0, 0, 0, 0, 0, 0, 0, 0, 0, 0, 0, 19, 9, 49
"c:\Users\nukec\Documents\GitHub\voxelstation13\build_ninja\_deps\glm-src\glm\gtx\handed_coordinate_space.inl", "C++", 0, 0, 0, 23, 0, 0, 0, 0, 0, 0, 0, 0, 0, 0, 0, 0, 1, 3, 27
"c:\Users\nukec\Documents\GitHub\voxelstation13\build_ninja\_deps\glm-src\glm\gtx\hash.hpp", "C++", 0, 0, 0, 109, 0, 0, 0, 0, 0, 0, 0, 0, 0, 0, 0, 0, 11, 27, 147
"c:\Users\nukec\Documents\GitHub\voxelstation13\build_ninja\_deps\glm-src\glm\gtx\hash.inl", "C++", 0, 0, 0, 158, 0, 0, 0, 0, 0, 0, 0, 0, 0, 0, 0, 0, 1, 17, 176
"c:\Users\nukec\Documents\GitHub\voxelstation13\build_ninja\_deps\glm-src\glm\gtx\integer.hpp", "C++", 0, 0, 0, 23, 0, 0, 0, 0, 0, 0, 0, 0, 0, 0, 0, 0, 35, 17, 75
"c:\Users\nukec\Documents\GitHub\voxelstation13\build_ninja\_deps\glm-src\glm\gtx\integer.inl", "C++", 0, 0, 0, 105, 0, 0, 0, 0, 0, 0, 0, 0, 0, 0, 0, 0, 59, 22, 186
"c:\Users\nukec\Documents\GitHub\voxelstation13\build_ninja\_deps\glm-src\glm\gtx\intersect.hpp", "C++", 0, 0, 0, 47, 0, 0, 0, 0, 0, 0, 0, 0, 0, 0, 0, 0, 31, 13, 91
"c:\Users\nukec\Documents\GitHub\voxelstation13\build_ninja\_deps\glm-src\glm\gtx\intersect.inl", "C++", 0, 0, 0, 156, 0, 0, 0, 0, 0, 0, 0, 0, 0, 0, 0, 0, 13, 32, 201
"c:\Users\nukec\Documents\GitHub\voxelstation13\build_ninja\_deps\glm-src\glm\gtx\io.hpp", "C++", 0, 0, 0, 145, 0, 0, 0, 0, 0, 0, 0, 0, 0, 0, 0, 0, 23, 43, 211
"c:\Users\nukec\Documents\GitHub\voxelstation13\build_ninja\_deps\glm-src\glm\gtx\io.inl", "C++", 0, 0, 0, 376, 0, 0, 0, 0, 0, 0, 0, 0, 0, 0, 0, 0, 2, 75, 453
"c:\Users\nukec\Documents\GitHub\voxelstation13\build_ninja\_deps\glm-src\glm\gtx\log_base.hpp", "C++", 0, 0, 0, 19, 0, 0, 0, 0, 0, 0, 0, 0, 0, 0, 0, 0, 19, 9, 47
"c:\Users\nukec\Documents\GitHub\voxelstation13\build_ninja\_deps\glm-src\glm\gtx\log_base.inl", "C++", 0, 0, 0, 13, 0, 0, 0, 0, 0, 0, 0, 0, 0, 0, 0, 0, 1, 3, 17
"c:\Users\nukec\Documents\GitHub\voxelstation13\build_ninja\_deps\glm-src\glm\gtx\matrix_cross_product.hpp", "C++", 0, 0, 0, 17, 0, 0, 0, 0, 0, 0, 0, 0, 0, 0, 0, 0, 20, 9, 46
"c:\Users\nukec\Documents\GitHub\voxelstation13\build_ninja\_deps\glm-src\glm\gtx\matrix_cross_product.inl", "C++", 0, 0, 0, 33, 0, 0, 0, 0, 0, 0, 0, 0, 0, 0, 0, 0, 1, 4, 38
"c:\Users\nukec\Documents\GitHub\voxelstation13\build_ninja\_deps\glm-src\glm\gtx\matrix_decompose.hpp", "C++", 0, 0, 0, 24, 0, 0, 0, 0, 0, 0, 0, 0, 0, 0, 0, 0, 18, 9, 51
"c:\Users\nukec\Documents\GitHub\voxelstation13\build_ninja\_deps\glm-src\glm\gtx\matrix_decompose.inl", "C++", 0, 0, 0, 149, 0, 0, 0, 0, 0, 0, 0, 0, 0, 0, 0, 0, 45, 41, 235
"c:\Users\nukec\Documents\GitHub\voxelstation13\build_ninja\_deps\glm-src\glm\gtx\matrix_factorisation.hpp", "C++", 0, 0, 0, 19, 0, 0, 0, 0, 0, 0, 0, 0, 0, 0, 0, 0, 37, 12, 68
"c:\Users\nukec\Documents\GitHub\voxelstation13\build_ninja\_deps\glm-src\glm\gtx\matrix_factorisation.inl", "C++", 0, 0, 0, 53, 0, 0, 0, 0, 0, 0, 0, 0, 0, 0, 0, 0, 17, 15, 85
"c:\Users\nukec\Documents\GitHub\voxelstation13\build_ninja\_deps\glm-src\glm\gtx\matrix_interpolation.hpp", "C++", 0, 0, 0, 23, 0, 0, 0, 0, 0, 0, 0, 0, 0, 0, 0, 0, 25, 11, 59
"c:\Users\nukec\Documents\GitHub\voxelstation13\build_ninja\_deps\glm-src\glm\gtx\matrix_interpolation.inl", "C++", 0, 0, 0, 134, 0, 0, 0, 0, 0, 0, 0, 0, 0, 0, 0, 0, 1, 12, 147
"c:\Users\nukec\Documents\GitHub\voxelstation13\build_ninja\_deps\glm-src\glm\gtx\matrix_major_storage.hpp", "C++", 0, 0, 0, 59, 0, 0, 0, 0, 0, 0, 0, 0, 0, 0, 0, 0, 40, 19, 118
"c:\Users\nukec\Documents\GitHub\voxelstation13\build_ninja\_deps\glm-src\glm\gtx\matrix_major_storage.inl", "C++", 0, 0, 0, 153, 0, 0, 0, 0, 0, 0, 0, 0, 0, 0, 0, 0, 1, 13, 167
"c:\Users\nukec\Documents\GitHub\voxelstation13\build_ninja\_deps\glm-src\glm\gtx\matrix_operation.hpp", "C++", 0, 0, 0, 44, 0, 0, 0, 0, 0, 0, 0, 0, 0, 0, 0, 0, 39, 19, 102
"c:\Users\nukec\Documents\GitHub\voxelstation13\build_ninja\_deps\glm-src\glm\gtx\matrix_operation.inl", "C++", 0, 0, 0, 156, 0, 0, 0, 0, 0, 0, 0, 0, 0, 0, 0, 0, 1, 20, 177
"c:\Users\nukec\Documents\GitHub\voxelstation13\build_ninja\_deps\glm-src\glm\gtx\matrix_query.hpp", "C++", 0, 0, 0, 29, 0, 0, 0, 0, 0, 0, 0, 0, 0, 0, 0, 0, 32, 15, 76
"c:\Users\nukec\Documents\GitHub\voxelstation13\build_ninja\_deps\glm-src\glm\gtx\matrix_query.inl", "C++", 0, 0, 0, 109, 0, 0, 0, 0, 0, 0, 0, 0, 0, 0, 0, 0, 1, 10, 120
"c:\Users\nukec\Documents\GitHub\voxelstation13\build_ninja\_deps\glm-src\glm\gtx\matrix_transform_2d.hpp", "C++", 0, 0, 0, 32, 0, 0, 0, 0, 0, 0, 0, 0, 0, 0, 0, 0, 36, 12, 80
"c:\Users\nukec\Documents\GitHub\voxelstation13\build_ninja\_deps\glm-src\glm\gtx\matrix_transform_2d.inl", "C++", 0, 0, 0, 56, 0, 0, 0, 0, 0, 0, 0, 0, 0, 0, 0, 0, 2, 11, 69
"c:\Users\nukec\Documents\GitHub\voxelstation13\build_ninja\_deps\glm-src\glm\gtx\mixed_product.hpp", "C++", 0, 0, 0, 16, 0, 0, 0, 0, 0, 0, 0, 0, 0, 0, 0, 0, 16, 8, 40
"c:\Users\nukec\Documents\GitHub\voxelstation13\build_ninja\_deps\glm-src\glm\gtx\mixed_product.inl", "C++", 0, 0, 0, 13, 0, 0, 0, 0, 0, 0, 0, 0, 0, 0, 0, 0, 1, 2, 16
"c:\Users\nukec\Documents\GitHub\voxelstation13\build_ninja\_deps\glm-src\glm\gtx\norm.hpp", "C++", 0, 0, 0, 33, 0, 0, 0, 0, 0, 0, 0, 0, 0, 0, 0, 0, 37, 17, 87
"c:\Users\nukec\Documents\GitHub\voxelstation13\build_ninja\_deps\glm-src\glm\gtx\norm.inl", "C++", 0, 0, 0, 79, 0, 0, 0, 0, 0, 0, 0, 0, 0, 0, 0, 0, 1, 16, 96
"c:\Users\nukec\Documents\GitHub\voxelstation13\build_ninja\_deps\glm-src\glm\gtx\normal.hpp", "C++", 0, 0, 0, 13, 0, 0, 0, 0, 0, 0, 0, 0, 0, 0, 0, 0, 19, 8, 40
"c:\Users\nukec\Documents\GitHub\voxelstation13\build_ninja\_deps\glm-src\glm\gtx\normal.inl", "C++", 0, 0, 0, 13, 0, 0, 0, 0, 0, 0, 0, 0, 0, 0, 0, 0, 1, 2, 16
"c:\Users\nukec\Documents\GitHub\voxelstation13\build_ninja\_deps\glm-src\glm\gtx\normalize_dot.hpp", "C++", 0, 0, 0, 15, 0, 0, 0, 0, 0, 0, 0, 0, 0, 0, 0, 0, 24, 9, 48
"c:\Users\nukec\Documents\GitHub\voxelstation13\build_ninja\_deps\glm-src\glm\gtx\normalize_dot.inl", "C++", 0, 0, 0, 13, 0, 0, 0, 0, 0, 0, 0, 0, 0, 0, 0, 0, 1, 3, 17
"c:\Users\nukec\Documents\GitHub\voxelstation13\build_ninja\_deps\glm-src\glm\gtx\number_precision.hpp", "C++", 0, 0, 0, 14, 0, 0, 0, 0, 0, 0, 0, 0, 0, 0, 0, 0, 21, 10, 45
"c:\Users\nukec\Documents\GitHub\voxelstation13\build_ninja\_deps\glm-src\glm\gtx\optimum_pow.hpp", "C++", 0, 0, 0, 17, 0, 0, 0, 0, 0, 0, 0, 0, 0, 0, 0, 0, 24, 10, 51
"c:\Users\nukec\Documents\GitHub\voxelstation13\build_ninja\_deps\glm-src\glm\gtx\optimum_pow.inl", "C++", 0, 0, 0, 18, 0, 0, 0, 0, 0, 0, 0, 0, 0, 0, 0, 0, 1, 4, 23
"c:\Users\nukec\Documents\GitHub\voxelstation13\build_ninja\_deps\glm-src\glm\gtx\orthonormalize.hpp", "C++", 0, 0, 0, 17, 0, 0, 0, 0, 0, 0, 0, 0, 0, 0, 0, 0, 22, 9, 48
"c:\Users\nukec\Documents\GitHub\voxelstation13\build_ninja\_deps\glm-src\glm\gtx\orthonormalize.inl", "C++", 0, 0, 0, 22, 0, 0, 0, 0, 0, 0, 0, 0, 0, 0, 0, 0, 1, 7, 30
"c:\Users\nukec\Documents\GitHub\voxelstation13\build_ninja\_deps\glm-src\glm\gtx\pca.hpp", "C++", 0, 0, 0, 32, 0, 0, 0, 0, 0, 0, 0, 0, 0, 0, 0, 0, 66, 15, 113
"c:\Users\nukec\Documents\GitHub\voxelstation13\build_ninja\_deps\glm-src\glm\gtx\pca.inl", "C++", 0, 0, 0, 307, 0, 0, 0, 0, 0, 0, 0, 0, 0, 0, 0, 0, 4, 33, 344
"c:\Users\nukec\Documents\GitHub\voxelstation13\build_ninja\_deps\glm-src\glm\gtx\perpendicular.hpp", "C++", 0, 0, 0, 14, 0, 0, 0, 0, 0, 0, 0, 0, 0, 0, 0, 0, 18, 8, 40
"c:\Users\nukec\Documents\GitHub\voxelstation13\build_ninja\_deps\glm-src\glm\gtx\perpendicular.inl", "C++", 0, 0, 0, 8, 0, 0, 0, 0, 0, 0, 0, 0, 0, 0, 0, 0, 1, 2, 11
"c:\Users\nukec\Documents\GitHub\voxelstation13\build_ninja\_deps\glm-src\glm\gtx\polar_coordinates.hpp", "C++", 0, 0, 0, 17, 0, 0, 0, 0, 0, 0, 0, 0, 0, 0, 0, 0, 21, 9, 47
"c:\Users\nukec\Documents\GitHub\voxelstation13\build_ninja\_deps\glm-src\glm\gtx\polar_coordinates.inl", "C++", 0, 0, 0, 30, 0, 0, 0, 0, 0, 0, 0, 0, 0, 0, 0, 0, 1, 6, 37
"c:\Users\nukec\Documents\GitHub\voxelstation13\build_ninja\_deps\glm-src\glm\gtx\projection.hpp", "C++", 0, 0, 0, 13, 0, 0, 0, 0, 0, 0, 0, 0, 0, 0, 0, 0, 21, 8, 42
"c:\Users\nukec\Documents\GitHub\voxelstation13\build_ninja\_deps\glm-src\glm\gtx\projection.inl", "C++", 0, 0, 0, 8, 0, 0, 0, 0, 0, 0, 0, 0, 0, 0, 0, 0, 1, 2, 11
"c:\Users\nukec\Documents\GitHub\voxelstation13\build_ninja\_deps\glm-src\glm\gtx\quaternion.hpp", "C++", 0, 0, 0, 76, 0, 0, 0, 0, 0, 0, 0, 0, 0, 0, 0, 0, 73, 24, 173
"c:\Users\nukec\Documents\GitHub\voxelstation13\build_ninja\_deps\glm-src\glm\gtx\quaternion.inl", "C++", 0, 0, 0, 128, 0, 0, 0, 0, 0, 0, 0, 0, 0, 0, 0, 0, 9, 23, 160
"c:\Users\nukec\Documents\GitHub\voxelstation13\build_ninja\_deps\glm-src\glm\gtx\range.hpp", "C++", 0, 0, 0, 64, 0, 0, 0, 0, 0, 0, 0, 0, 0, 0, 0, 0, 15, 18, 97
"c:\Users\nukec\Documents\GitHub\voxelstation13\build_ninja\_deps\glm-src\glm\gtx\raw_data.hpp", "C++", 0, 0, 0, 16, 0, 0, 0, 0, 0, 0, 0, 0, 0, 0, 0, 0, 23, 11, 50
"c:\Users\nukec\Documents\GitHub\voxelstation13\build_ninja\_deps\glm-src\glm\gtx\raw_data.inl", "C++", 0, 0, 0, 0, 0, 0, 0, 0, 0, 0, 0, 0, 0, 0, 0, 0, 1, 2, 3
"c:\Users\nukec\Documents\GitHub\voxelstation13\build_ninja\_deps\glm-src\glm\gtx\rotate_normalized_axis.hpp", "C++", 0, 0, 0, 23, 0, 0, 0, 0, 0, 0, 0, 0, 0, 0, 0, 0, 35, 9, 67
"c:\Users\nukec\Documents\GitHub\voxelstation13\build_ninja\_deps\glm-src\glm\gtx\rotate_normalized_axis.inl", "C++", 0, 0, 0, 46, 0, 0, 0, 0, 0, 0, 0, 0, 0, 0, 0, 0, 2, 11, 59
"c:\Users\nukec\Documents\GitHub\voxelstation13\build_ninja\_deps\glm-src\glm\gtx\rotate_vector.hpp", "C++", 0, 0, 0, 61, 0, 0, 0, 0, 0, 0, 0, 0, 0, 0, 0, 0, 43, 18, 122
"c:\Users\nukec\Documents\GitHub\voxelstation13\build_ninja\_deps\glm-src\glm\gtx\rotate_vector.inl", "C++", 0, 0, 0, 149, 0, 0, 0, 0, 0, 0, 0, 0, 0, 0, 0, 0, 18, 21, 188
"c:\Users\nukec\Documents\GitHub\voxelstation13\build_ninja\_deps\glm-src\glm\gtx\scalar_multiplication.hpp", "C++", 0, 0, 0, 51, 0, 0, 0, 0, 0, 0, 0, 0, 0, 0, 0, 0, 19, 11, 81
"c:\Users\nukec\Documents\GitHub\voxelstation13\build_ninja\_deps\glm-src\glm\gtx\scalar_relational.hpp", "C++", 0, 0, 0, 11, 0, 0, 0, 0, 0, 0, 0, 0, 0, 0, 0, 0, 15, 9, 35
"c:\Users\nukec\Documents\GitHub\voxelstation13\build_ninja\_deps\glm-src\glm\gtx\scalar_relational.inl", "C++", 0, 0, 0, 78, 0, 0, 0, 0, 0, 0, 0, 0, 0, 0, 0, 0, 1, 10, 89
"c:\Users\nukec\Documents\GitHub\voxelstation13\build_ninja\_deps\glm-src\glm\gtx\spline.hpp", "C++", 0, 0, 0, 33, 0, 0, 0, 0, 0, 0, 0, 0, 0, 0, 0, 0, 21, 10, 64
"c:\Users\nukec\Documents\GitHub\voxelstation13\build_ninja\_deps\glm-src\glm\gtx\spline.inl", "C++", 0, 0, 0, 51, 0, 0, 0, 0, 0, 0, 0, 0, 0, 0, 0, 0, 1, 9, 61
"c:\Users\nukec\Documents\GitHub\voxelstation13\build_ninja\_deps\glm-src\glm\gtx\std_based_type.hpp", "C++", 0, 0, 0, 20, 0, 0, 0, 0, 0, 0, 0, 0, 0, 0, 0, 0, 32, 15, 67
"c:\Users\nukec\Documents\GitHub\voxelstation13\build_ninja\_deps\glm-src\glm\gtx\std_based_type.inl", "C++", 0, 0, 0, 3, 0, 0, 0, 0, 0, 0, 0, 0, 0, 0, 0, 0, 1, 3, 7
"c:\Users\nukec\Documents\GitHub\voxelstation13\build_ninja\_deps\glm-src\glm\gtx\string_cast.hpp", "C++", 0, 0, 0, 19, 0, 0, 0, 0, 0, 0, 0, 0, 0, 0, 0, 0, 19, 8, 46
"c:\Users\nukec\Documents\GitHub\voxelstation13\build_ninja\_deps\glm-src\glm\gtx\string_cast.inl", "C++", 0, 0, 0, 429, 0, 0, 0, 0, 0, 0, 0, 0, 0, 0, 0, 0, 1, 68, 498
"c:\Users\nukec\Documents\GitHub\voxelstation13\build_ninja\_deps\glm-src\glm\gtx\texture.hpp", "C++", 0, 0, 0, 15, 0, 0, 0, 0, 0, 0, 0, 0, 0, 0, 0, 0, 21, 9, 45
"c:\Users\nukec\Documents\GitHub\voxelstation13\build_ninja\_deps\glm-src\glm\gtx\texture.inl", "C++", 0, 0, 0, 13, 0, 0, 0, 0, 0, 0, 0, 0, 0, 0, 0, 0, 1, 4, 18
"c:\Users\nukec\Documents\GitHub\voxelstation13\build_ninja\_deps\glm-src\glm\gtx\transform.hpp", "C++", 0, 0, 0, 22, 0, 0, 0, 0, 0, 0, 0, 0, 0, 0, 0, 0, 27, 10, 59
"c:\Users\nukec\Documents\GitHub\voxelstation13\build_ninja\_deps\glm-src\glm\gtx\transform.inl", "C++", 0, 0, 0, 18, 0, 0, 0, 0, 0, 0, 0, 0, 0, 0, 0, 0, 1, 5, 24
"c:\Users\nukec\Documents\GitHub\voxelstation13\build_ninja\_deps\glm-src\glm\gtx\transform2.hpp", "C++", 0, 0, 0, 30, 0, 0, 0, 0, 0, 0, 0, 0, 0, 0, 0, 0, 40, 18, 88
"c:\Users\nukec\Documents\GitHub\voxelstation13\build_ninja\_deps\glm-src\glm\gtx\transform2.inl", "C++", 0, 0, 0, 110, 0, 0, 0, 0, 0, 0, 0, 0, 0, 0, 0, 0, 1, 15, 126
"c:\Users\nukec\Documents\GitHub\voxelstation13\build_ninja\_deps\glm-src\glm\gtx\type_aligned.hpp", "C++", 0, 0, 0, 229, 0, 0, 0, 0, 0, 0, 0, 0, 0, 0, 0, 0, 468, 284, 981
"c:\Users\nukec\Documents\GitHub\voxelstation13\build_ninja\_deps\glm-src\glm\gtx\type_aligned.inl", "C++", 0, 0, 0, 3, 0, 0, 0, 0, 0, 0, 0, 0, 0, 0, 0, 0, 1, 3, 7
"c:\Users\nukec\Documents\GitHub\voxelstation13\build_ninja\_deps\glm-src\glm\gtx\type_trait.hpp", "C++", 0, 0, 0, 57, 0, 0, 0, 0, 0, 0, 0, 0, 0, 0, 0, 0, 15, 12, 84
"c:\Users\nukec\Documents\GitHub\voxelstation13\build_ninja\_deps\glm-src\glm\gtx\type_trait.inl", "C++", 0, 0, 0, 51, 0, 0, 0, 0, 0, 0, 0, 0, 0, 0, 0, 0, 5, 6, 62
"c:\Users\nukec\Documents\GitHub\voxelstation13\build_ninja\_deps\glm-src\glm\gtx\vec_swizzle.hpp", "C++", 0, 0, 0, 1945, 0, 0, 0, 0, 0, 0, 0, 0, 0, 0, 0, 0, 350, 490, 2785
"c:\Users\nukec\Documents\GitHub\voxelstation13\build_ninja\_deps\glm-src\glm\gtx\vector_angle.hpp", "C++", 0, 0, 0, 20, 0, 0, 0, 0, 0, 0, 0, 0, 0, 0, 0, 0, 26, 10, 56
"c:\Users\nukec\Documents\GitHub\voxelstation13\build_ninja\_deps\glm-src\glm\gtx\vector_angle.inl", "C++", 0, 0, 0, 37, 0, 0, 0, 0, 0, 0, 0, 0, 0, 0, 0, 0, 1, 8, 46
"c:\Users\nukec\Documents\GitHub\voxelstation13\build_ninja\_deps\glm-src\glm\gtx\vector_query.hpp", "C++", 0, 0, 0, 25, 0, 0, 0, 0, 0, 0, 0, 0, 0, 0, 0, 0, 27, 13, 65
"c:\Users\nukec\Documents\GitHub\voxelstation13\build_ninja\_deps\glm-src\glm\gtx\vector_query.inl", "C++", 0, 0, 0, 128, 0, 0, 0, 0, 0, 0, 0, 0, 0, 0, 0, 0, 1, 26, 155
"c:\Users\nukec\Documents\GitHub\voxelstation13\build_ninja\_deps\glm-src\glm\gtx\wrap.hpp", "C++", 0, 0, 0, 14, 0, 0, 0, 0, 0, 0, 0, 0, 0, 0, 0, 0, 15, 7, 36
"c:\Users\nukec\Documents\GitHub\voxelstation13\build_ninja\_deps\glm-src\glm\gtx\wrap.inl", "C++", 0, 0, 0, 3, 0, 0, 0, 0, 0, 0, 0, 0, 0, 0, 0, 0, 1, 3, 7
"c:\Users\nukec\Documents\GitHub\voxelstation13\build_ninja\_deps\glm-src\glm\integer.hpp", "C++", 0, 0, 0, 55, 0, 0, 0, 0, 0, 0, 0, 0, 0, 0, 0, 0, 139, 19, 213
"c:\Users\nukec\Documents\GitHub\voxelstation13\build_ninja\_deps\glm-src\glm\mat2x2.hpp", "C++", 0, 0, 0, 5, 0, 0, 0, 0, 0, 0, 0, 0, 0, 0, 0, 0, 2, 3, 10
"c:\Users\nukec\Documents\GitHub\voxelstation13\build_ninja\_deps\glm-src\glm\mat2x3.hpp", "C++", 0, 0, 0, 5, 0, 0, 0, 0, 0, 0, 0, 0, 0, 0, 0, 0, 2, 3, 10
"c:\Users\nukec\Documents\GitHub\voxelstation13\build_ninja\_deps\glm-src\glm\mat2x4.hpp", "C++", 0, 0, 0, 5, 0, 0, 0, 0, 0, 0, 0, 0, 0, 0, 0, 0, 2, 3, 10
"c:\Users\nukec\Documents\GitHub\voxelstation13\build_ninja\_deps\glm-src\glm\mat3x2.hpp", "C++", 0, 0, 0, 5, 0, 0, 0, 0, 0, 0, 0, 0, 0, 0, 0, 0, 2, 3, 10
"c:\Users\nukec\Documents\GitHub\voxelstation13\build_ninja\_deps\glm-src\glm\mat3x3.hpp", "C++", 0, 0, 0, 5, 0, 0, 0, 0, 0, 0, 0, 0, 0, 0, 0, 0, 2, 2, 9
"c:\Users\nukec\Documents\GitHub\voxelstation13\build_ninja\_deps\glm-src\glm\mat3x4.hpp", "C++", 0, 0, 0, 5, 0, 0, 0, 0, 0, 0, 0, 0, 0, 0, 0, 0, 2, 2, 9
"c:\Users\nukec\Documents\GitHub\voxelstation13\build_ninja\_deps\glm-src\glm\mat4x2.hpp", "C++", 0, 0, 0, 5, 0, 0, 0, 0, 0, 0, 0, 0, 0, 0, 0, 0, 2, 3, 10
"c:\Users\nukec\Documents\GitHub\voxelstation13\build_ninja\_deps\glm-src\glm\mat4x3.hpp", "C++", 0, 0, 0, 5, 0, 0, 0, 0, 0, 0, 0, 0, 0, 0, 0, 0, 2, 2, 9
"c:\Users\nukec\Documents\GitHub\voxelstation13\build_ninja\_deps\glm-src\glm\mat4x4.hpp", "C++", 0, 0, 0, 5, 0, 0, 0, 0, 0, 0, 0, 0, 0, 0, 0, 0, 2, 3, 10
"c:\Users\nukec\Documents\GitHub\voxelstation13\build_ninja\_deps\glm-src\glm\matrix.hpp", "C++", 0, 0, 0, 78, 0, 0, 0, 0, 0, 0, 0, 0, 0, 0, 0, 0, 63, 21, 162
"c:\Users\nukec\Documents\GitHub\voxelstation13\build_ninja\_deps\glm-src\glm\packing.hpp", "C++", 0, 0, 0, 20, 0, 0, 0, 0, 0, 0, 0, 0, 0, 0, 0, 0, 136, 18, 174
"c:\Users\nukec\Documents\GitHub\voxelstation13\build_ninja\_deps\glm-src\glm\simd\common.h", "C++", 0, 0, 0, 197, 0, 0, 0, 0, 0, 0, 0, 0, 0, 0, 0, 0, 11, 33, 241
"c:\Users\nukec\Documents\GitHub\voxelstation13\build_ninja\_deps\glm-src\glm\simd\exponential.h", "C++", 0, 0, 0, 12, 0, 0, 0, 0, 0, 0, 0, 0, 0, 0, 0, 0, 2, 7, 21
"c:\Users\nukec\Documents\GitHub\voxelstation13\build_ninja\_deps\glm-src\glm\simd\geometric.h", "C++", 0, 0, 0, 105, 0, 0, 0, 0, 0, 0, 0, 0, 0, 0, 0, 0, 7, 19, 131
"c:\Users\nukec\Documents\GitHub\voxelstation13\build_ninja\_deps\glm-src\glm\simd\integer.h", "C++", 0, 0, 0, 63, 0, 0, 0, 0, 0, 0, 0, 0, 0, 0, 0, 0, 29, 24, 116
"c:\Users\nukec\Documents\GitHub\voxelstation13\build_ninja\_deps\glm-src\glm\simd\matrix.h", "C++", 0, 0, 0, 546, 0, 0, 0, 0, 0, 0, 0, 0, 0, 0, 0, 0, 310, 173, 1029
"c:\Users\nukec\Documents\GitHub\voxelstation13\build_ninja\_deps\glm-src\glm\simd\neon.h", "C++", 0, 0, 0, 144, 0, 0, 0, 0, 0, 0, 0, 0, 0, 0, 0, 0, 2, 10, 156
"c:\Users\nukec\Documents\GitHub\voxelstation13\build_ninja\_deps\glm-src\glm\simd\packing.h", "C++", 0, 0, 0, 3, 0, 0, 0, 0, 0, 0, 0, 0, 0, 0, 0, 0, 2, 4, 9
"c:\Users\nukec\Documents\GitHub\voxelstation13\build_ninja\_deps\glm-src\glm\simd\platform.h", "C++", 0, 0, 0, 414, 0, 0, 0, 0, 0, 0, 0, 0, 0, 0, 0, 0, 21, 35, 470
"c:\Users\nukec\Documents\GitHub\voxelstation13\build_ninja\_deps\glm-src\glm\simd\trigonometric.h", "C++", 0, 0, 0, 3, 0, 0, 0, 0, 0, 0, 0, 0, 0, 0, 0, 0, 2, 5, 10
"c:\Users\nukec\Documents\GitHub\voxelstation13\build_ninja\_deps\glm-src\glm\simd\vector_relational.h", "C++", 0, 0, 0, 3, 0, 0, 0, 0, 0, 0, 0, 0, 0, 0, 0, 0, 2, 4, 9
"c:\Users\nukec\Documents\GitHub\voxelstation13\build_ninja\_deps\glm-src\glm\trigonometric.hpp", "C++", 0, 0, 0, 37, 0, 0, 0, 0, 0, 0, 0, 0, 0, 0, 0, 0, 153, 21, 211
"c:\Users\nukec\Documents\GitHub\voxelstation13\build_ninja\_deps\glm-src\glm\vec2.hpp", "C++", 0, 0, 0, 11, 0, 0, 0, 0, 0, 0, 0, 0, 0, 0, 0, 0, 2, 2, 15
"c:\Users\nukec\Documents\GitHub\voxelstation13\build_ninja\_deps\glm-src\glm\vec3.hpp", "C++", 0, 0, 0, 11, 0, 0, 0, 0, 0, 0, 0, 0, 0, 0, 0, 0, 2, 2, 15
"c:\Users\nukec\Documents\GitHub\voxelstation13\build_ninja\_deps\glm-src\glm\vec4.hpp", "C++", 0, 0, 0, 11, 0, 0, 0, 0, 0, 0, 0, 0, 0, 0, 0, 0, 2, 3, 16
"c:\Users\nukec\Documents\GitHub\voxelstation13\build_ninja\_deps\glm-src\glm\vector_relational.hpp", "C++", 0, 0, 0, 25, 0, 0, 0, 0, 0, 0, 0, 0, 0, 0, 0, 0, 82, 15, 122
"c:\Users\nukec\Documents\GitHub\voxelstation13\build_ninja\_deps\glm-src\manual.md", "Markdown", 0, 0, 0, 0, 0, 0, 0, 0, 1606, 0, 0, 0, 0, 0, 0, 0, 0, 845, 2451
"c:\Users\nukec\Documents\GitHub\voxelstation13\build_ninja\_deps\glm-src\readme.md", "Markdown", 0, 0, 0, 0, 0, 0, 0, 0, 1115, 0, 0, 0, 0, 0, 0, 0, 0, 186, 1301
"c:\Users\nukec\Documents\GitHub\voxelstation13\build_ninja\_deps\glm-src\test\CMakeLists.txt", "CMake", 0, 0, 0, 0, 69, 0, 0, 0, 0, 0, 0, 0, 0, 0, 0, 0, 0, 13, 82
"c:\Users\nukec\Documents\GitHub\voxelstation13\build_ninja\_deps\glm-src\test\bug\CMakeLists.txt", "CMake", 0, 0, 0, 0, 1, 0, 0, 0, 0, 0, 0, 0, 0, 0, 0, 0, 0, 1, 2
"c:\Users\nukec\Documents\GitHub\voxelstation13\build_ninja\_deps\glm-src\test\bug\bug_ms_vec_static.cpp", "C++", 0, 0, 0, 38, 0, 0, 0, 0, 0, 0, 0, 0, 0, 0, 0, 0, 2, 9, 49
"c:\Users\nukec\Documents\GitHub\voxelstation13\build_ninja\_deps\glm-src\test\cmake\CMakeLists.txt", "CMake", 0, 0, 0, 0, 6, 0, 0, 0, 0, 0, 0, 0, 0, 0, 0, 0, 0, 4, 10
"c:\Users\nukec\Documents\GitHub\voxelstation13\build_ninja\_deps\glm-src\test\cmake\test_find_glm.cpp", "C++", 0, 0, 0, 19, 0, 0, 0, 0, 0, 0, 0, 0, 0, 0, 0, 0, 0, 4, 23
"c:\Users\nukec\Documents\GitHub\voxelstation13\build_ninja\_deps\glm-src\test\core\CMakeLists.txt", "CMake", 0, 0, 0, 0, 51, 0, 0, 0, 0, 0, 0, 0, 0, 0, 0, 0, 0, 1, 52
"c:\Users\nukec\Documents\GitHub\voxelstation13\build_ninja\_deps\glm-src\test\core\core_cpp_constexpr.cpp", "C++", 0, 0, 0, 586, 0, 0, 0, 0, 0, 0, 0, 0, 0, 0, 0, 0, 0, 165, 751
"c:\Users\nukec\Documents\GitHub\voxelstation13\build_ninja\_deps\glm-src\test\core\core_cpp_defaulted_ctor.cpp", "C++", 0, 0, 0, 118, 0, 0, 0, 0, 0, 0, 0, 0, 0, 0, 0, 0, 0, 28, 146
"c:\Users\nukec\Documents\GitHub\voxelstation13\build_ninja\_deps\glm-src\test\core\core_force_aligned_gentypes.cpp", "C++", 0, 0, 0, 7, 0, 0, 0, 0, 0, 0, 0, 0, 0, 0, 0, 0, 0, 4, 11
"c:\Users\nukec\Documents\GitHub\voxelstation13\build_ninja\_deps\glm-src\test\core\core_force_arch_unknown.cpp", "C++", 0, 0, 0, 10, 0, 0, 0, 0, 0, 0, 0, 0, 0, 0, 0, 0, 0, 5, 15
"c:\Users\nukec\Documents\GitHub\voxelstation13\build_ninja\_deps\glm-src\test\core\core_force_compiler_unknown.cpp", "C++", 0, 0, 0, 32, 0, 0, 0, 0, 0, 0, 0, 0, 0, 0, 0, 0, 0, 7, 39
"c:\Users\nukec\Documents\GitHub\voxelstation13\build_ninja\_deps\glm-src\test\core\core_force_ctor_init.cpp", "C++", 0, 0, 0, 100, 0, 0, 0, 0, 0, 0, 0, 0, 0, 0, 0, 0, 0, 40, 140
"c:\Users\nukec\Documents\GitHub\voxelstation13\build_ninja\_deps\glm-src\test\core\core_force_depth_zero_to_one.cpp", "C++", 0, 0, 0, 8, 0, 0, 0, 0, 0, 0, 0, 0, 0, 0, 0, 0, 0, 5, 13
"c:\Users\nukec\Documents\GitHub\voxelstation13\build_ninja\_deps\glm-src\test\core\core_force_explicit_ctor.cpp", "C++", 0, 0, 0, 10, 0, 0, 0, 0, 0, 0, 0, 0, 0, 0, 0, 0, 1, 7, 18
"c:\Users\nukec\Documents\GitHub\voxelstation13\build_ninja\_deps\glm-src\test\core\core_force_inline.cpp", "C++", 0, 0, 0, 8, 0, 0, 0, 0, 0, 0, 0, 0, 0, 0, 0, 0, 0, 5, 13
"c:\Users\nukec\Documents\GitHub\voxelstation13\build_ninja\_deps\glm-src\test\core\core_force_left_handed.cpp", "C++", 0, 0, 0, 8, 0, 0, 0, 0, 0, 0, 0, 0, 0, 0, 0, 0, 0, 5, 13
"c:\Users\nukec\Documents\GitHub\voxelstation13\build_ninja\_deps\glm-src\test\core\core_force_platform_unknown.cpp", "C++", 0, 0, 0, 10, 0, 0, 0, 0, 0, 0, 0, 0, 0, 0, 0, 0, 0, 5, 15
"c:\Users\nukec\Documents\GitHub\voxelstation13\build_ninja\_deps\glm-src\test\core\core_force_pure.cpp", "C++", 0, 0, 0, 358, 0, 0, 0, 0, 0, 0, 0, 0, 0, 0, 0, 0, 2, 84, 444
"c:\Users\nukec\Documents\GitHub\voxelstation13\build_ninja\_deps\glm-src\test\core\core_force_quat_wxyz.cpp", "C++", 0, 0, 0, 9, 0, 0, 0, 0, 0, 0, 0, 0, 0, 0, 0, 0, 0, 5, 14
"c:\Users\nukec\Documents\GitHub\voxelstation13\build_ninja\_deps\glm-src\test\core\core_force_size_t_length.cpp", "C++", 0, 0, 0, 8, 0, 0, 0, 0, 0, 0, 0, 0, 0, 0, 0, 0, 0, 5, 13
"c:\Users\nukec\Documents\GitHub\voxelstation13\build_ninja\_deps\glm-src\test\core\core_force_unrestricted_gentype.cpp", "C++", 0, 0, 0, 8, 0, 0, 0, 0, 0, 0, 0, 0, 0, 0, 0, 0, 0, 5, 13
"c:\Users\nukec\Documents\GitHub\voxelstation13\build_ninja\_deps\glm-src\test\core\core_force_xyzw_only.cpp", "C++", 0, 0, 0, 46, 0, 0, 0, 0, 0, 0, 0, 0, 0, 0, 0, 0, 0, 13, 59
"c:\Users\nukec\Documents\GitHub\voxelstation13\build_ninja\_deps\glm-src\test\core\core_func_common.cpp", "C++", 0, 0, 0, 1138, 0, 0, 0, 0, 0, 0, 0, 0, 0, 0, 0, 0, 15, 279, 1432
"c:\Users\nukec\Documents\GitHub\voxelstation13\build_ninja\_deps\glm-src\test\core\core_func_exponential.cpp", "C++", 0, 0, 0, 130, 0, 0, 0, 0, 0, 0, 0, 0, 0, 0, 0, 0, 1, 55, 186
"c:\Users\nukec\Documents\GitHub\voxelstation13\build_ninja\_deps\glm-src\test\core\core_func_geometric.cpp", "C++", 0, 0, 0, 170, 0, 0, 0, 0, 0, 0, 0, 0, 0, 0, 0, 0, 0, 41, 211
"c:\Users\nukec\Documents\GitHub\voxelstation13\build_ninja\_deps\glm-src\test\core\core_func_integer.cpp", "C++", 0, 0, 0, 1255, 0, 0, 0, 0, 0, 0, 0, 0, 0, 0, 0, 0, 42, 291, 1588
"c:\Users\nukec\Documents\GitHub\voxelstation13\build_ninja\_deps\glm-src\test\core\core_func_integer_bit_count.cpp", "C++", 0, 0, 0, 242, 0, 0, 0, 0, 0, 0, 0, 0, 0, 0, 0, 0, 15, 62, 319
"c:\Users\nukec\Documents\GitHub\voxelstation13\build_ninja\_deps\glm-src\test\core\core_func_integer_find_lsb.cpp", "C++", 0, 0, 0, 323, 0, 0, 0, 0, 0, 0, 0, 0, 0, 0, 0, 0, 54, 78, 455
"c:\Users\nukec\Documents\GitHub\voxelstation13\build_ninja\_deps\glm-src\test\core\core_func_integer_find_msb.cpp", "C++", 0, 0, 0, 325, 0, 0, 0, 0, 0, 0, 0, 0, 0, 0, 0, 0, 60, 81, 466
"c:\Users\nukec\Documents\GitHub\voxelstation13\build_ninja\_deps\glm-src\test\core\core_func_matrix.cpp", "C++", 0, 0, 0, 353, 0, 0, 0, 0, 0, 0, 0, 0, 0, 0, 0, 0, 3, 71, 427
"c:\Users\nukec\Documents\GitHub\voxelstation13\build_ninja\_deps\glm-src\test\core\core_func_noise.cpp", "C++", 0, 0, 0, 5, 0, 0, 0, 0, 0, 0, 0, 0, 0, 0, 0, 0, 0, 3, 8
"c:\Users\nukec\Documents\GitHub\voxelstation13\build_ninja\_deps\glm-src\test\core\core_func_packing.cpp", "C++", 0, 0, 0, 120, 0, 0, 0, 0, 0, 0, 0, 0, 0, 0, 0, 0, 7, 30, 157
"c:\Users\nukec\Documents\GitHub\voxelstation13\build_ninja\_deps\glm-src\test\core\core_func_swizzle.cpp", "C++", 0, 0, 0, 121, 0, 0, 0, 0, 0, 0, 0, 0, 0, 0, 0, 0, 0, 44, 165
"c:\Users\nukec\Documents\GitHub\voxelstation13\build_ninja\_deps\glm-src\test\core\core_func_trigonometric.cpp", "C++", 0, 0, 0, 6, 0, 0, 0, 0, 0, 0, 0, 0, 0, 0, 0, 0, 0, 5, 11
"c:\Users\nukec\Documents\GitHub\voxelstation13\build_ninja\_deps\glm-src\test\core\core_func_vector_relational.cpp", "C++", 0, 0, 0, 143, 0, 0, 0, 0, 0, 0, 0, 0, 0, 0, 0, 0, 0, 38, 181
"c:\Users\nukec\Documents\GitHub\voxelstation13\build_ninja\_deps\glm-src\test\core\core_setup_force_cxx03.cpp", "C++", 0, 0, 0, 29, 0, 0, 0, 0, 0, 0, 0, 0, 0, 0, 0, 0, 0, 6, 35
"c:\Users\nukec\Documents\GitHub\voxelstation13\build_ninja\_deps\glm-src\test\core\core_setup_force_cxx98.cpp", "C++", 0, 0, 0, 29, 0, 0, 0, 0, 0, 0, 0, 0, 0, 0, 0, 0, 0, 5, 34
"c:\Users\nukec\Documents\GitHub\voxelstation13\build_ninja\_deps\glm-src\test\core\core_setup_force_cxx_unknown.cpp", "C++", 0, 0, 0, 10, 0, 0, 0, 0, 0, 0, 0, 0, 0, 0, 0, 0, 0, 5, 15
"c:\Users\nukec\Documents\GitHub\voxelstation13\build_ninja\_deps\glm-src\test\core\core_setup_force_size_t_length.cpp", "C++", 0, 0, 0, 18, 0, 0, 0, 0, 0, 0, 0, 0, 0, 0, 0, 0, 0, 5, 23
"c:\Users\nukec\Documents\GitHub\voxelstation13\build_ninja\_deps\glm-src\test\core\core_setup_message.cpp", "C++", 0, 0, 0, 293, 0, 0, 0, 0, 0, 0, 0, 0, 0, 0, 0, 0, 0, 23, 316
"c:\Users\nukec\Documents\GitHub\voxelstation13\build_ninja\_deps\glm-src\test\core\core_setup_platform_unknown.cpp", "C++", 0, 0, 0, 40, 0, 0, 0, 0, 0, 0, 0, 0, 0, 0, 0, 0, 0, 6, 46
"c:\Users\nukec\Documents\GitHub\voxelstation13\build_ninja\_deps\glm-src\test\core\core_setup_precision.cpp", "C++", 0, 0, 0, 45, 0, 0, 0, 0, 0, 0, 0, 0, 0, 0, 0, 0, 0, 14, 59
"c:\Users\nukec\Documents\GitHub\voxelstation13\build_ninja\_deps\glm-src\test\core\core_type_aligned.cpp", "C++", 0, 0, 0, 86, 0, 0, 0, 0, 0, 0, 0, 0, 0, 0, 0, 0, 0, 25, 111
"c:\Users\nukec\Documents\GitHub\voxelstation13\build_ninja\_deps\glm-src\test\core\core_type_cast.cpp", "C++", 0, 0, 0, 116, 0, 0, 0, 0, 0, 0, 0, 0, 0, 0, 0, 0, 0, 39, 155
"c:\Users\nukec\Documents\GitHub\voxelstation13\build_ninja\_deps\glm-src\test\core\core_type_ctor.cpp", "C++", 0, 0, 0, 278, 0, 0, 0, 0, 0, 0, 0, 0, 0, 0, 0, 0, 0, 74, 352
"c:\Users\nukec\Documents\GitHub\voxelstation13\build_ninja\_deps\glm-src\test\core\core_type_int.cpp", "C++", 0, 0, 0, 19, 0, 0, 0, 0, 0, 0, 0, 0, 0, 0, 0, 0, 0, 8, 27
"c:\Users\nukec\Documents\GitHub\voxelstation13\build_ninja\_deps\glm-src\test\core\core_type_length.cpp", "C++", 0, 0, 0, 60, 0, 0, 0, 0, 0, 0, 0, 0, 0, 0, 0, 0, 0, 19, 79
"c:\Users\nukec\Documents\GitHub\voxelstation13\build_ninja\_deps\glm-src\test\core\core_type_mat2x2.cpp", "C++", 0, 0, 0, 154, 0, 0, 0, 0, 0, 0, 0, 0, 0, 0, 0, 0, 0, 45, 199
"c:\Users\nukec\Documents\GitHub\voxelstation13\build_ninja\_deps\glm-src\test\core\core_type_mat2x3.cpp", "C++", 0, 0, 0, 127, 0, 0, 0, 0, 0, 0, 0, 0, 0, 0, 0, 0, 0, 37, 164
"c:\Users\nukec\Documents\GitHub\voxelstation13\build_ninja\_deps\glm-src\test\core\core_type_mat2x4.cpp", "C++", 0, 0, 0, 129, 0, 0, 0, 0, 0, 0, 0, 0, 0, 0, 0, 0, 0, 40, 169
"c:\Users\nukec\Documents\GitHub\voxelstation13\build_ninja\_deps\glm-src\test\core\core_type_mat3x2.cpp", "C++", 0, 0, 0, 131, 0, 0, 0, 0, 0, 0, 0, 0, 0, 0, 0, 0, 0, 39, 170
"c:\Users\nukec\Documents\GitHub\voxelstation13\build_ninja\_deps\glm-src\test\core\core_type_mat3x3.cpp", "C++", 0, 0, 0, 171, 0, 0, 0, 0, 0, 0, 0, 0, 0, 0, 0, 0, 0, 46, 217
"c:\Users\nukec\Documents\GitHub\voxelstation13\build_ninja\_deps\glm-src\test\core\core_type_mat3x4.cpp", "C++", 0, 0, 0, 133, 0, 0, 0, 0, 0, 0, 0, 0, 0, 0, 0, 0, 0, 38, 171
"c:\Users\nukec\Documents\GitHub\voxelstation13\build_ninja\_deps\glm-src\test\core\core_type_mat4x2.cpp", "C++", 0, 0, 0, 135, 0, 0, 0, 0, 0, 0, 0, 0, 0, 0, 0, 0, 0, 38, 173
"c:\Users\nukec\Documents\GitHub\voxelstation13\build_ninja\_deps\glm-src\test\core\core_type_mat4x3.cpp", "C++", 0, 0, 0, 135, 0, 0, 0, 0, 0, 0, 0, 0, 0, 0, 0, 0, 0, 39, 174
"c:\Users\nukec\Documents\GitHub\voxelstation13\build_ninja\_deps\glm-src\test\core\core_type_mat4x4.cpp", "C++", 0, 0, 0, 167, 0, 0, 0, 0, 0, 0, 0, 0, 0, 0, 0, 0, 4, 53, 224
"c:\Users\nukec\Documents\GitHub\voxelstation13\build_ninja\_deps\glm-src\test\core\core_type_vec1.cpp", "C++", 0, 0, 0, 126, 0, 0, 0, 0, 0, 0, 0, 0, 0, 0, 0, 0, 24, 40, 190
"c:\Users\nukec\Documents\GitHub\voxelstation13\build_ninja\_deps\glm-src\test\core\core_type_vec2.cpp", "C++", 0, 0, 0, 325, 0, 0, 0, 0, 0, 0, 0, 0, 0, 0, 0, 0, 3, 86, 414
"c:\Users\nukec\Documents\GitHub\voxelstation13\build_ninja\_deps\glm-src\test\core\core_type_vec3.cpp", "C++", 0, 0, 0, 482, 0, 0, 0, 0, 0, 0, 0, 0, 0, 0, 0, 0, 27, 124, 633
"c:\Users\nukec\Documents\GitHub\voxelstation13\build_ninja\_deps\glm-src\test\core\core_type_vec4.cpp", "C++", 0, 0, 0, 608, 0, 0, 0, 0, 0, 0, 0, 0, 0, 0, 0, 0, 66, 170, 844
"c:\Users\nukec\Documents\GitHub\voxelstation13\build_ninja\_deps\glm-src\test\ext\CMakeLists.txt", "CMake", 0, 0, 0, 0, 54, 0, 0, 0, 0, 0, 0, 0, 0, 0, 0, 0, 0, 2, 56
"c:\Users\nukec\Documents\GitHub\voxelstation13\build_ninja\_deps\glm-src\test\ext\ext_matrix_clip_space.cpp", "C++", 0, 0, 0, 11, 0, 0, 0, 0, 0, 0, 0, 0, 0, 0, 0, 0, 0, 3, 14
"c:\Users\nukec\Documents\GitHub\voxelstation13\build_ninja\_deps\glm-src\test\ext\ext_matrix_common.cpp", "C++", 0, 0, 0, 213, 0, 0, 0, 0, 0, 0, 0, 0, 0, 0, 0, 0, 9, 15, 237
"c:\Users\nukec\Documents\GitHub\voxelstation13\build_ninja\_deps\glm-src\test\ext\ext_matrix_int2x2_sized.cpp", "C++", 0, 0, 0, 21, 0, 0, 0, 0, 0, 0, 0, 0, 0, 0, 0, 0, 0, 8, 29
"c:\Users\nukec\Documents\GitHub\voxelstation13\build_ninja\_deps\glm-src\test\ext\ext_matrix_int2x3_sized.cpp", "C++", 0, 0, 0, 21, 0, 0, 0, 0, 0, 0, 0, 0, 0, 0, 0, 0, 0, 8, 29
"c:\Users\nukec\Documents\GitHub\voxelstation13\build_ninja\_deps\glm-src\test\ext\ext_matrix_int2x4_sized.cpp", "C++", 0, 0, 0, 21, 0, 0, 0, 0, 0, 0, 0, 0, 0, 0, 0, 0, 0, 8, 29
"c:\Users\nukec\Documents\GitHub\voxelstation13\build_ninja\_deps\glm-src\test\ext\ext_matrix_int3x2_sized.cpp", "C++", 0, 0, 0, 21, 0, 0, 0, 0, 0, 0, 0, 0, 0, 0, 0, 0, 0, 8, 29
"c:\Users\nukec\Documents\GitHub\voxelstation13\build_ninja\_deps\glm-src\test\ext\ext_matrix_int3x3_sized.cpp", "C++", 0, 0, 0, 21, 0, 0, 0, 0, 0, 0, 0, 0, 0, 0, 0, 0, 0, 8, 29
"c:\Users\nukec\Documents\GitHub\voxelstation13\build_ninja\_deps\glm-src\test\ext\ext_matrix_int3x4_sized.cpp", "C++", 0, 0, 0, 21, 0, 0, 0, 0, 0, 0, 0, 0, 0, 0, 0, 0, 0, 8, 29
"c:\Users\nukec\Documents\GitHub\voxelstation13\build_ninja\_deps\glm-src\test\ext\ext_matrix_int4x2_sized.cpp", "C++", 0, 0, 0, 21, 0, 0, 0, 0, 0, 0, 0, 0, 0, 0, 0, 0, 0, 8, 29
"c:\Users\nukec\Documents\GitHub\voxelstation13\build_ninja\_deps\glm-src\test\ext\ext_matrix_int4x3_sized.cpp", "C++", 0, 0, 0, 21, 0, 0, 0, 0, 0, 0, 0, 0, 0, 0, 0, 0, 0, 8, 29
"c:\Users\nukec\Documents\GitHub\voxelstation13\build_ninja\_deps\glm-src\test\ext\ext_matrix_int4x4_sized.cpp", "C++", 0, 0, 0, 21, 0, 0, 0, 0, 0, 0, 0, 0, 0, 0, 0, 0, 0, 8, 29
"c:\Users\nukec\Documents\GitHub\voxelstation13\build_ninja\_deps\glm-src\test\ext\ext_matrix_integer.cpp", "C++", 0, 0, 0, 200, 0, 0, 0, 0, 0, 0, 0, 0, 0, 0, 0, 0, 0, 38, 238
"c:\Users\nukec\Documents\GitHub\voxelstation13\build_ninja\_deps\glm-src\test\ext\ext_matrix_projection.cpp", "C++", 0, 0, 0, 11, 0, 0, 0, 0, 0, 0, 0, 0, 0, 0, 0, 0, 0, 3, 14
"c:\Users\nukec\Documents\GitHub\voxelstation13\build_ninja\_deps\glm-src\test\ext\ext_matrix_relational.cpp", "C++", 0, 0, 0, 129, 0, 0, 0, 0, 0, 0, 0, 0, 0, 0, 0, 0, 0, 35, 164
"c:\Users\nukec\Documents\GitHub\voxelstation13\build_ninja\_deps\glm-src\test\ext\ext_matrix_transform.cpp", "C++", 0, 0, 0, 46, 0, 0, 0, 0, 0, 0, 0, 0, 0, 0, 0, 0, 0, 16, 62
"c:\Users\nukec\Documents\GitHub\voxelstation13\build_ninja\_deps\glm-src\test\ext\ext_matrix_uint2x2_sized.cpp", "C++", 0, 0, 0, 21, 0, 0, 0, 0, 0, 0, 0, 0, 0, 0, 0, 0, 0, 8, 29
"c:\Users\nukec\Documents\GitHub\voxelstation13\build_ninja\_deps\glm-src\test\ext\ext_matrix_uint2x3_sized.cpp", "C++", 0, 0, 0, 21, 0, 0, 0, 0, 0, 0, 0, 0, 0, 0, 0, 0, 0, 8, 29
"c:\Users\nukec\Documents\GitHub\voxelstation13\build_ninja\_deps\glm-src\test\ext\ext_matrix_uint2x4_sized.cpp", "C++", 0, 0, 0, 21, 0, 0, 0, 0, 0, 0, 0, 0, 0, 0, 0, 0, 0, 8, 29
"c:\Users\nukec\Documents\GitHub\voxelstation13\build_ninja\_deps\glm-src\test\ext\ext_matrix_uint3x2_sized.cpp", "C++", 0, 0, 0, 21, 0, 0, 0, 0, 0, 0, 0, 0, 0, 0, 0, 0, 0, 8, 29
"c:\Users\nukec\Documents\GitHub\voxelstation13\build_ninja\_deps\glm-src\test\ext\ext_matrix_uint3x3_sized.cpp", "C++", 0, 0, 0, 21, 0, 0, 0, 0, 0, 0, 0, 0, 0, 0, 0, 0, 0, 8, 29
"c:\Users\nukec\Documents\GitHub\voxelstation13\build_ninja\_deps\glm-src\test\ext\ext_matrix_uint3x4_sized.cpp", "C++", 0, 0, 0, 21, 0, 0, 0, 0, 0, 0, 0, 0, 0, 0, 0, 0, 0, 8, 29
"c:\Users\nukec\Documents\GitHub\voxelstation13\build_ninja\_deps\glm-src\test\ext\ext_matrix_uint4x2_sized.cpp", "C++", 0, 0, 0, 21, 0, 0, 0, 0, 0, 0, 0, 0, 0, 0, 0, 0, 0, 8, 29
"c:\Users\nukec\Documents\GitHub\voxelstation13\build_ninja\_deps\glm-src\test\ext\ext_matrix_uint4x3_sized.cpp", "C++", 0, 0, 0, 21, 0, 0, 0, 0, 0, 0, 0, 0, 0, 0, 0, 0, 0, 8, 29
"c:\Users\nukec\Documents\GitHub\voxelstation13\build_ninja\_deps\glm-src\test\ext\ext_matrix_uint4x4_sized.cpp", "C++", 0, 0, 0, 21, 0, 0, 0, 0, 0, 0, 0, 0, 0, 0, 0, 0, 0, 8, 29
"c:\Users\nukec\Documents\GitHub\voxelstation13\build_ninja\_deps\glm-src\test\ext\ext_quaternion_common.cpp", "C++", 0, 0, 0, 47, 0, 0, 0, 0, 0, 0, 0, 0, 0, 0, 0, 0, 0, 15, 62
"c:\Users\nukec\Documents\GitHub\voxelstation13\build_ninja\_deps\glm-src\test\ext\ext_quaternion_exponential.cpp", "C++", 0, 0, 0, 67, 0, 0, 0, 0, 0, 0, 0, 0, 0, 0, 0, 0, 0, 21, 88
"c:\Users\nukec\Documents\GitHub\voxelstation13\build_ninja\_deps\glm-src\test\ext\ext_quaternion_geometric.cpp", "C++", 0, 0, 0, 70, 0, 0, 0, 0, 0, 0, 0, 0, 0, 0, 0, 0, 0, 19, 89
"c:\Users\nukec\Documents\GitHub\voxelstation13\build_ninja\_deps\glm-src\test\ext\ext_quaternion_relational.cpp", "C++", 0, 0, 0, 41, 0, 0, 0, 0, 0, 0, 0, 0, 0, 0, 0, 0, 0, 11, 52
"c:\Users\nukec\Documents\GitHub\voxelstation13\build_ninja\_deps\glm-src\test\ext\ext_quaternion_transform.cpp", "C++", 0, 0, 0, 32, 0, 0, 0, 0, 0, 0, 0, 0, 0, 0, 0, 0, 2, 12, 46
"c:\Users\nukec\Documents\GitHub\voxelstation13\build_ninja\_deps\glm-src\test\ext\ext_quaternion_trigonometric.cpp", "C++", 0, 0, 0, 31, 0, 0, 0, 0, 0, 0, 0, 0, 0, 0, 0, 0, 0, 10, 41
"c:\Users\nukec\Documents\GitHub\voxelstation13\build_ninja\_deps\glm-src\test\ext\ext_quaternion_type.cpp", "C++", 0, 0, 0, 85, 0, 0, 0, 0, 0, 0, 0, 0, 0, 0, 0, 0, 4, 25, 114
"c:\Users\nukec\Documents\GitHub\voxelstation13\build_ninja\_deps\glm-src\test\ext\ext_scalar_common.cpp", "C++", 0, 0, 0, 277, 0, 0, 0, 0, 0, 0, 0, 0, 0, 0, 0, 0, 0, 85, 362
"c:\Users\nukec\Documents\GitHub\voxelstation13\build_ninja\_deps\glm-src\test\ext\ext_scalar_constants.cpp", "C++", 0, 0, 0, 27, 0, 0, 0, 0, 0, 0, 0, 0, 0, 0, 0, 0, 0, 10, 37
"c:\Users\nukec\Documents\GitHub\voxelstation13\build_ninja\_deps\glm-src\test\ext\ext_scalar_int_sized.cpp", "C++", 0, 0, 0, 33, 0, 0, 0, 0, 0, 0, 0, 0, 0, 0, 0, 0, 0, 11, 44
"c:\Users\nukec\Documents\GitHub\voxelstation13\build_ninja\_deps\glm-src\test\ext\ext_scalar_integer.cpp", "C++", 0, 0, 0, 567, 0, 0, 0, 0, 0, 0, 0, 0, 0, 0, 0, 0, 0, 149, 716
"c:\Users\nukec\Documents\GitHub\voxelstation13\build_ninja\_deps\glm-src\test\ext\ext_scalar_packing.cpp", "C++", 0, 0, 0, 19, 0, 0, 0, 0, 0, 0, 0, 0, 0, 0, 0, 0, 0, 10, 29
"c:\Users\nukec\Documents\GitHub\voxelstation13\build_ninja\_deps\glm-src\test\ext\ext_scalar_reciprocal.cpp", "C++", 0, 0, 0, 123, 0, 0, 0, 0, 0, 0, 0, 0, 0, 0, 0, 0, 0, 49, 172
"c:\Users\nukec\Documents\GitHub\voxelstation13\build_ninja\_deps\glm-src\test\ext\ext_scalar_relational.cpp", "C++", 0, 0, 0, 75, 0, 0, 0, 0, 0, 0, 0, 0, 0, 0, 0, 0, 0, 32, 107
"c:\Users\nukec\Documents\GitHub\voxelstation13\build_ninja\_deps\glm-src\test\ext\ext_scalar_uint_sized.cpp", "C++", 0, 0, 0, 33, 0, 0, 0, 0, 0, 0, 0, 0, 0, 0, 0, 0, 0, 11, 44
"c:\Users\nukec\Documents\GitHub\voxelstation13\build_ninja\_deps\glm-src\test\ext\ext_scalar_ulp.cpp", "C++", 0, 0, 0, 73, 0, 0, 0, 0, 0, 0, 0, 0, 0, 0, 0, 0, 0, 24, 97
"c:\Users\nukec\Documents\GitHub\voxelstation13\build_ninja\_deps\glm-src\test\ext\ext_vec1.cpp", "C++", 0, 0, 0, 127, 0, 0, 0, 0, 0, 0, 0, 0, 0, 0, 0, 0, 2, 39, 168
"c:\Users\nukec\Documents\GitHub\voxelstation13\build_ninja\_deps\glm-src\test\ext\ext_vector_bool1.cpp", "C++", 0, 0, 0, 80, 0, 0, 0, 0, 0, 0, 0, 0, 0, 0, 0, 0, 0, 25, 105
"c:\Users\nukec\Documents\GitHub\voxelstation13\build_ninja\_deps\glm-src\test\ext\ext_vector_common.cpp", "C++", 0, 0, 0, 282, 0, 0, 0, 0, 0, 0, 0, 0, 0, 0, 0, 0, 0, 81, 363
"c:\Users\nukec\Documents\GitHub\voxelstation13\build_ninja\_deps\glm-src\test\ext\ext_vector_iec559.cpp", "C++", 0, 0, 0, 126, 0, 0, 0, 0, 0, 0, 0, 0, 0, 0, 0, 0, 0, 41, 167
"c:\Users\nukec\Documents\GitHub\voxelstation13\build_ninja\_deps\glm-src\test\ext\ext_vector_int1_sized.cpp", "C++", 0, 0, 0, 31, 0, 0, 0, 0, 0, 0, 0, 0, 0, 0, 0, 0, 0, 11, 42
"c:\Users\nukec\Documents\GitHub\voxelstation13\build_ninja\_deps\glm-src\test\ext\ext_vector_int2_sized.cpp", "C++", 0, 0, 0, 31, 0, 0, 0, 0, 0, 0, 0, 0, 0, 0, 0, 0, 0, 11, 42
"c:\Users\nukec\Documents\GitHub\voxelstation13\build_ninja\_deps\glm-src\test\ext\ext_vector_int3_sized.cpp", "C++", 0, 0, 0, 31, 0, 0, 0, 0, 0, 0, 0, 0, 0, 0, 0, 0, 0, 11, 42
"c:\Users\nukec\Documents\GitHub\voxelstation13\build_ninja\_deps\glm-src\test\ext\ext_vector_int4_sized.cpp", "C++", 0, 0, 0, 31, 0, 0, 0, 0, 0, 0, 0, 0, 0, 0, 0, 0, 0, 11, 42
"c:\Users\nukec\Documents\GitHub\voxelstation13\build_ninja\_deps\glm-src\test\ext\ext_vector_integer.cpp", "C++", 0, 0, 0, 600, 0, 0, 0, 0, 0, 0, 0, 0, 0, 0, 0, 0, 8, 134, 742
"c:\Users\nukec\Documents\GitHub\voxelstation13\build_ninja\_deps\glm-src\test\ext\ext_vector_integer_sized.cpp", "C++", 0, 0, 0, 168, 0, 0, 0, 0, 0, 0, 0, 0, 0, 0, 0, 0, 0, 48, 216
"c:\Users\nukec\Documents\GitHub\voxelstation13\build_ninja\_deps\glm-src\test\ext\ext_vector_packing.cpp", "C++", 0, 0, 0, 47, 0, 0, 0, 0, 0, 0, 0, 0, 0, 0, 0, 0, 0, 12, 59
"c:\Users\nukec\Documents\GitHub\voxelstation13\build_ninja\_deps\glm-src\test\ext\ext_vector_reciprocal.cpp", "C++", 0, 0, 0, 131, 0, 0, 0, 0, 0, 0, 0, 0, 0, 0, 0, 0, 0, 56, 187
"c:\Users\nukec\Documents\GitHub\voxelstation13\build_ninja\_deps\glm-src\test\ext\ext_vector_relational.cpp", "C++", 0, 0, 0, 167, 0, 0, 0, 0, 0, 0, 0, 0, 0, 0, 0, 0, 0, 39, 206
"c:\Users\nukec\Documents\GitHub\voxelstation13\build_ninja\_deps\glm-src\test\ext\ext_vector_uint1_sized.cpp", "C++", 0, 0, 0, 31, 0, 0, 0, 0, 0, 0, 0, 0, 0, 0, 0, 0, 0, 11, 42
"c:\Users\nukec\Documents\GitHub\voxelstation13\build_ninja\_deps\glm-src\test\ext\ext_vector_uint2_sized.cpp", "C++", 0, 0, 0, 31, 0, 0, 0, 0, 0, 0, 0, 0, 0, 0, 0, 0, 0, 11, 42
"c:\Users\nukec\Documents\GitHub\voxelstation13\build_ninja\_deps\glm-src\test\ext\ext_vector_uint3_sized.cpp", "C++", 0, 0, 0, 31, 0, 0, 0, 0, 0, 0, 0, 0, 0, 0, 0, 0, 0, 11, 42
"c:\Users\nukec\Documents\GitHub\voxelstation13\build_ninja\_deps\glm-src\test\ext\ext_vector_uint4_sized.cpp", "C++", 0, 0, 0, 31, 0, 0, 0, 0, 0, 0, 0, 0, 0, 0, 0, 0, 0, 11, 42
"c:\Users\nukec\Documents\GitHub\voxelstation13\build_ninja\_deps\glm-src\test\ext\ext_vector_ulp.cpp", "C++", 0, 0, 0, 76, 0, 0, 0, 0, 0, 0, 0, 0, 0, 0, 0, 0, 0, 24, 100
"c:\Users\nukec\Documents\GitHub\voxelstation13\build_ninja\_deps\glm-src\test\gtc\CMakeLists.txt", "CMake", 0, 0, 0, 0, 20, 0, 0, 0, 0, 0, 0, 0, 0, 0, 0, 0, 0, 1, 21
"c:\Users\nukec\Documents\GitHub\voxelstation13\build_ninja\_deps\glm-src\test\gtc\gtc_bitfield.cpp", "C++", 0, 0, 0, 596, 0, 0, 0, 0, 0, 0, 0, 0, 0, 0, 0, 0, 225, 185, 1006
"c:\Users\nukec\Documents\GitHub\voxelstation13\build_ninja\_deps\glm-src\test\gtc\gtc_color_space.cpp", "C++", 0, 0, 0, 60, 0, 0, 0, 0, 0, 0, 0, 0, 0, 0, 0, 0, 0, 17, 77
"c:\Users\nukec\Documents\GitHub\voxelstation13\build_ninja\_deps\glm-src\test\gtc\gtc_constants.cpp", "C++", 0, 0, 0, 20, 0, 0, 0, 0, 0, 0, 0, 0, 0, 0, 0, 0, 3, 8, 31
"c:\Users\nukec\Documents\GitHub\voxelstation13\build_ninja\_deps\glm-src\test\gtc\gtc_epsilon.cpp", "C++", 0, 0, 0, 62, 0, 0, 0, 0, 0, 0, 0, 0, 0, 0, 0, 0, 0, 19, 81
"c:\Users\nukec\Documents\GitHub\voxelstation13\build_ninja\_deps\glm-src\test\gtc\gtc_integer.cpp", "C++", 0, 0, 0, 217, 0, 0, 0, 0, 0, 0, 0, 0, 0, 0, 0, 0, 0, 65, 282
"c:\Users\nukec\Documents\GitHub\voxelstation13\build_ninja\_deps\glm-src\test\gtc\gtc_matrix_access.cpp", "C++", 0, 0, 0, 281, 0, 0, 0, 0, 0, 0, 0, 0, 0, 0, 0, 0, 0, 103, 384
"c:\Users\nukec\Documents\GitHub\voxelstation13\build_ninja\_deps\glm-src\test\gtc\gtc_matrix_integer.cpp", "C++", 0, 0, 0, 6, 0, 0, 0, 0, 0, 0, 0, 0, 0, 0, 0, 0, 0, 3, 9
"c:\Users\nukec\Documents\GitHub\voxelstation13\build_ninja\_deps\glm-src\test\gtc\gtc_matrix_inverse.cpp", "C++", 0, 0, 0, 42, 0, 0, 0, 0, 0, 0, 0, 0, 0, 0, 0, 0, 0, 10, 52
"c:\Users\nukec\Documents\GitHub\voxelstation13\build_ninja\_deps\glm-src\test\gtc\gtc_matrix_transform.cpp", "C++", 0, 0, 0, 130, 0, 0, 0, 0, 0, 0, 0, 0, 0, 0, 0, 0, 0, 32, 162
"c:\Users\nukec\Documents\GitHub\voxelstation13\build_ninja\_deps\glm-src\test\gtc\gtc_noise.cpp", "C++", 0, 0, 0, 63, 0, 0, 0, 0, 0, 0, 0, 0, 0, 0, 0, 0, 0, 24, 87
"c:\Users\nukec\Documents\GitHub\voxelstation13\build_ninja\_deps\glm-src\test\gtc\gtc_packing.cpp", "C++", 0, 0, 0, 645, 0, 0, 0, 0, 0, 0, 0, 0, 0, 0, 0, 0, 53, 182, 880
"c:\Users\nukec\Documents\GitHub\voxelstation13\build_ninja\_deps\glm-src\test\gtc\gtc_quaternion.cpp", "C++", 0, 0, 0, 230, 0, 0, 0, 0, 0, 0, 0, 0, 0, 0, 0, 0, 48, 71, 349
"c:\Users\nukec\Documents\GitHub\voxelstation13\build_ninja\_deps\glm-src\test\gtc\gtc_random.cpp", "C++", 0, 0, 0, 282, 0, 0, 0, 0, 0, 0, 0, 0, 0, 0, 0, 0, 46, 54, 382
"c:\Users\nukec\Documents\GitHub\voxelstation13\build_ninja\_deps\glm-src\test\gtc\gtc_reciprocal.cpp", "C++", 0, 0, 0, 6, 0, 0, 0, 0, 0, 0, 0, 0, 0, 0, 0, 0, 0, 3, 9
"c:\Users\nukec\Documents\GitHub\voxelstation13\build_ninja\_deps\glm-src\test\gtc\gtc_round.cpp", "C++", 0, 0, 0, 375, 0, 0, 0, 0, 0, 0, 0, 0, 0, 0, 0, 0, 0, 93, 468
"c:\Users\nukec\Documents\GitHub\voxelstation13\build_ninja\_deps\glm-src\test\gtc\gtc_type_aligned.cpp", "C++", 0, 0, 0, 265, 0, 0, 0, 0, 0, 0, 0, 0, 0, 0, 0, 0, 1, 56, 322
"c:\Users\nukec\Documents\GitHub\voxelstation13\build_ninja\_deps\glm-src\test\gtc\gtc_type_precision.cpp", "C++", 0, 0, 0, 864, 0, 0, 0, 0, 0, 0, 0, 0, 0, 0, 0, 0, 0, 181, 1045
"c:\Users\nukec\Documents\GitHub\voxelstation13\build_ninja\_deps\glm-src\test\gtc\gtc_type_ptr.cpp", "C++", 0, 0, 0, 311, 0, 0, 0, 0, 0, 0, 0, 0, 0, 0, 0, 0, 0, 77, 388
"c:\Users\nukec\Documents\GitHub\voxelstation13\build_ninja\_deps\glm-src\test\gtc\gtc_ulp.cpp", "C++", 0, 0, 0, 74, 0, 0, 0, 0, 0, 0, 0, 0, 0, 0, 0, 0, 0, 26, 100
"c:\Users\nukec\Documents\GitHub\voxelstation13\build_ninja\_deps\glm-src\test\gtc\gtc_user_defined_types.cpp", "C++", 0, 0, 0, 14, 0, 0, 0, 0, 0, 0, 0, 0, 0, 0, 0, 0, 9, 8, 31
"c:\Users\nukec\Documents\GitHub\voxelstation13\build_ninja\_deps\glm-src\test\gtc\gtc_vec1.cpp", "C++", 0, 0, 0, 6, 0, 0, 0, 0, 0, 0, 0, 0, 0, 0, 0, 0, 0, 3, 9
"c:\Users\nukec\Documents\GitHub\voxelstation13\build_ninja\_deps\glm-src\test\gtx\CMakeLists.txt", "CMake", 0, 0, 0, 0, 59, 0, 0, 0, 0, 0, 0, 0, 0, 0, 0, 0, 0, 1, 60
"c:\Users\nukec\Documents\GitHub\voxelstation13\build_ninja\_deps\glm-src\test\gtx\gtx.cpp", "C++", 0, 0, 0, 6, 0, 0, 0, 0, 0, 0, 0, 0, 0, 0, 0, 0, 0, 3, 9
"c:\Users\nukec\Documents\GitHub\voxelstation13\build_ninja\_deps\glm-src\test\gtx\gtx_associated_min_max.cpp", "C++", 0, 0, 0, 8, 0, 0, 0, 0, 0, 0, 0, 0, 0, 0, 0, 0, 0, 3, 11
"c:\Users\nukec\Documents\GitHub\voxelstation13\build_ninja\_deps\glm-src\test\gtx\gtx_closest_point.cpp", "C++", 0, 0, 0, 7, 0, 0, 0, 0, 0, 0, 0, 0, 0, 0, 0, 0, 0, 3, 10
"c:\Users\nukec\Documents\GitHub\voxelstation13\build_ninja\_deps\glm-src\test\gtx\gtx_color_encoding.cpp", "C++", 0, 0, 0, 36, 0, 0, 0, 0, 0, 0, 0, 0, 0, 0, 0, 0, 7, 10, 53
"c:\Users\nukec\Documents\GitHub\voxelstation13\build_ninja\_deps\glm-src\test\gtx\gtx_color_space.cpp", "C++", 0, 0, 0, 25, 0, 0, 0, 0, 0, 0, 0, 0, 0, 0, 0, 0, 0, 12, 37
"c:\Users\nukec\Documents\GitHub\voxelstation13\build_ninja\_deps\glm-src\test\gtx\gtx_color_space_YCoCg.cpp", "C++", 0, 0, 0, 12, 0, 0, 0, 0, 0, 0, 0, 0, 0, 0, 0, 0, 0, 6, 18
"c:\Users\nukec\Documents\GitHub\voxelstation13\build_ninja\_deps\glm-src\test\gtx\gtx_common.cpp", "C++", 0, 0, 0, 116, 0, 0, 0, 0, 0, 0, 0, 0, 0, 0, 0, 0, 4, 42, 162
"c:\Users\nukec\Documents\GitHub\voxelstation13\build_ninja\_deps\glm-src\test\gtx\gtx_compatibility.cpp", "C++", 0, 0, 0, 15, 0, 0, 0, 0, 0, 0, 0, 0, 0, 0, 0, 0, 0, 5, 20
"c:\Users\nukec\Documents\GitHub\voxelstation13\build_ninja\_deps\glm-src\test\gtx\gtx_component_wise.cpp", "C++", 0, 0, 0, 141, 0, 0, 0, 0, 0, 0, 0, 0, 0, 0, 0, 0, 0, 42, 183
"c:\Users\nukec\Documents\GitHub\voxelstation13\build_ninja\_deps\glm-src\test\gtx\gtx_dual_quaternion.cpp", "C++", 0, 0, 0, 154, 0, 0, 0, 0, 0, 0, 0, 0, 0, 0, 0, 0, 7, 45, 206
"c:\Users\nukec\Documents\GitHub\voxelstation13\build_ninja\_deps\glm-src\test\gtx\gtx_easing.cpp", "C++", 0, 0, 0, 48, 0, 0, 0, 0, 0, 0, 0, 0, 0, 0, 0, 0, 0, 16, 64
"c:\Users\nukec\Documents\GitHub\voxelstation13\build_ninja\_deps\glm-src\test\gtx\gtx_euler_angle.cpp", "C++", 0, 0, 0, 446, 0, 0, 0, 0, 0, 0, 0, 0, 0, 0, 0, 0, 1, 91, 538
"c:\Users\nukec\Documents\GitHub\voxelstation13\build_ninja\_deps\glm-src\test\gtx\gtx_extend.cpp", "C++", 0, 0, 0, 7, 0, 0, 0, 0, 0, 0, 0, 0, 0, 0, 0, 0, 0, 3, 10
"c:\Users\nukec\Documents\GitHub\voxelstation13\build_ninja\_deps\glm-src\test\gtx\gtx_extended_min_max.cpp", "C++", 0, 0, 0, 78, 0, 0, 0, 0, 0, 0, 0, 0, 0, 0, 0, 0, 1, 23, 102
"c:\Users\nukec\Documents\GitHub\voxelstation13\build_ninja\_deps\glm-src\test\gtx\gtx_extented_min_max.cpp", "C++", 0, 0, 0, 6, 0, 0, 0, 0, 0, 0, 0, 0, 0, 0, 0, 0, 30, 4, 40
"c:\Users\nukec\Documents\GitHub\voxelstation13\build_ninja\_deps\glm-src\test\gtx\gtx_exterior_product.cpp", "C++", 0, 0, 0, 11, 0, 0, 0, 0, 0, 0, 0, 0, 0, 0, 0, 0, 0, 5, 16
"c:\Users\nukec\Documents\GitHub\voxelstation13\build_ninja\_deps\glm-src\test\gtx\gtx_fast_exponential.cpp", "C++", 0, 0, 0, 7, 0, 0, 0, 0, 0, 0, 0, 0, 0, 0, 0, 0, 0, 3, 10
"c:\Users\nukec\Documents\GitHub\voxelstation13\build_ninja\_deps\glm-src\test\gtx\gtx_fast_square_root.cpp", "C++", 0, 0, 0, 35, 0, 0, 0, 0, 0, 0, 0, 0, 0, 0, 0, 0, 0, 11, 46
"c:\Users\nukec\Documents\GitHub\voxelstation13\build_ninja\_deps\glm-src\test\gtx\gtx_fast_trigonometry.cpp", "C++", 0, 0, 0, 395, 0, 0, 0, 0, 0, 0, 0, 0, 0, 0, 0, 0, 76, 122, 593
"c:\Users\nukec\Documents\GitHub\voxelstation13\build_ninja\_deps\glm-src\test\gtx\gtx_functions.cpp", "C++", 0, 0, 0, 27, 0, 0, 0, 0, 0, 0, 0, 0, 0, 0, 0, 0, 0, 11, 38
"c:\Users\nukec\Documents\GitHub\voxelstation13\build_ninja\_deps\glm-src\test\gtx\gtx_gradient_paint.cpp", "C++", 0, 0, 0, 23, 0, 0, 0, 0, 0, 0, 0, 0, 0, 0, 0, 0, 0, 12, 35
"c:\Users\nukec\Documents\GitHub\voxelstation13\build_ninja\_deps\glm-src\test\gtx\gtx_handed_coordinate_space.cpp", "C++", 0, 0, 0, 7, 0, 0, 0, 0, 0, 0, 0, 0, 0, 0, 0, 0, 0, 3, 10
"c:\Users\nukec\Documents\GitHub\voxelstation13\build_ninja\_deps\glm-src\test\gtx\gtx_hash.cpp", "C++", 0, 0, 0, 59, 0, 0, 0, 0, 0, 0, 0, 0, 0, 0, 0, 0, 3, 19, 81
"c:\Users\nukec\Documents\GitHub\voxelstation13\build_ninja\_deps\glm-src\test\gtx\gtx_int_10_10_10_2.cpp", "C++", 0, 0, 0, 7, 0, 0, 0, 0, 0, 0, 0, 0, 0, 0, 0, 0, 8, 4, 19
"c:\Users\nukec\Documents\GitHub\voxelstation13\build_ninja\_deps\glm-src\test\gtx\gtx_integer.cpp", "C++", 0, 0, 0, 63, 0, 0, 0, 0, 0, 0, 0, 0, 0, 0, 0, 0, 20, 26, 109
"c:\Users\nukec\Documents\GitHub\voxelstation13\build_ninja\_deps\glm-src\test\gtx\gtx_intersect.cpp", "C++", 0, 0, 0, 69, 0, 0, 0, 0, 0, 0, 0, 0, 0, 0, 0, 0, 2, 18, 89
"c:\Users\nukec\Documents\GitHub\voxelstation13\build_ninja\_deps\glm-src\test\gtx\gtx_io.cpp", "C++", 0, 0, 0, 153, 0, 0, 0, 0, 0, 0, 0, 0, 0, 0, 0, 0, 0, 34, 187
"c:\Users\nukec\Documents\GitHub\voxelstation13\build_ninja\_deps\glm-src\test\gtx\gtx_load.cpp", "C++", 0, 0, 0, 6, 0, 0, 0, 0, 0, 0, 0, 0, 0, 0, 0, 0, 118, 1, 125
"c:\Users\nukec\Documents\GitHub\voxelstation13\build_ninja\_deps\glm-src\test\gtx\gtx_log_base.cpp", "C++", 0, 0, 0, 44, 0, 0, 0, 0, 0, 0, 0, 0, 0, 0, 0, 0, 0, 11, 55
"c:\Users\nukec\Documents\GitHub\voxelstation13\build_ninja\_deps\glm-src\test\gtx\gtx_matrix_cross_product.cpp", "C++", 0, 0, 0, 7, 0, 0, 0, 0, 0, 0, 0, 0, 0, 0, 0, 0, 0, 3, 10
"c:\Users\nukec\Documents\GitHub\voxelstation13\build_ninja\_deps\glm-src\test\gtx\gtx_matrix_decompose.cpp", "C++", 0, 0, 0, 40, 0, 0, 0, 0, 0, 0, 0, 0, 0, 0, 0, 0, 0, 20, 60
"c:\Users\nukec\Documents\GitHub\voxelstation13\build_ninja\_deps\glm-src\test\gtx\gtx_matrix_factorisation.cpp", "C++", 0, 0, 0, 64, 0, 0, 0, 0, 0, 0, 0, 0, 0, 0, 0, 0, 12, 30, 106
"c:\Users\nukec\Documents\GitHub\voxelstation13\build_ninja\_deps\glm-src\test\gtx\gtx_matrix_interpolation.cpp", "C++", 0, 0, 0, 98, 0, 0, 0, 0, 0, 0, 0, 0, 0, 0, 0, 0, 0, 25, 123
"c:\Users\nukec\Documents\GitHub\voxelstation13\build_ninja\_deps\glm-src\test\gtx\gtx_matrix_major_storage.cpp", "C++", 0, 0, 0, 7, 0, 0, 0, 0, 0, 0, 0, 0, 0, 0, 0, 0, 0, 3, 10
"c:\Users\nukec\Documents\GitHub\voxelstation13\build_ninja\_deps\glm-src\test\gtx\gtx_matrix_operation.cpp", "C++", 0, 0, 0, 65, 0, 0, 0, 0, 0, 0, 0, 0, 0, 0, 0, 0, 3, 19, 87
"c:\Users\nukec\Documents\GitHub\voxelstation13\build_ninja\_deps\glm-src\test\gtx\gtx_matrix_query.cpp", "C++", 0, 0, 0, 55, 0, 0, 0, 0, 0, 0, 0, 0, 0, 0, 0, 0, 0, 18, 73
"c:\Users\nukec\Documents\GitHub\voxelstation13\build_ninja\_deps\glm-src\test\gtx\gtx_matrix_transform_2d.cpp", "C++", 0, 0, 0, 7, 0, 0, 0, 0, 0, 0, 0, 0, 0, 0, 0, 0, 0, 3, 10
"c:\Users\nukec\Documents\GitHub\voxelstation13\build_ninja\_deps\glm-src\test\gtx\gtx_mixed_product.cpp", "C++", 0, 0, 0, 7, 0, 0, 0, 0, 0, 0, 0, 0, 0, 0, 0, 0, 8, 4, 19
"c:\Users\nukec\Documents\GitHub\voxelstation13\build_ninja\_deps\glm-src\test\gtx\gtx_norm.cpp", "C++", 0, 0, 0, 65, 0, 0, 0, 0, 0, 0, 0, 0, 0, 0, 0, 0, 0, 16, 81
"c:\Users\nukec\Documents\GitHub\voxelstation13\build_ninja\_deps\glm-src\test\gtx\gtx_normal.cpp", "C++", 0, 0, 0, 7, 0, 0, 0, 0, 0, 0, 0, 0, 0, 0, 0, 0, 0, 3, 10
"c:\Users\nukec\Documents\GitHub\voxelstation13\build_ninja\_deps\glm-src\test\gtx\gtx_normalize_dot.cpp", "C++", 0, 0, 0, 7, 0, 0, 0, 0, 0, 0, 0, 0, 0, 0, 0, 0, 0, 3, 10
"c:\Users\nukec\Documents\GitHub\voxelstation13\build_ninja\_deps\glm-src\test\gtx\gtx_optimum_pow.cpp", "C++", 0, 0, 0, 7, 0, 0, 0, 0, 0, 0, 0, 0, 0, 0, 0, 0, 0, 3, 10
"c:\Users\nukec\Documents\GitHub\voxelstation13\build_ninja\_deps\glm-src\test\gtx\gtx_orthonormalize.cpp", "C++", 0, 0, 0, 7, 0, 0, 0, 0, 0, 0, 0, 0, 0, 0, 0, 0, 0, 3, 10
"c:\Users\nukec\Documents\GitHub\voxelstation13\build_ninja\_deps\glm-src\test\gtx\gtx_pca.cpp", "C++", 0, 0, 0, 633, 0, 0, 0, 0, 0, 0, 0, 0, 0, 0, 0, 0, 42, 59, 734
"c:\Users\nukec\Documents\GitHub\voxelstation13\build_ninja\_deps\glm-src\test\gtx\gtx_perpendicular.cpp", "C++", 0, 0, 0, 7, 0, 0, 0, 0, 0, 0, 0, 0, 0, 0, 0, 0, 0, 3, 10
"c:\Users\nukec\Documents\GitHub\voxelstation13\build_ninja\_deps\glm-src\test\gtx\gtx_polar_coordinates.cpp", "C++", 0, 0, 0, 7, 0, 0, 0, 0, 0, 0, 0, 0, 0, 0, 0, 0, 0, 3, 10
"c:\Users\nukec\Documents\GitHub\voxelstation13\build_ninja\_deps\glm-src\test\gtx\gtx_projection.cpp", "C++", 0, 0, 0, 7, 0, 0, 0, 0, 0, 0, 0, 0, 0, 0, 0, 0, 0, 3, 10
"c:\Users\nukec\Documents\GitHub\voxelstation13\build_ninja\_deps\glm-src\test\gtx\gtx_quaternion.cpp", "C++", 0, 0, 0, 85, 0, 0, 0, 0, 0, 0, 0, 0, 0, 0, 0, 0, 0, 28, 113
"c:\Users\nukec\Documents\GitHub\voxelstation13\build_ninja\_deps\glm-src\test\gtx\gtx_random.cpp", "C++", 0, 0, 0, 75, 0, 0, 0, 0, 0, 0, 0, 0, 0, 0, 0, 0, 8, 17, 100
"c:\Users\nukec\Documents\GitHub\voxelstation13\build_ninja\_deps\glm-src\test\gtx\gtx_range.cpp", "C++", 0, 0, 0, 66, 0, 0, 0, 0, 0, 0, 0, 0, 0, 0, 0, 0, 0, 18, 84
"c:\Users\nukec\Documents\GitHub\voxelstation13\build_ninja\_deps\glm-src\test\gtx\gtx_rotate_normalized_axis.cpp", "C++", 0, 0, 0, 7, 0, 0, 0, 0, 0, 0, 0, 0, 0, 0, 0, 0, 0, 3, 10
"c:\Users\nukec\Documents\GitHub\voxelstation13\build_ninja\_deps\glm-src\test\gtx\gtx_rotate_vector.cpp", "C++", 0, 0, 0, 62, 0, 0, 0, 0, 0, 0, 0, 0, 0, 0, 0, 0, 0, 27, 89
"c:\Users\nukec\Documents\GitHub\voxelstation13\build_ninja\_deps\glm-src\test\gtx\gtx_scalar_multiplication.cpp", "C++", 0, 0, 0, 28, 0, 0, 0, 0, 0, 0, 0, 0, 0, 0, 0, 0, 0, 11, 39
"c:\Users\nukec\Documents\GitHub\voxelstation13\build_ninja\_deps\glm-src\test\gtx\gtx_scalar_relational.cpp", "C++", 0, 0, 0, 144, 0, 0, 0, 0, 0, 0, 0, 0, 0, 0, 0, 0, 0, 31, 175
"c:\Users\nukec\Documents\GitHub\voxelstation13\build_ninja\_deps\glm-src\test\gtx\gtx_simd_mat4.cpp", "C++", 0, 0, 0, 225, 0, 0, 0, 0, 0, 0, 0, 0, 0, 0, 0, 0, 37, 63, 325
"c:\Users\nukec\Documents\GitHub\voxelstation13\build_ninja\_deps\glm-src\test\gtx\gtx_simd_vec4.cpp", "C++", 0, 0, 0, 25, 0, 0, 0, 0, 0, 0, 0, 0, 0, 0, 0, 0, 35, 12, 72
"c:\Users\nukec\Documents\GitHub\voxelstation13\build_ninja\_deps\glm-src\test\gtx\gtx_spline.cpp", "C++", 0, 0, 0, 93, 0, 0, 0, 0, 0, 0, 0, 0, 0, 0, 0, 0, 0, 29, 122
"c:\Users\nukec\Documents\GitHub\voxelstation13\build_ninja\_deps\glm-src\test\gtx\gtx_string_cast.cpp", "C++", 0, 0, 0, 117, 0, 0, 0, 0, 0, 0, 0, 0, 0, 0, 0, 0, 0, 40, 157
"c:\Users\nukec\Documents\GitHub\voxelstation13\build_ninja\_deps\glm-src\test\gtx\gtx_texture.cpp", "C++", 0, 0, 0, 16, 0, 0, 0, 0, 0, 0, 0, 0, 0, 0, 0, 0, 0, 8, 24
"c:\Users\nukec\Documents\GitHub\voxelstation13\build_ninja\_deps\glm-src\test\gtx\gtx_type_aligned.cpp", "C++", 0, 0, 0, 115, 0, 0, 0, 0, 0, 0, 0, 0, 0, 0, 0, 0, 0, 36, 151
"c:\Users\nukec\Documents\GitHub\voxelstation13\build_ninja\_deps\glm-src\test\gtx\gtx_type_trait.cpp", "C++", 0, 0, 0, 8, 0, 0, 0, 0, 0, 0, 0, 0, 0, 0, 0, 0, 0, 4, 12
"c:\Users\nukec\Documents\GitHub\voxelstation13\build_ninja\_deps\glm-src\test\gtx\gtx_vec_swizzle.cpp", "C++", 0, 0, 0, 7, 0, 0, 0, 0, 0, 0, 0, 0, 0, 0, 0, 0, 0, 5, 12
"c:\Users\nukec\Documents\GitHub\voxelstation13\build_ninja\_deps\glm-src\test\gtx\gtx_vector_angle.cpp", "C++", 0, 0, 0, 45, 0, 0, 0, 0, 0, 0, 0, 0, 0, 0, 0, 0, 0, 15, 60
"c:\Users\nukec\Documents\GitHub\voxelstation13\build_ninja\_deps\glm-src\test\gtx\gtx_vector_query.cpp", "C++", 0, 0, 0, 60, 0, 0, 0, 0, 0, 0, 0, 0, 0, 0, 0, 0, 0, 23, 83
"c:\Users\nukec\Documents\GitHub\voxelstation13\build_ninja\_deps\glm-src\test\gtx\gtx_wrap.cpp", "C++", 0, 0, 0, 135, 0, 0, 0, 0, 0, 0, 0, 0, 0, 0, 0, 0, 0, 57, 192
"c:\Users\nukec\Documents\GitHub\voxelstation13\build_ninja\_deps\glm-src\test\perf\CMakeLists.txt", "CMake", 0, 0, 0, 0, 6, 0, 0, 0, 0, 0, 0, 0, 0, 0, 0, 0, 0, 1, 7
"c:\Users\nukec\Documents\GitHub\voxelstation13\build_ninja\_deps\glm-src\test\perf\perf_matrix_div.cpp", "C++", 0, 0, 0, 114, 0, 0, 0, 0, 0, 0, 0, 0, 0, 0, 0, 0, 0, 40, 154
"c:\Users\nukec\Documents\GitHub\voxelstation13\build_ninja\_deps\glm-src\test\perf\perf_matrix_inverse.cpp", "C++", 0, 0, 0, 111, 0, 0, 0, 0, 0, 0, 0, 0, 0, 0, 0, 0, 0, 41, 152
"c:\Users\nukec\Documents\GitHub\voxelstation13\build_ninja\_deps\glm-src\test\perf\perf_matrix_mul.cpp", "C++", 0, 0, 0, 115, 0, 0, 0, 0, 0, 0, 0, 0, 0, 0, 0, 0, 0, 40, 155
"c:\Users\nukec\Documents\GitHub\voxelstation13\build_ninja\_deps\glm-src\test\perf\perf_matrix_mul_vector.cpp", "C++", 0, 0, 0, 115, 0, 0, 0, 0, 0, 0, 0, 0, 0, 0, 0, 0, 0, 40, 155
"c:\Users\nukec\Documents\GitHub\voxelstation13\build_ninja\_deps\glm-src\test\perf\perf_matrix_transpose.cpp", "C++", 0, 0, 0, 111, 0, 0, 0, 0, 0, 0, 0, 0, 0, 0, 0, 0, 0, 40, 151
"c:\Users\nukec\Documents\GitHub\voxelstation13\build_ninja\_deps\glm-src\test\perf\perf_vector_mul_matrix.cpp", "C++", 0, 0, 0, 115, 0, 0, 0, 0, 0, 0, 0, 0, 0, 0, 0, 0, 0, 40, 155
"c:\Users\nukec\Documents\GitHub\voxelstation13\build_ninja\_deps\glm-subbuild\CMakeCache.txt", "CMake Cache", 0, 0, 0, 0, 0, 0, 100, 0, 0, 0, 0, 0, 0, 0, 0, 0, 0, 22, 122
"c:\Users\nukec\Documents\GitHub\voxelstation13\build_ninja\_deps\glm-subbuild\CMakeFiles\4.2.0\CMakeSystem.cmake", "CMake", 0, 0, 0, 0, 10, 0, 0, 0, 0, 0, 0, 0, 0, 0, 0, 0, 0, 6, 16
"c:\Users\nukec\Documents\GitHub\voxelstation13\build_ninja\_deps\glm-subbuild\CMakeFiles\CMakeConfigureLog.yaml", "YAML", 0, 0, 0, 0, 0, 10, 0, 0, 0, 0, 0, 0, 0, 0, 0, 0, 0, 2, 12
"c:\Users\nukec\Documents\GitHub\voxelstation13\build_ninja\_deps\glm-subbuild\CMakeFiles\InstallScripts.json", "JSON", 0, 7, 0, 0, 0, 0, 0, 0, 0, 0, 0, 0, 0, 0, 0, 0, 0, 1, 8
"c:\Users\nukec\Documents\GitHub\voxelstation13\build_ninja\_deps\glm-subbuild\CMakeFiles\glm-populate.dir\Labels.json", "JSON", 0, 46, 0, 0, 0, 0, 0, 0, 0, 0, 0, 0, 0, 0, 0, 0, 0, 0, 46
"c:\Users\nukec\Documents\GitHub\voxelstation13\build_ninja\_deps\glm-subbuild\CMakeLists.txt", "CMake", 0, 0, 0, 0, 32, 0, 0, 0, 0, 0, 0, 0, 0, 0, 0, 0, 0, 11, 43
"c:\Users\nukec\Documents\GitHub\voxelstation13\build_ninja\_deps\glm-subbuild\cmake_install.cmake", "CMake", 0, 0, 0, 0, 50, 0, 0, 0, 0, 0, 0, 0, 0, 0, 0, 0, 0, 7, 57
"c:\Users\nukec\Documents\GitHub\voxelstation13\build_ninja\_deps\glm-subbuild\glm-populate-prefix\tmp\glm-populate-gitclone.cmake", "CMake", 0, 0, 0, 0, 79, 0, 0, 0, 0, 0, 0, 0, 0, 0, 0, 0, 0, 9, 88
"c:\Users\nukec\Documents\GitHub\voxelstation13\build_ninja\_deps\glm-subbuild\glm-populate-prefix\tmp\glm-populate-gitupdate.cmake", "CMake", 0, 0, 0, 0, 288, 0, 0, 0, 0, 0, 0, 0, 0, 0, 0, 0, 0, 30, 318
"c:\Users\nukec\Documents\GitHub\voxelstation13\build_ninja\_deps\glm-subbuild\glm-populate-prefix\tmp\glm-populate-mkdirs.cmake", "CMake", 0, 0, 0, 0, 24, 0, 0, 0, 0, 0, 0, 0, 0, 0, 0, 0, 0, 4, 28
"c:\Users\nukec\Documents\GitHub\voxelstation13\build_ninja\_deps\stb-src\.NO_AI\README.md", "Markdown", 0, 0, 0, 0, 0, 0, 0, 0, 1, 0, 0, 0, 0, 0, 0, 0, 0, 3, 4
"c:\Users\nukec\Documents\GitHub\voxelstation13\build_ninja\_deps\stb-src\.github\ISSUE_TEMPLATE\1-stb_image-doesn-t-load-specific-image-correctly.md", "Markdown", 0, 0, 0, 0, 0, 0, 0, 0, 11, 0, 0, 0, 0, 0, 0, 0, 0, 5, 16
"c:\Users\nukec\Documents\GitHub\voxelstation13\build_ninja\_deps\stb-src\.github\ISSUE_TEMPLATE\2-bug_report.md", "Markdown", 0, 0, 0, 0, 0, 0, 0, 0, 23, 0, 0, 0, 0, 0, 0, 0, 0, 8, 31
"c:\Users\nukec\Documents\GitHub\voxelstation13\build_ninja\_deps\stb-src\.github\ISSUE_TEMPLATE\3-feature_request.md", "Markdown", 0, 0, 0, 0, 0, 0, 0, 0, 15, 0, 0, 0, 0, 0, 0, 0, 0, 6, 21
"c:\Users\nukec\Documents\GitHub\voxelstation13\build_ninja\_deps\stb-src\.github\ISSUE_TEMPLATE\config.yml", "YAML", 0, 0, 0, 0, 0, 5, 0, 0, 0, 0, 0, 0, 0, 0, 0, 0, 0, 1, 6
"c:\Users\nukec\Documents\GitHub\voxelstation13\build_ninja\_deps\stb-src\.github\PULL_REQUEST_TEMPLATE.md", "Markdown", 0, 0, 0, 0, 0, 0, 0, 0, 5, 0, 0, 0, 0, 0, 0, 0, 0, 2, 7
"c:\Users\nukec\Documents\GitHub\voxelstation13\build_ninja\_deps\stb-src\.github\workflows\ci-fuzz.yml", "YAML", 0, 0, 0, 0, 0, 23, 0, 0, 0, 0, 0, 0, 0, 0, 0, 0, 0, 1, 24
"c:\Users\nukec\Documents\GitHub\voxelstation13\build_ninja\_deps\stb-src\.travis.yml", "YAML", 0, 0, 0, 0, 0, 8, 0, 0, 0, 0, 0, 0, 0, 0, 0, 0, 0, 1, 9
"c:\Users\nukec\Documents\GitHub\voxelstation13\build_ninja\_deps\stb-src\CONTRIBUTING.md", "Markdown", 0, 0, 0, 0, 0, 0, 0, 0, 35, 0, 0, 0, 0, 0, 0, 0, 0, 20, 55
"c:\Users\nukec\Documents\GitHub\voxelstation13\build_ninja\_deps\stb-src\README.md", "Markdown", 0, 0, 0, 0, 0, 0, 0, 0, 133, 0, 0, 0, 0, 0, 0, 0, 1, 51, 185
"c:\Users\nukec\Documents\GitHub\voxelstation13\build_ninja\_deps\stb-src\SECURITY.md", "Markdown", 0, 0, 0, 0, 0, 0, 0, 0, 2, 0, 0, 0, 0, 0, 0, 0, 0, 1, 3
"c:\Users\nukec\Documents\GitHub\voxelstation13\build_ninja\_deps\stb-src\deprecated\rrsprintf.h", "C++", 0, 0, 0, 714, 0, 0, 0, 0, 0, 0, 0, 0, 0, 0, 0, 0, 206, 136, 1056
"c:\Users\nukec\Documents\GitHub\voxelstation13\build_ninja\_deps\stb-src\deprecated\stb.h", "C++", 0, 0, 0, 10217, 0, 0, 0, 0, 0, 0, 0, 0, 0, 0, 0, 0, 1290, 1605, 13112
"c:\Users\nukec\Documents\GitHub\voxelstation13\build_ninja\_deps\stb-src\deprecated\stb_image.c", "C", 0, 0, 0, 0, 0, 0, 0, 0, 0, 3498, 0, 0, 0, 0, 0, 0, 664, 517, 4679
"c:\Users\nukec\Documents\GitHub\voxelstation13\build_ninja\_deps\stb-src\deprecated\stb_image_resize.h", "C++", 0, 0, 0, 1863, 0, 0, 0, 0, 0, 0, 0, 0, 0, 0, 0, 0, 373, 399, 2635
"c:\Users\nukec\Documents\GitHub\voxelstation13\build_ninja\_deps\stb-src\deprecated\stretch_test.c", "C", 0, 0, 0, 0, 0, 0, 0, 0, 0, 21, 0, 0, 0, 0, 0, 0, 1, 7, 29
"c:\Users\nukec\Documents\GitHub\voxelstation13\build_ninja\_deps\stb-src\deprecated\stretchy_buffer.h", "C++", 0, 0, 0, 40, 0, 0, 0, 0, 0, 0, 0, 0, 0, 0, 0, 0, 214, 10, 264
"c:\Users\nukec\Documents\GitHub\voxelstation13\build_ninja\_deps\stb-src\docs\other_libs.md", "Markdown", 0, 0, 0, 0, 0, 0, 0, 0, 1, 0, 0, 0, 0, 0, 0, 0, 0, 0, 1
"c:\Users\nukec\Documents\GitHub\voxelstation13\build_ninja\_deps\stb-src\docs\stb_voxel_render_interview.md", "Markdown", 0, 0, 0, 0, 0, 0, 0, 0, 145, 0, 0, 0, 0, 0, 0, 0, 0, 29, 174
"c:\Users\nukec\Documents\GitHub\voxelstation13\build_ninja\_deps\stb-src\docs\why_public_domain.md", "Markdown", 0, 0, 0, 0, 0, 0, 0, 0, 96, 0, 0, 0, 0, 0, 0, 0, 0, 22, 118
"c:\Users\nukec\Documents\GitHub\voxelstation13\build_ninja\_deps\stb-src\stb_c_lexer.h", "C++", 0, 0, 0, 706, 0, 0, 0, 0, 0, 0, 0, 0, 0, 0, 0, 0, 151, 85, 942
"c:\Users\nukec\Documents\GitHub\voxelstation13\build_ninja\_deps\stb-src\stb_connected_components.h", "C++", 0, 0, 0, 714, 0, 0, 0, 0, 0, 0, 0, 0, 0, 0, 0, 0, 191, 145, 1050
"c:\Users\nukec\Documents\GitHub\voxelstation13\build_ninja\_deps\stb-src\stb_divide.h", "C++", 0, 0, 0, 273, 0, 0, 0, 0, 0, 0, 0, 0, 0, 0, 0, 0, 130, 31, 434
"c:\Users\nukec\Documents\GitHub\voxelstation13\build_ninja\_deps\stb-src\stb_ds.h", "C++", 0, 0, 0, 1163, 0, 0, 0, 0, 0, 0, 0, 0, 0, 0, 0, 0, 548, 185, 1896
"c:\Users\nukec\Documents\GitHub\voxelstation13\build_ninja\_deps\stb-src\stb_dxt.h", "C++", 0, 0, 0, 482, 0, 0, 0, 0, 0, 0, 0, 0, 0, 0, 0, 0, 143, 95, 720
"c:\Users\nukec\Documents\GitHub\voxelstation13\build_ninja\_deps\stb-src\stb_easy_font.h", "C++", 0, 0, 0, 159, 0, 0, 0, 0, 0, 0, 0, 0, 0, 0, 0, 0, 129, 18, 306
"c:\Users\nukec\Documents\GitHub\voxelstation13\build_ninja\_deps\stb-src\stb_herringbone_wang_tile.h", "C++", 0, 0, 0, 762, 0, 0, 0, 0, 0, 0, 0, 0, 0, 0, 0, 0, 331, 129, 1222
"c:\Users\nukec\Documents\GitHub\voxelstation13\build_ninja\_deps\stb-src\stb_hexwave.h", "C++", 0, 0, 0, 301, 0, 0, 0, 0, 0, 0, 0, 0, 0, 0, 0, 0, 320, 60, 681
"c:\Users\nukec\Documents\GitHub\voxelstation13\build_ninja\_deps\stb-src\stb_image.h", "C++", 0, 0, 0, 5833, 0, 0, 0, 0, 0, 0, 0, 0, 0, 0, 0, 0, 1294, 862, 7989
"c:\Users\nukec\Documents\GitHub\voxelstation13\build_ninja\_deps\stb-src\stb_image_resize2.h", "C++", 0, 0, 0, 8263, 0, 0, 0, 0, 0, 0, 0, 0, 0, 0, 0, 0, 1025, 1392, 10680
"c:\Users\nukec\Documents\GitHub\voxelstation13\build_ninja\_deps\stb-src\stb_image_resize_test\dotimings.c", "C", 0, 0, 0, 0, 0, 0, 0, 0, 0, 177, 0, 0, 0, 0, 0, 0, 2, 46, 225
"c:\Users\nukec\Documents\GitHub\voxelstation13\build_ninja\_deps\stb-src\stb_image_resize_test\old_image_resize.h", "C++", 0, 0, 0, 1945, 0, 0, 0, 0, 0, 0, 0, 0, 0, 0, 0, 0, 365, 429, 2739
"c:\Users\nukec\Documents\GitHub\voxelstation13\build_ninja\_deps\stb-src\stb_image_resize_test\oldir.c", "C", 0, 0, 0, 0, 0, 0, 0, 0, 0, 44, 0, 0, 0, 0, 0, 0, 1, 12, 57
"c:\Users\nukec\Documents\GitHub\voxelstation13\build_ninja\_deps\stb-src\stb_image_resize_test\stbirtest.c", "C", 0, 0, 0, 0, 0, 0, 0, 0, 0, 751, 0, 0, 0, 0, 0, 0, 50, 192, 993
"c:\Users\nukec\Documents\GitHub\voxelstation13\build_ninja\_deps\stb-src\stb_image_resize_test\vf_train.c", "C", 0, 0, 0, 0, 0, 0, 0, 0, 0, 814, 0, 0, 0, 0, 0, 0, 14, 172, 1000
"c:\Users\nukec\Documents\GitHub\voxelstation13\build_ninja\_deps\stb-src\stb_image_write.h", "C++", 0, 0, 0, 1242, 0, 0, 0, 0, 0, 0, 0, 0, 0, 0, 0, 0, 315, 168, 1725
"c:\Users\nukec\Documents\GitHub\voxelstation13\build_ninja\_deps\stb-src\stb_include.h", "C++", 0, 0, 0, 226, 0, 0, 0, 0, 0, 0, 0, 0, 0, 0, 0, 0, 46, 24, 296
"c:\Users\nukec\Documents\GitHub\voxelstation13\build_ninja\_deps\stb-src\stb_leakcheck.h", "C++", 0, 0, 0, 125, 0, 0, 0, 0, 0, 0, 0, 0, 0, 0, 0, 0, 51, 19, 195
"c:\Users\nukec\Documents\GitHub\voxelstation13\build_ninja\_deps\stb-src\stb_perlin.h", "C++", 0, 0, 0, 259, 0, 0, 0, 0, 0, 0, 0, 0, 0, 0, 0, 0, 125, 45, 429
"c:\Users\nukec\Documents\GitHub\voxelstation13\build_ninja\_deps\stb-src\stb_rect_pack.h", "C++", 0, 0, 0, 325, 0, 0, 0, 0, 0, 0, 0, 0, 0, 0, 0, 0, 224, 75, 624
"c:\Users\nukec\Documents\GitHub\voxelstation13\build_ninja\_deps\stb-src\stb_sprintf.h", "C++", 0, 0, 0, 1473, 0, 0, 0, 0, 0, 0, 0, 0, 0, 0, 0, 0, 287, 147, 1907
"c:\Users\nukec\Documents\GitHub\voxelstation13\build_ninja\_deps\stb-src\stb_textedit.h", "C++", 0, 0, 0, 811, 0, 0, 0, 0, 0, 0, 0, 0, 0, 0, 0, 0, 455, 164, 1430
"c:\Users\nukec\Documents\GitHub\voxelstation13\build_ninja\_deps\stb-src\stb_tilemap_editor.h", "C++", 0, 0, 0, 3134, 0, 0, 0, 0, 0, 0, 0, 0, 0, 0, 0, 0, 639, 415, 4188
"c:\Users\nukec\Documents\GitHub\voxelstation13\build_ninja\_deps\stb-src\stb_truetype.h", "C++", 0, 0, 0, 3483, 0, 0, 0, 0, 0, 0, 0, 0, 0, 0, 0, 0, 1007, 590, 5080
"c:\Users\nukec\Documents\GitHub\voxelstation13\build_ninja\_deps\stb-src\stb_vorbis.c", "C", 0, 0, 0, 0, 0, 0, 0, 0, 0, 4046, 0, 0, 0, 0, 0, 0, 913, 626, 5585
"c:\Users\nukec\Documents\GitHub\voxelstation13\build_ninja\_deps\stb-src\stb_voxel_render.h", "C++", 0, 0, 0, 2286, 0, 0, 0, 0, 0, 0, 0, 0, 0, 0, 0, 0, 1132, 390, 3808
"c:\Users\nukec\Documents\GitHub\voxelstation13\build_ninja\_deps\stb-src\tests\Makefile", "Makefile", 0, 0, 0, 0, 0, 0, 0, 0, 0, 0, 0, 0, 0, 0, 0, 8, 2, 3, 13
"c:\Users\nukec\Documents\GitHub\voxelstation13\build_ninja\_deps\stb-src\tests\c_lexer_test.c", "C", 0, 0, 0, 0, 0, 0, 0, 0, 0, 37, 0, 0, 0, 0, 0, 0, 5, 9, 51
"c:\Users\nukec\Documents\GitHub\voxelstation13\build_ninja\_deps\stb-src\tests\caveview\README.md", "Markdown", 0, 0, 0, 0, 0, 0, 0, 0, 65, 0, 0, 0, 0, 0, 0, 0, 0, 21, 86
"c:\Users\nukec\Documents\GitHub\voxelstation13\build_ninja\_deps\stb-src\tests\caveview\cave_main.c", "C", 0, 0, 0, 0, 0, 0, 0, 0, 0, 452, 0, 0, 0, 0, 0, 0, 21, 126, 599
"c:\Users\nukec\Documents\GitHub\voxelstation13\build_ninja\_deps\stb-src\tests\caveview\cave_mesher.c", "C", 0, 0, 0, 0, 0, 0, 0, 0, 0, 696, 0, 0, 0, 0, 0, 0, 108, 130, 934
"c:\Users\nukec\Documents\GitHub\voxelstation13\build_ninja\_deps\stb-src\tests\caveview\cave_parse.c", "C", 0, 0, 0, 0, 0, 0, 0, 0, 0, 508, 0, 0, 0, 0, 0, 0, 40, 85, 633
"c:\Users\nukec\Documents\GitHub\voxelstation13\build_ninja\_deps\stb-src\tests\caveview\cave_parse.h", "C++", 0, 0, 0, 30, 0, 0, 0, 0, 0, 0, 0, 0, 0, 0, 0, 0, 1, 11, 42
"c:\Users\nukec\Documents\GitHub\voxelstation13\build_ninja\_deps\stb-src\tests\caveview\cave_render.c", "C", 0, 0, 0, 0, 0, 0, 0, 0, 0, 725, 0, 0, 0, 0, 0, 0, 75, 152, 952
"c:\Users\nukec\Documents\GitHub\voxelstation13\build_ninja\_deps\stb-src\tests\caveview\caveview.h", "C++", 0, 0, 0, 31, 0, 0, 0, 0, 0, 0, 0, 0, 0, 0, 0, 0, 2, 17, 50
"c:\Users\nukec\Documents\GitHub\voxelstation13\build_ninja\_deps\stb-src\tests\caveview\glext.h", "C++", 0, 0, 0, 10581, 0, 0, 0, 0, 0, 0, 0, 0, 0, 0, 0, 0, 43, 501, 11125
"c:\Users\nukec\Documents\GitHub\voxelstation13\build_ninja\_deps\stb-src\tests\caveview\glext_list.h", "C++", 0, 0, 0, 30, 0, 0, 0, 0, 0, 0, 0, 0, 0, 0, 0, 0, 0, 4, 34
"c:\Users\nukec\Documents\GitHub\voxelstation13\build_ninja\_deps\stb-src\tests\caveview\main.c", "C", 0, 0, 0, 0, 0, 0, 0, 0, 0, 0, 0, 0, 0, 0, 0, 0, 0, 1, 1
"c:\Users\nukec\Documents\GitHub\voxelstation13\build_ninja\_deps\stb-src\tests\caveview\stb_gl.h", "C++", 0, 0, 0, 849, 0, 0, 0, 0, 0, 0, 0, 0, 0, 0, 0, 0, 144, 111, 1104
"c:\Users\nukec\Documents\GitHub\voxelstation13\build_ninja\_deps\stb-src\tests\caveview\stb_glprog.h", "C++", 0, 0, 0, 307, 0, 0, 0, 0, 0, 0, 0, 0, 0, 0, 0, 0, 115, 83, 505
"c:\Users\nukec\Documents\GitHub\voxelstation13\build_ninja\_deps\stb-src\tests\caveview\win32\SDL_windows_main.c", "C", 0, 0, 0, 0, 0, 0, 0, 0, 0, 155, 0, 0, 0, 0, 0, 0, 34, 36, 225
"c:\Users\nukec\Documents\GitHub\voxelstation13\build_ninja\_deps\stb-src\tests\fuzz_main.c", "C", 0, 0, 0, 0, 0, 0, 0, 0, 0, 40, 0, 0, 0, 0, 0, 0, 1, 14, 55
"c:\Users\nukec\Documents\GitHub\voxelstation13\build_ninja\_deps\stb-src\tests\grid_reachability.c", "C", 0, 0, 0, 0, 0, 0, 0, 0, 0, 293, 0, 0, 0, 0, 0, 0, 17, 54, 364
"c:\Users\nukec\Documents\GitHub\voxelstation13\build_ninja\_deps\stb-src\tests\herringbone_generator.c", "C", 0, 0, 0, 0, 0, 0, 0, 0, 0, 72, 0, 0, 0, 0, 0, 0, 1, 15, 88
"c:\Users\nukec\Documents\GitHub\voxelstation13\build_ninja\_deps\stb-src\tests\herringbone_map.c", "C", 0, 0, 0, 0, 0, 0, 0, 0, 0, 68, 0, 0, 0, 0, 0, 0, 1, 14, 83
"c:\Users\nukec\Documents\GitHub\voxelstation13\build_ninja\_deps\stb-src\tests\image_test.c", "C", 0, 0, 0, 0, 0, 0, 0, 0, 0, 151, 0, 0, 0, 0, 0, 0, 5, 18, 174
"c:\Users\nukec\Documents\GitHub\voxelstation13\build_ninja\_deps\stb-src\tests\image_write_test.c", "C", 0, 0, 0, 0, 0, 0, 0, 0, 0, 45, 0, 0, 0, 0, 0, 0, 7, 9, 61
"c:\Users\nukec\Documents\GitHub\voxelstation13\build_ninja\_deps\stb-src\tests\ossfuzz.sh", "Shell Script", 0, 0, 0, 0, 0, 0, 0, 0, 0, 0, 0, 0, 0, 0, 19, 0, 3, 8, 30
"c:\Users\nukec\Documents\GitHub\voxelstation13\build_ninja\_deps\stb-src\tests\oversample\README.md", "Markdown", 0, 0, 0, 0, 0, 0, 0, 0, 75, 0, 0, 0, 0, 0, 0, 0, 0, 20, 95
"c:\Users\nukec\Documents\GitHub\voxelstation13\build_ninja\_deps\stb-src\tests\oversample\main.c", "C", 0, 0, 0, 0, 0, 0, 0, 0, 0, 276, 0, 0, 0, 0, 0, 0, 1, 56, 333
"c:\Users\nukec\Documents\GitHub\voxelstation13\build_ninja\_deps\stb-src\tests\oversample\stb_wingraph.h", "C++", 0, 0, 0, 690, 0, 0, 0, 0, 0, 0, 0, 0, 0, 0, 0, 0, 37, 103, 830
"c:\Users\nukec\Documents\GitHub\voxelstation13\build_ninja\_deps\stb-src\tests\pg_test\pg_test.c", "C", 0, 0, 0, 0, 0, 0, 0, 0, 0, 106, 0, 0, 0, 0, 0, 0, 1, 18, 125
"c:\Users\nukec\Documents\GitHub\voxelstation13\build_ninja\_deps\stb-src\tests\prerelease\stb_lib.h", "C++", 0, 0, 0, 2597, 0, 0, 0, 0, 0, 0, 0, 0, 0, 0, 0, 0, 324, 385, 3306
"c:\Users\nukec\Documents\GitHub\voxelstation13\build_ninja\_deps\stb-src\tests\resample_test.cpp", "C++", 0, 0, 0, 845, 0, 0, 0, 0, 0, 0, 0, 0, 0, 0, 0, 0, 39, 244, 1128
"c:\Users\nukec\Documents\GitHub\voxelstation13\build_ninja\_deps\stb-src\tests\resample_test_c.c", "C", 0, 0, 0, 0, 0, 0, 0, 0, 0, 5, 0, 0, 0, 0, 0, 0, 1, 3, 9
"c:\Users\nukec\Documents\GitHub\voxelstation13\build_ninja\_deps\stb-src\tests\sdf\sdf_test.c", "C", 0, 0, 0, 0, 0, 0, 0, 0, 0, 124, 0, 0, 0, 0, 0, 0, 10, 19, 153
"c:\Users\nukec\Documents\GitHub\voxelstation13\build_ninja\_deps\stb-src\tests\stb.c", "C", 0, 0, 0, 0, 0, 0, 0, 0, 0, 2843, 0, 0, 0, 0, 0, 0, 128, 360, 3331
"c:\Users\nukec\Documents\GitHub\voxelstation13\build_ninja\_deps\stb-src\tests\stb_c_lexer_fuzzer.cpp", "C++", 0, 0, 0, 65, 0, 0, 0, 0, 0, 0, 0, 0, 0, 0, 0, 0, 0, 10, 75
"c:\Users\nukec\Documents\GitHub\voxelstation13\build_ninja\_deps\stb-src\tests\stb_cpp.cpp", "C++", 0, 0, 0, 75, 0, 0, 0, 0, 0, 0, 0, 0, 0, 0, 0, 0, 3, 8, 86
"c:\Users\nukec\Documents\GitHub\voxelstation13\build_ninja\_deps\stb-src\tests\stb_static.c", "C", 0, 0, 0, 0, 0, 0, 0, 0, 0, 9, 0, 0, 0, 0, 0, 0, 1, 3, 13
"c:\Users\nukec\Documents\GitHub\voxelstation13\build_ninja\_deps\stb-src\tests\stbi_read_fuzzer.c", "C", 0, 0, 0, 0, 0, 0, 0, 0, 0, 17, 0, 0, 0, 0, 0, 0, 1, 10, 28
"c:\Users\nukec\Documents\GitHub\voxelstation13\build_ninja\_deps\stb-src\tests\stblib_test.c", "C", 0, 0, 0, 0, 0, 0, 0, 0, 0, 6, 0, 0, 0, 0, 0, 0, 2, 3, 11
"c:\Users\nukec\Documents\GitHub\voxelstation13\build_ninja\_deps\stb-src\tests\stblib_test_companion.c", "C", 0, 0, 0, 0, 0, 0, 0, 0, 0, 2, 0, 0, 0, 0, 0, 0, 2, 1, 5
"c:\Users\nukec\Documents\GitHub\voxelstation13\build_ninja\_deps\stb-src\tests\test_c_compilation.c", "C", 0, 0, 0, 0, 0, 0, 0, 0, 0, 40, 0, 0, 0, 0, 0, 0, 1, 9, 50
"c:\Users\nukec\Documents\GitHub\voxelstation13\build_ninja\_deps\stb-src\tests\test_c_lexer.c", "C", 0, 0, 0, 0, 0, 0, 0, 0, 0, 36, 0, 0, 0, 0, 0, 0, 6, 9, 51
"c:\Users\nukec\Documents\GitHub\voxelstation13\build_ninja\_deps\stb-src\tests\test_cpp_compilation.cpp", "C++", 0, 0, 0, 144, 0, 0, 0, 0, 0, 0, 0, 0, 0, 0, 0, 0, 9, 34, 187
"c:\Users\nukec\Documents\GitHub\voxelstation13\build_ninja\_deps\stb-src\tests\test_ds.c", "C", 0, 0, 0, 0, 0, 0, 0, 0, 0, 909, 0, 0, 0, 0, 0, 0, 35, 91, 1035
"c:\Users\nukec\Documents\GitHub\voxelstation13\build_ninja\_deps\stb-src\tests\test_ds_cpp.cpp", "C++", 0, 0, 0, 377, 0, 0, 0, 0, 0, 0, 0, 0, 0, 0, 0, 0, 5, 37, 419
"c:\Users\nukec\Documents\GitHub\voxelstation13\build_ninja\_deps\stb-src\tests\test_dxt.c", "C", 0, 0, 0, 0, 0, 0, 0, 0, 0, 1, 0, 0, 0, 0, 0, 0, 0, 1, 2
"c:\Users\nukec\Documents\GitHub\voxelstation13\build_ninja\_deps\stb-src\tests\test_easyfont.c", "C", 0, 0, 0, 0, 0, 0, 0, 0, 0, 8, 0, 0, 0, 0, 0, 0, 1, 1, 10
"c:\Users\nukec\Documents\GitHub\voxelstation13\build_ninja\_deps\stb-src\tests\test_image.c", "C", 0, 0, 0, 0, 0, 0, 0, 0, 0, 6, 0, 0, 0, 0, 0, 0, 0, 1, 7
"c:\Users\nukec\Documents\GitHub\voxelstation13\build_ninja\_deps\stb-src\tests\test_image_write.c", "C", 0, 0, 0, 0, 0, 0, 0, 0, 0, 6, 0, 0, 0, 0, 0, 0, 0, 1, 7
"c:\Users\nukec\Documents\GitHub\voxelstation13\build_ninja\_deps\stb-src\tests\test_perlin.c", "C", 0, 0, 0, 0, 0, 0, 0, 0, 0, 1, 0, 0, 0, 0, 0, 0, 0, 0, 1
"c:\Users\nukec\Documents\GitHub\voxelstation13\build_ninja\_deps\stb-src\tests\test_png_paeth.c", "C", 0, 0, 0, 0, 0, 0, 0, 0, 0, 37, 0, 0, 0, 0, 0, 0, 4, 7, 48
"c:\Users\nukec\Documents\GitHub\voxelstation13\build_ninja\_deps\stb-src\tests\test_png_regress.c", "C", 0, 0, 0, 0, 0, 0, 0, 0, 0, 55, 0, 0, 0, 0, 0, 0, 5, 16, 76
"c:\Users\nukec\Documents\GitHub\voxelstation13\build_ninja\_deps\stb-src\tests\test_siphash.c", "C", 0, 0, 0, 0, 0, 0, 0, 0, 0, 19, 0, 0, 0, 0, 0, 0, 0, 2, 21
"c:\Users\nukec\Documents\GitHub\voxelstation13\build_ninja\_deps\stb-src\tests\test_sprintf.c", "C", 0, 0, 0, 0, 0, 0, 0, 0, 0, 171, 0, 0, 0, 0, 0, 0, 12, 20, 203
"c:\Users\nukec\Documents\GitHub\voxelstation13\build_ninja\_deps\stb-src\tests\test_truetype.c", "C", 0, 0, 0, 0, 0, 0, 0, 0, 0, 123, 0, 0, 0, 0, 0, 0, 5, 27, 155
"c:\Users\nukec\Documents\GitHub\voxelstation13\build_ninja\_deps\stb-src\tests\test_vorbis.c", "C", 0, 0, 0, 0, 0, 0, 0, 0, 0, 16, 0, 0, 0, 0, 0, 0, 0, 3, 19
"c:\Users\nukec\Documents\GitHub\voxelstation13\build_ninja\_deps\stb-src\tests\test_voxel.c", "C", 0, 0, 0, 0, 0, 0, 0, 0, 0, 1, 0, 0, 0, 0, 0, 0, 0, 0, 1
"c:\Users\nukec\Documents\GitHub\voxelstation13\build_ninja\_deps\stb-src\tests\textedit_sample.c", "C", 0, 0, 0, 0, 0, 0, 0, 0, 0, 76, 0, 0, 0, 0, 0, 0, 5, 14, 95
"c:\Users\nukec\Documents\GitHub\voxelstation13\build_ninja\_deps\stb-src\tests\tilemap_editor_integration_example.c", "C", 0, 0, 0, 0, 0, 0, 0, 0, 0, 159, 0, 0, 0, 0, 0, 0, 8, 27, 194
"c:\Users\nukec\Documents\GitHub\voxelstation13\build_ninja\_deps\stb-src\tests\truetype_test_win32.c", "C", 0, 0, 0, 0, 0, 0, 0, 0, 0, 151, 0, 0, 0, 0, 0, 0, 9, 25, 185
"c:\Users\nukec\Documents\GitHub\voxelstation13\build_ninja\_deps\stb-src\tests\vorbseek\vorbseek.c", "C", 0, 0, 0, 0, 0, 0, 0, 0, 0, 106, 0, 0, 0, 0, 0, 0, 1, 18, 125
"c:\Users\nukec\Documents\GitHub\voxelstation13\build_ninja\_deps\stb-src\tools\README.footer.md", "Markdown", 0, 0, 0, 0, 0, 0, 0, 0, 95, 0, 0, 0, 0, 0, 0, 0, 0, 41, 136
"c:\Users\nukec\Documents\GitHub\voxelstation13\build_ninja\_deps\stb-src\tools\README.header.md", "Markdown", 0, 0, 0, 0, 0, 0, 0, 0, 15, 0, 0, 0, 0, 0, 0, 0, 0, 8, 23
"c:\Users\nukec\Documents\GitHub\voxelstation13\build_ninja\_deps\stb-src\tools\build_matrix.c", "C", 0, 0, 0, 0, 0, 0, 0, 0, 0, 125, 0, 0, 0, 0, 0, 0, 2, 11, 138
"c:\Users\nukec\Documents\GitHub\voxelstation13\build_ninja\_deps\stb-src\tools\easy_font_maker.c", "C", 0, 0, 0, 0, 0, 0, 0, 0, 0, 181, 0, 0, 0, 0, 0, 0, 4, 27, 212
"c:\Users\nukec\Documents\GitHub\voxelstation13\build_ninja\_deps\stb-src\tools\make_readme.c", "C", 0, 0, 0, 0, 0, 0, 0, 0, 0, 58, 0, 0, 0, 0, 0, 0, 0, 8, 66
"c:\Users\nukec\Documents\GitHub\voxelstation13\build_ninja\_deps\stb-src\tools\mr.bat", "Batch", 0, 0, 0, 0, 0, 0, 0, 0, 0, 0, 0, 1, 0, 0, 0, 0, 0, 1, 2
"c:\Users\nukec\Documents\GitHub\voxelstation13\build_ninja\_deps\stb-src\tools\trailing_whitespace.c", "C", 0, 0, 0, 0, 0, 0, 0, 0, 0, 31, 0, 0, 0, 0, 0, 0, 0, 2, 33
"c:\Users\nukec\Documents\GitHub\voxelstation13\build_ninja\_deps\stb-src\tools\unicode.c", "C", 0, 0, 0, 0, 0, 0, 0, 0, 0, 606, 0, 0, 0, 0, 0, 0, 63, 81, 750
"c:\Users\nukec\Documents\GitHub\voxelstation13\build_ninja\_deps\stb-subbuild\CMakeCache.txt", "CMake Cache", 0, 0, 0, 0, 0, 0, 100, 0, 0, 0, 0, 0, 0, 0, 0, 0, 0, 22, 122
"c:\Users\nukec\Documents\GitHub\voxelstation13\build_ninja\_deps\stb-subbuild\CMakeFiles\4.2.0\CMakeSystem.cmake", "CMake", 0, 0, 0, 0, 10, 0, 0, 0, 0, 0, 0, 0, 0, 0, 0, 0, 0, 6, 16
"c:\Users\nukec\Documents\GitHub\voxelstation13\build_ninja\_deps\stb-subbuild\CMakeFiles\CMakeConfigureLog.yaml", "YAML", 0, 0, 0, 0, 0, 10, 0, 0, 0, 0, 0, 0, 0, 0, 0, 0, 0, 2, 12
"c:\Users\nukec\Documents\GitHub\voxelstation13\build_ninja\_deps\stb-subbuild\CMakeFiles\InstallScripts.json", "JSON", 0, 7, 0, 0, 0, 0, 0, 0, 0, 0, 0, 0, 0, 0, 0, 0, 0, 1, 8
"c:\Users\nukec\Documents\GitHub\voxelstation13\build_ninja\_deps\stb-subbuild\CMakeFiles\stb-populate.dir\Labels.json", "JSON", 0, 46, 0, 0, 0, 0, 0, 0, 0, 0, 0, 0, 0, 0, 0, 0, 0, 0, 46
"c:\Users\nukec\Documents\GitHub\voxelstation13\build_ninja\_deps\stb-subbuild\CMakeLists.txt", "CMake", 0, 0, 0, 0, 32, 0, 0, 0, 0, 0, 0, 0, 0, 0, 0, 0, 0, 11, 43
"c:\Users\nukec\Documents\GitHub\voxelstation13\build_ninja\_deps\stb-subbuild\cmake_install.cmake", "CMake", 0, 0, 0, 0, 50, 0, 0, 0, 0, 0, 0, 0, 0, 0, 0, 0, 0, 7, 57
"c:\Users\nukec\Documents\GitHub\voxelstation13\build_ninja\_deps\stb-subbuild\stb-populate-prefix\tmp\stb-populate-gitclone.cmake", "CMake", 0, 0, 0, 0, 79, 0, 0, 0, 0, 0, 0, 0, 0, 0, 0, 0, 0, 9, 88
"c:\Users\nukec\Documents\GitHub\voxelstation13\build_ninja\_deps\stb-subbuild\stb-populate-prefix\tmp\stb-populate-gitupdate.cmake", "CMake", 0, 0, 0, 0, 288, 0, 0, 0, 0, 0, 0, 0, 0, 0, 0, 0, 0, 30, 318
"c:\Users\nukec\Documents\GitHub\voxelstation13\build_ninja\_deps\stb-subbuild\stb-populate-prefix\tmp\stb-populate-mkdirs.cmake", "CMake", 0, 0, 0, 0, 24, 0, 0, 0, 0, 0, 0, 0, 0, 0, 0, 0, 0, 4, 28
"c:\Users\nukec\Documents\GitHub\voxelstation13\build_ninja\cmake_install.cmake", "CMake", 0, 0, 0, 0, 91, 0, 0, 0, 0, 0, 0, 0, 0, 0, 0, 0, 0, 16, 107
"c:\Users\nukec\Documents\GitHub\voxelstation13\build_ninja\dmi_extract.log", "Log", 0, 0, 0, 0, 0, 0, 0, 4001, 0, 0, 0, 0, 0, 0, 0, 0, 0, 0, 4001
"c:\Users\nukec\Documents\GitHub\voxelstation13\build_ninja\dmi_extract2.log", "Log", 0, 0, 0, 0, 0, 0, 0, 1723, 0, 0, 0, 0, 0, 0, 0, 0, 0, 0, 1723
"c:\Users\nukec\Documents\GitHub\voxelstation13\data\game_modes\extended.json", "JSON", 0, 8, 0, 0, 0, 0, 0, 0, 0, 0, 0, 0, 0, 0, 0, 0, 0, 1, 9
"c:\Users\nukec\Documents\GitHub\voxelstation13\data\item_types\ammo.json", "JSON", 0, 74, 0, 0, 0, 0, 0, 0, 0, 0, 0, 0, 0, 0, 0, 0, 0, 1, 75
"c:\Users\nukec\Documents\GitHub\voxelstation13\data\item_types\containers.json", "JSON", 0, 256, 0, 0, 0, 0, 0, 0, 0, 0, 0, 0, 0, 0, 0, 0, 0, 1, 257
"c:\Users\nukec\Documents\GitHub\voxelstation13\data\item_types\equipment.json", "JSON", 0, 610, 0, 0, 0, 0, 0, 0, 0, 0, 0, 0, 0, 0, 0, 0, 0, 1, 611
"c:\Users\nukec\Documents\GitHub\voxelstation13\data\item_types\guns.json", "JSON", 0, 161, 0, 0, 0, 0, 0, 0, 0, 0, 0, 0, 0, 0, 0, 0, 0, 0, 161
"c:\Users\nukec\Documents\GitHub\voxelstation13\data\item_types\medical.json", "JSON", 0, 130, 0, 0, 0, 0, 0, 0, 0, 0, 0, 0, 0, 0, 0, 0, 0, 1, 131
"c:\Users\nukec\Documents\GitHub\voxelstation13\data\item_types\tools.json", "JSON", 0, 447, 0, 0, 0, 0, 0, 0, 0, 0, 0, 0, 0, 0, 0, 0, 0, 1, 448
"c:\Users\nukec\Documents\GitHub\voxelstation13\data\item_types\weapons.json", "JSON", 0, 228, 0, 0, 0, 0, 0, 0, 0, 0, 0, 0, 0, 0, 0, 0, 0, 1, 229
"c:\Users\nukec\Documents\GitHub\voxelstation13\data\mob_species\drone.json", "JSON", 0, 15, 0, 0, 0, 0, 0, 0, 0, 0, 0, 0, 0, 0, 0, 0, 0, 1, 16
"c:\Users\nukec\Documents\GitHub\voxelstation13\data\mob_species\human.json", "JSON", 0, 27, 0, 0, 0, 0, 0, 0, 0, 0, 0, 0, 0, 0, 0, 0, 0, 1, 28
"c:\Users\nukec\Documents\GitHub\voxelstation13\data\mob_species\mouse.json", "JSON", 0, 12, 0, 0, 0, 0, 0, 0, 0, 0, 0, 0, 0, 0, 0, 0, 0, 1, 13
"c:\Users\nukec\Documents\GitHub\voxelstation13\data\reactions\chemistry.json", "JSON", 0, 29, 0, 0, 0, 0, 0, 0, 0, 0, 0, 0, 0, 0, 0, 0, 0, 1, 30
"c:\Users\nukec\Documents\GitHub\voxelstation13\data\sounds.json", "JSON", 0, 59, 0, 0, 0, 0, 0, 0, 0, 0, 0, 0, 0, 0, 0, 0, 0, 1, 60
"c:\Users\nukec\Documents\GitHub\voxelstation13\data\voxel_types\base.json", "JSON", 0, 217, 0, 0, 0, 0, 0, 0, 0, 0, 0, 0, 0, 0, 0, 0, 0, 1, 218
"c:\Users\nukec\Documents\GitHub\voxelstation13\includes\SDL3\SDL.h", "C++", 0, 0, 0, 59, 0, 0, 0, 0, 0, 0, 0, 0, 0, 0, 0, 0, 28, 5, 92
"c:\Users\nukec\Documents\GitHub\voxelstation13\includes\SDL3\SDL_assert.h", "C++", 0, 0, 0, 163, 0, 0, 0, 0, 0, 0, 0, 0, 0, 0, 0, 0, 483, 50, 696
"c:\Users\nukec\Documents\GitHub\voxelstation13\includes\SDL3\SDL_asyncio.h", "C++", 0, 0, 0, 48, 0, 0, 0, 0, 0, 0, 0, 0, 0, 0, 0, 0, 475, 24, 547
"c:\Users\nukec\Documents\GitHub\voxelstation13\includes\SDL3\SDL_atomic.h", "C++", 0, 0, 0, 115, 0, 0, 0, 0, 0, 0, 0, 0, 0, 0, 0, 0, 523, 45, 683
"c:\Users\nukec\Documents\GitHub\voxelstation13\includes\SDL3\SDL_audio.h", "C++", 0, 0, 0, 125, 0, 0, 0, 0, 0, 0, 0, 0, 0, 0, 0, 0, 2130, 103, 2358
"c:\Users\nukec\Documents\GitHub\voxelstation13\includes\SDL3\SDL_begin_code.h", "C++", 0, 0, 0, 213, 0, 0, 0, 0, 0, 0, 0, 0, 0, 0, 0, 0, 300, 41, 554
"c:\Users\nukec\Documents\GitHub\voxelstation13\includes\SDL3\SDL_bits.h", "C++", 0, 0, 0, 64, 0, 0, 0, 0, 0, 0, 0, 0, 0, 0, 0, 0, 70, 14, 148
"c:\Users\nukec\Documents\GitHub\voxelstation13\includes\SDL3\SDL_blendmode.h", "C++", 0, 0, 0, 48, 0, 0, 0, 0, 0, 0, 0, 0, 0, 0, 0, 0, 143, 12, 203
"c:\Users\nukec\Documents\GitHub\voxelstation13\includes\SDL3\SDL_camera.h", "C++", 0, 0, 0, 54, 0, 0, 0, 0, 0, 0, 0, 0, 0, 0, 0, 0, 454, 28, 536
"c:\Users\nukec\Documents\GitHub\voxelstation13\includes\SDL3\SDL_clipboard.h", "C++", 0, 0, 0, 26, 0, 0, 0, 0, 0, 0, 0, 0, 0, 0, 0, 0, 285, 21, 332
"c:\Users\nukec\Documents\GitHub\voxelstation13\includes\SDL3\SDL_close_code.h", "C++", 0, 0, 0, 10, 0, 0, 0, 0, 0, 0, 0, 0, 0, 0, 0, 0, 28, 4, 42
"c:\Users\nukec\Documents\GitHub\voxelstation13\includes\SDL3\SDL_copying.h", "C++", 0, 0, 0, 0, 0, 0, 0, 0, 0, 0, 0, 0, 0, 0, 0, 0, 21, 2, 23
"c:\Users\nukec\Documents\GitHub\voxelstation13\includes\SDL3\SDL_cpuinfo.h", "C++", 0, 0, 0, 32, 0, 0, 0, 0, 0, 0, 0, 0, 0, 0, 0, 0, 315, 28, 375
"c:\Users\nukec\Documents\GitHub\voxelstation13\includes\SDL3\SDL_dialog.h", "C++", 0, 0, 0, 39, 0, 0, 0, 0, 0, 0, 0, 0, 0, 0, 0, 0, 290, 15, 344
"c:\Users\nukec\Documents\GitHub\voxelstation13\includes\SDL3\SDL_dlopennote.h", "C++", 0, 0, 0, 77, 0, 0, 0, 0, 0, 0, 0, 0, 0, 0, 0, 0, 133, 25, 235
"c:\Users\nukec\Documents\GitHub\voxelstation13\includes\SDL3\SDL_egl.h", "C++", 0, 0, 0, 1813, 0, 0, 0, 0, 0, 0, 0, 0, 0, 0, 0, 0, 275, 268, 2356
"c:\Users\nukec\Documents\GitHub\voxelstation13\includes\SDL3\SDL_endian.h", "C++", 0, 0, 0, 286, 0, 0, 0, 0, 0, 0, 0, 0, 0, 0, 0, 0, 317, 43, 646
"c:\Users\nukec\Documents\GitHub\voxelstation13\includes\SDL3\SDL_error.h", "C++", 0, 0, 0, 20, 0, 0, 0, 0, 0, 0, 0, 0, 0, 0, 0, 0, 189, 18, 227
"c:\Users\nukec\Documents\GitHub\voxelstation13\includes\SDL3\SDL_events.h", "C++", 0, 0, 0, 617, 0, 0, 0, 0, 0, 0, 0, 0, 0, 0, 0, 0, 924, 107, 1648
"c:\Users\nukec\Documents\GitHub\voxelstation13\includes\SDL3\SDL_filesystem.h", "C++", 0, 0, 0, 63, 0, 0, 0, 0, 0, 0, 0, 0, 0, 0, 0, 0, 444, 28, 535
"c:\Users\nukec\Documents\GitHub\voxelstation13\includes\SDL3\SDL_gamepad.h", "C++", 0, 0, 0, 205, 0, 0, 0, 0, 0, 0, 0, 0, 0, 0, 0, 0, 1356, 96, 1657
"c:\Users\nukec\Documents\GitHub\voxelstation13\includes\SDL3\SDL_gpu.h", "C++", 0, 0, 0, 1077, 0, 0, 0, 0, 0, 0, 0, 0, 0, 0, 0, 0, 3263, 239, 4579
"c:\Users\nukec\Documents\GitHub\voxelstation13\includes\SDL3\SDL_guid.h", "C++", 0, 0, 0, 17, 0, 0, 0, 0, 0, 0, 0, 0, 0, 0, 0, 0, 78, 12, 107
"c:\Users\nukec\Documents\GitHub\voxelstation13\includes\SDL3\SDL_haptic.h", "C++", 0, 0, 0, 178, 0, 0, 0, 0, 0, 0, 0, 0, 0, 0, 0, 0, 1169, 115, 1462
"c:\Users\nukec\Documents\GitHub\voxelstation13\includes\SDL3\SDL_hidapi.h", "C++", 0, 0, 0, 64, 0, 0, 0, 0, 0, 0, 0, 0, 0, 0, 0, 0, 462, 46, 572
"c:\Users\nukec\Documents\GitHub\voxelstation13\includes\SDL3\SDL_hints.h", "C++", 0, 0, 0, 290, 0, 0, 0, 0, 0, 0, 0, 0, 0, 0, 0, 0, 4264, 278, 4832
"c:\Users\nukec\Documents\GitHub\voxelstation13\includes\SDL3\SDL_init.h", "C++", 0, 0, 0, 51, 0, 0, 0, 0, 0, 0, 0, 0, 0, 0, 0, 0, 419, 28, 498
"c:\Users\nukec\Documents\GitHub\voxelstation13\includes\SDL3\SDL_intrin.h", "C++", 0, 0, 0, 140, 0, 0, 0, 0, 0, 0, 0, 0, 0, 0, 0, 0, 240, 31, 411
"c:\Users\nukec\Documents\GitHub\voxelstation13\includes\SDL3\SDL_iostream.h", "C++", 0, 0, 0, 103, 0, 0, 0, 0, 0, 0, 0, 0, 0, 0, 0, 0, 1199, 78, 1380
"c:\Users\nukec\Documents\GitHub\voxelstation13\includes\SDL3\SDL_joystick.h", "C++", 0, 0, 0, 160, 0, 0, 0, 0, 0, 0, 0, 0, 0, 0, 0, 0, 1145, 81, 1386
"c:\Users\nukec\Documents\GitHub\voxelstation13\includes\SDL3\SDL_keyboard.h", "C++", 0, 0, 0, 67, 0, 0, 0, 0, 0, 0, 0, 0, 0, 0, 0, 0, 506, 36, 609
"c:\Users\nukec\Documents\GitHub\voxelstation13\includes\SDL3\SDL_keycode.h", "C++", 0, 0, 0, 284, 0, 0, 0, 0, 0, 0, 0, 0, 0, 0, 0, 0, 55, 9, 348
"c:\Users\nukec\Documents\GitHub\voxelstation13\includes\SDL3\SDL_loadso.h", "C++", 0, 0, 0, 17, 0, 0, 0, 0, 0, 0, 0, 0, 0, 0, 0, 0, 117, 12, 146
"c:\Users\nukec\Documents\GitHub\voxelstation13\includes\SDL3\SDL_locale.h", "C++", 0, 0, 0, 19, 0, 0, 0, 0, 0, 0, 0, 0, 0, 0, 0, 0, 90, 9, 118
"c:\Users\nukec\Documents\GitHub\voxelstation13\includes\SDL3\SDL_log.h", "C++", 0, 0, 0, 70, 0, 0, 0, 0, 0, 0, 0, 0, 0, 0, 0, 0, 439, 32, 541
"c:\Users\nukec\Documents\GitHub\voxelstation13\includes\SDL3\SDL_main.h", "C++", 0, 0, 0, 83, 0, 0, 0, 0, 0, 0, 0, 0, 0, 0, 0, 0, 546, 51, 680
"c:\Users\nukec\Documents\GitHub\voxelstation13\includes\SDL3\SDL_main_impl.h", "C++", 0, 0, 0, 75, 0, 0, 0, 0, 0, 0, 0, 0, 0, 0, 0, 0, 43, 34, 152
"c:\Users\nukec\Documents\GitHub\voxelstation13\includes\SDL3\SDL_messagebox.h", "C++", 0, 0, 0, 58, 0, 0, 0, 0, 0, 0, 0, 0, 0, 0, 0, 0, 148, 21, 227
"c:\Users\nukec\Documents\GitHub\voxelstation13\includes\SDL3\SDL_metal.h", "C++", 0, 0, 0, 17, 0, 0, 0, 0, 0, 0, 0, 0, 0, 0, 0, 0, 78, 13, 108
"c:\Users\nukec\Documents\GitHub\voxelstation13\includes\SDL3\SDL_misc.h", "C++", 0, 0, 0, 14, 0, 0, 0, 0, 0, 0, 0, 0, 0, 0, 0, 0, 56, 9, 79
"c:\Users\nukec\Documents\GitHub\voxelstation13\includes\SDL3\SDL_mouse.h", "C++", 0, 0, 0, 103, 0, 0, 0, 0, 0, 0, 0, 0, 0, 0, 0, 0, 670, 41, 814
"c:\Users\nukec\Documents\GitHub\voxelstation13\includes\SDL3\SDL_mutex.h", "C++", 0, 0, 0, 113, 0, 0, 0, 0, 0, 0, 0, 0, 0, 0, 0, 0, 882, 79, 1074
"c:\Users\nukec\Documents\GitHub\voxelstation13\includes\SDL3\SDL_oldnames.h", "C++", 0, 0, 0, 1170, 0, 0, 0, 0, 0, 0, 0, 0, 0, 0, 0, 0, 90, 68, 1328
"c:\Users\nukec\Documents\GitHub\voxelstation13\includes\SDL3\SDL_opengl.h", "C++", 0, 0, 0, 2136, 0, 0, 0, 0, 0, 0, 0, 0, 0, 0, 0, 0, 220, 746, 3102
"c:\Users\nukec\Documents\GitHub\voxelstation13\includes\SDL3\SDL_opengl_glext.h", "C++", 0, 0, 0, 12354, 0, 0, 0, 0, 0, 0, 0, 0, 0, 0, 0, 0, 187, 673, 13214
"c:\Users\nukec\Documents\GitHub\voxelstation13\includes\SDL3\SDL_opengles.h", "C++", 0, 0, 0, 11, 0, 0, 0, 0, 0, 0, 0, 0, 0, 0, 0, 0, 23, 5, 39
"c:\Users\nukec\Documents\GitHub\voxelstation13\includes\SDL3\SDL_opengles2.h", "C++", 0, 0, 0, 19, 0, 0, 0, 0, 0, 0, 0, 0, 0, 0, 0, 0, 24, 9, 52
"c:\Users\nukec\Documents\GitHub\voxelstation13\includes\SDL3\SDL_opengles2_gl2.h", "C++", 0, 0, 0, 625, 0, 0, 0, 0, 0, 0, 0, 0, 0, 0, 0, 0, 21, 11, 657
"c:\Users\nukec\Documents\GitHub\voxelstation13\includes\SDL3\SDL_opengles2_gl2ext.h", "C++", 0, 0, 0, 3694, 0, 0, 0, 0, 0, 0, 0, 0, 0, 0, 0, 0, 19, 321, 4034
"c:\Users\nukec\Documents\GitHub\voxelstation13\includes\SDL3\SDL_opengles2_gl2platform.h", "C++", 0, 0, 0, 9, 0, 0, 0, 0, 0, 0, 0, 0, 0, 0, 0, 0, 12, 7, 28
"c:\Users\nukec\Documents\GitHub\voxelstation13\includes\SDL3\SDL_opengles2_khrplatform.h", "C++", 0, 0, 0, 117, 0, 0, 0, 0, 0, 0, 0, 0, 0, 0, 0, 0, 165, 30, 312
"c:\Users\nukec\Documents\GitHub\voxelstation13\includes\SDL3\SDL_pen.h", "C++", 0, 0, 0, 45, 0, 0, 0, 0, 0, 0, 0, 0, 0, 0, 0, 0, 138, 16, 199
"c:\Users\nukec\Documents\GitHub\voxelstation13\includes\SDL3\SDL_pixels.h", "C++", 0, 0, 0, 373, 0, 0, 0, 0, 0, 0, 0, 0, 0, 0, 0, 0, 983, 86, 1442
"c:\Users\nukec\Documents\GitHub\voxelstation13\includes\SDL3\SDL_platform.h", "C++", 0, 0, 0, 13, 0, 0, 0, 0, 0, 0, 0, 0, 0, 0, 0, 0, 44, 8, 65
"c:\Users\nukec\Documents\GitHub\voxelstation13\includes\SDL3\SDL_platform_defines.h", "C++", 0, 0, 0, 160, 0, 0, 0, 0, 0, 0, 0, 0, 0, 0, 0, 0, 251, 87, 498
"c:\Users\nukec\Documents\GitHub\voxelstation13\includes\SDL3\SDL_power.h", "C++", 0, 0, 0, 23, 0, 0, 0, 0, 0, 0, 0, 0, 0, 0, 0, 0, 75, 9, 107
"c:\Users\nukec\Documents\GitHub\voxelstation13\includes\SDL3\SDL_process.h", "C++", 0, 0, 0, 49, 0, 0, 0, 0, 0, 0, 0, 0, 0, 0, 0, 0, 373, 20, 442
"c:\Users\nukec\Documents\GitHub\voxelstation13\includes\SDL3\SDL_properties.h", "C++", 0, 0, 0, 47, 0, 0, 0, 0, 0, 0, 0, 0, 0, 0, 0, 0, 490, 34, 571
"c:\Users\nukec\Documents\GitHub\voxelstation13\includes\SDL3\SDL_rect.h", "C++", 0, 0, 0, 88, 0, 0, 0, 0, 0, 0, 0, 0, 0, 0, 0, 0, 389, 34, 511
"c:\Users\nukec\Documents\GitHub\voxelstation13\includes\SDL3\SDL_render.h", "C++", 0, 0, 0, 300, 0, 0, 0, 0, 0, 0, 0, 0, 0, 0, 0, 0, 2591, 136, 3027
"c:\Users\nukec\Documents\GitHub\voxelstation13\includes\SDL3\SDL_revision.h", "C++", 0, 0, 0, 10, 0, 0, 0, 0, 0, 0, 0, 0, 0, 0, 0, 0, 40, 7, 57
"c:\Users\nukec\Documents\GitHub\voxelstation13\includes\SDL3\SDL_scancode.h", "C++", 0, 0, 0, 259, 0, 0, 0, 0, 0, 0, 0, 0, 0, 0, 0, 0, 134, 37, 430
"c:\Users\nukec\Documents\GitHub\voxelstation13\includes\SDL3\SDL_sensor.h", "C++", 0, 0, 0, 43, 0, 0, 0, 0, 0, 0, 0, 0, 0, 0, 0, 0, 251, 28, 322
"c:\Users\nukec\Documents\GitHub\voxelstation13\includes\SDL3\SDL_stdinc.h", "C++", 0, 0, 0, 759, 0, 0, 0, 0, 0, 0, 0, 0, 0, 0, 0, 0, 5096, 314, 6169
"c:\Users\nukec\Documents\GitHub\voxelstation13\includes\SDL3\SDL_storage.h", "C++", 0, 0, 0, 51, 0, 0, 0, 0, 0, 0, 0, 0, 0, 0, 0, 0, 597, 39, 687
"c:\Users\nukec\Documents\GitHub\voxelstation13\includes\SDL3\SDL_surface.h", "C++", 0, 0, 0, 123, 0, 0, 0, 0, 0, 0, 0, 0, 0, 0, 0, 0, 1563, 84, 1770
"c:\Users\nukec\Documents\GitHub\voxelstation13\includes\SDL3\SDL_system.h", "C++", 0, 0, 0, 80, 0, 0, 0, 0, 0, 0, 0, 0, 0, 0, 0, 0, 671, 68, 819
"c:\Users\nukec\Documents\GitHub\voxelstation13\includes\SDL3\SDL_test.h", "C++", 0, 0, 0, 23, 0, 0, 0, 0, 0, 0, 0, 0, 0, 0, 0, 0, 32, 9, 64
"c:\Users\nukec\Documents\GitHub\voxelstation13\includes\SDL3\SDL_test_assert.h", "C++", 0, 0, 0, 20, 0, 0, 0, 0, 0, 0, 0, 0, 0, 0, 0, 0, 63, 16, 99
"c:\Users\nukec\Documents\GitHub\voxelstation13\includes\SDL3\SDL_test_common.h", "C++", 0, 0, 0, 126, 0, 0, 0, 0, 0, 0, 0, 0, 0, 0, 0, 0, 133, 35, 294
"c:\Users\nukec\Documents\GitHub\voxelstation13\includes\SDL3\SDL_test_compare.h", "C++", 0, 0, 0, 15, 0, 0, 0, 0, 0, 0, 0, 0, 0, 0, 0, 0, 53, 10, 78
"c:\Users\nukec\Documents\GitHub\voxelstation13\includes\SDL3\SDL_test_crc32.h", "C++", 0, 0, 0, 32, 0, 0, 0, 0, 0, 0, 0, 0, 0, 0, 0, 0, 71, 19, 122
"c:\Users\nukec\Documents\GitHub\voxelstation13\includes\SDL3\SDL_test_font.h", "C++", 0, 0, 0, 32, 0, 0, 0, 0, 0, 0, 0, 0, 0, 0, 0, 0, 118, 20, 170
"c:\Users\nukec\Documents\GitHub\voxelstation13\includes\SDL3\SDL_test_fuzzer.h", "C++", 0, 0, 0, 38, 0, 0, 0, 0, 0, 0, 0, 0, 0, 0, 0, 0, 298, 36, 372
"c:\Users\nukec\Documents\GitHub\voxelstation13\includes\SDL3\SDL_test_harness.h", "C++", 0, 0, 0, 44, 0, 0, 0, 0, 0, 0, 0, 0, 0, 0, 0, 0, 86, 22, 152
"c:\Users\nukec\Documents\GitHub\voxelstation13\includes\SDL3\SDL_test_log.h", "C++", 0, 0, 0, 16, 0, 0, 0, 0, 0, 0, 0, 0, 0, 0, 0, 0, 56, 12, 84
"c:\Users\nukec\Documents\GitHub\voxelstation13\includes\SDL3\SDL_test_md5.h", "C++", 0, 0, 0, 23, 0, 0, 0, 0, 0, 0, 0, 0, 0, 0, 0, 0, 84, 16, 123
"c:\Users\nukec\Documents\GitHub\voxelstation13\includes\SDL3\SDL_test_memory.h", "C++", 0, 0, 0, 15, 0, 0, 0, 0, 0, 0, 0, 0, 0, 0, 0, 0, 42, 10, 67
"c:\Users\nukec\Documents\GitHub\voxelstation13\includes\SDL3\SDL_thread.h", "C++", 0, 0, 0, 84, 0, 0, 0, 0, 0, 0, 0, 0, 0, 0, 0, 0, 455, 41, 580
"c:\Users\nukec\Documents\GitHub\voxelstation13\includes\SDL3\SDL_time.h", "C++", 0, 0, 0, 45, 0, 0, 0, 0, 0, 0, 0, 0, 0, 0, 0, 0, 168, 19, 232
"c:\Users\nukec\Documents\GitHub\voxelstation13\includes\SDL3\SDL_timer.h", "C++", 0, 0, 0, 37, 0, 0, 0, 0, 0, 0, 0, 0, 0, 0, 0, 0, 385, 33, 455
"c:\Users\nukec\Documents\GitHub\voxelstation13\includes\SDL3\SDL_touch.h", "C++", 0, 0, 0, 36, 0, 0, 0, 0, 0, 0, 0, 0, 0, 0, 0, 0, 131, 18, 185
"c:\Users\nukec\Documents\GitHub\voxelstation13\includes\SDL3\SDL_tray.h", "C++", 0, 0, 0, 48, 0, 0, 0, 0, 0, 0, 0, 0, 0, 0, 0, 0, 461, 36, 545
"c:\Users\nukec\Documents\GitHub\voxelstation13\includes\SDL3\SDL_version.h", "C++", 0, 0, 0, 26, 0, 0, 0, 0, 0, 0, 0, 0, 0, 0, 0, 0, 140, 19, 185
"c:\Users\nukec\Documents\GitHub\voxelstation13\includes\SDL3\SDL_video.h", "C++", 0, 0, 0, 367, 0, 0, 0, 0, 0, 0, 0, 0, 0, 0, 0, 0, 2951, 180, 3498
"c:\Users\nukec\Documents\GitHub\voxelstation13\includes\SDL3\SDL_vulkan.h", "C++", 0, 0, 0, 46, 0, 0, 0, 0, 0, 0, 0, 0, 0, 0, 0, 0, 221, 21, 288
"c:\Users\nukec\Documents\GitHub\voxelstation13\includes\nlohmann\adl_serializer.hpp", "C++", 0, 0, 0, 33, 0, 0, 0, 0, 0, 0, 0, 0, 0, 0, 0, 0, 14, 9, 56
"c:\Users\nukec\Documents\GitHub\voxelstation13\includes\nlohmann\byte_container_with_subtype.hpp", "C++", 0, 0, 0, 63, 0, 0, 0, 0, 0, 0, 0, 0, 0, 0, 0, 0, 22, 19, 104
"c:\Users\nukec\Documents\GitHub\voxelstation13\includes\nlohmann\detail\abi_macros.hpp", "C++", 0, 0, 0, 81, 0, 0, 0, 0, 0, 0, 0, 0, 0, 0, 0, 0, 11, 20, 112
"c:\Users\nukec\Documents\GitHub\voxelstation13\includes\nlohmann\detail\conversions\from_json.hpp", "C++", 0, 0, 0, 501, 0, 0, 0, 0, 0, 0, 0, 0, 0, 0, 0, 0, 21, 56, 578
"c:\Users\nukec\Documents\GitHub\voxelstation13\includes\nlohmann\detail\conversions\to_chars.hpp", "C++", 0, 0, 0, 490, 0, 0, 0, 0, 0, 0, 0, 0, 0, 0, 0, 0, 503, 126, 1119
"c:\Users\nukec\Documents\GitHub\voxelstation13\includes\nlohmann\detail\conversions\to_json.hpp", "C++", 0, 0, 0, 402, 0, 0, 0, 0, 0, 0, 0, 0, 0, 0, 0, 0, 23, 55, 480
"c:\Users\nukec\Documents\GitHub\voxelstation13\includes\nlohmann\detail\exceptions.hpp", "C++", 0, 0, 0, 208, 0, 0, 0, 0, 0, 0, 0, 0, 0, 0, 0, 0, 50, 34, 292
"c:\Users\nukec\Documents\GitHub\voxelstation13\includes\nlohmann\detail\hash.hpp", "C++", 0, 0, 0, 93, 0, 0, 0, 0, 0, 0, 0, 0, 0, 0, 0, 0, 19, 18, 130
"c:\Users\nukec\Documents\GitHub\voxelstation13\includes\nlohmann\detail\input\binary_reader.hpp", "C++", 0, 0, 0, 2407, 0, 0, 0, 0, 0, 0, 0, 0, 0, 0, 0, 0, 373, 289, 3069
"c:\Users\nukec\Documents\GitHub\voxelstation13\includes\nlohmann\detail\input\input_adapters.hpp", "C++", 0, 0, 0, 415, 0, 0, 0, 0, 0, 0, 0, 0, 0, 0, 0, 0, 62, 73, 550
"c:\Users\nukec\Documents\GitHub\voxelstation13\includes\nlohmann\detail\input\json_sax.hpp", "C++", 0, 0, 0, 636, 0, 0, 0, 0, 0, 0, 0, 0, 0, 0, 0, 0, 207, 144, 987
"c:\Users\nukec\Documents\GitHub\voxelstation13\includes\nlohmann\detail\input\lexer.hpp", "C++", 0, 0, 0, 1207, 0, 0, 0, 0, 0, 0, 0, 0, 0, 0, 0, 0, 264, 173, 1644
"c:\Users\nukec\Documents\GitHub\voxelstation13\includes\nlohmann\detail\input\parser.hpp", "C++", 0, 0, 0, 372, 0, 0, 0, 0, 0, 0, 0, 0, 0, 0, 0, 0, 83, 65, 520
"c:\Users\nukec\Documents\GitHub\voxelstation13\includes\nlohmann\detail\input\position_t.hpp", "C++", 0, 0, 0, 18, 0, 0, 0, 0, 0, 0, 0, 0, 0, 0, 0, 0, 12, 8, 38
"c:\Users\nukec\Documents\GitHub\voxelstation13\includes\nlohmann\detail\iterators\internal_iterator.hpp", "C++", 0, 0, 0, 14, 0, 0, 0, 0, 0, 0, 0, 0, 0, 0, 0, 0, 16, 6, 36
"c:\Users\nukec\Documents\GitHub\voxelstation13\includes\nlohmann\detail\iterators\iter_impl.hpp", "C++", 0, 0, 0, 495, 0, 0, 0, 0, 0, 0, 0, 0, 0, 0, 0, 0, 175, 91, 761
"c:\Users\nukec\Documents\GitHub\voxelstation13\includes\nlohmann\detail\iterators\iteration_proxy.hpp", "C++", 0, 0, 0, 164, 0, 0, 0, 0, 0, 0, 0, 0, 0, 0, 0, 0, 38, 34, 236
"c:\Users\nukec\Documents\GitHub\voxelstation13\includes\nlohmann\detail\iterators\iterator_traits.hpp", "C++", 0, 0, 0, 42, 0, 0, 0, 0, 0, 0, 0, 0, 0, 0, 0, 0, 9, 11, 62
"c:\Users\nukec\Documents\GitHub\voxelstation13\includes\nlohmann\detail\iterators\json_reverse_iterator.hpp", "C++", 0, 0, 0, 67, 0, 0, 0, 0, 0, 0, 0, 0, 0, 0, 0, 0, 43, 21, 131
"c:\Users\nukec\Documents\GitHub\voxelstation13\includes\nlohmann\detail\iterators\primitive_iterator.hpp", "C++", 0, 0, 0, 89, 0, 0, 0, 0, 0, 0, 0, 0, 0, 0, 0, 0, 21, 23, 133
"c:\Users\nukec\Documents\GitHub\voxelstation13\includes\nlohmann\detail\json_custom_base_class.hpp", "C++", 0, 0, 0, 15, 0, 0, 0, 0, 0, 0, 0, 0, 0, 0, 0, 0, 17, 8, 40
"c:\Users\nukec\Documents\GitHub\voxelstation13\includes\nlohmann\detail\json_pointer.hpp", "C++", 0, 0, 0, 653, 0, 0, 0, 0, 0, 0, 0, 0, 0, 0, 0, 0, 229, 107, 989
"c:\Users\nukec\Documents\GitHub\voxelstation13\includes\nlohmann\detail\json_ref.hpp", "C++", 0, 0, 0, 55, 0, 0, 0, 0, 0, 0, 0, 0, 0, 0, 0, 0, 8, 16, 79
"c:\Users\nukec\Documents\GitHub\voxelstation13\includes\nlohmann\detail\macro_scope.hpp", "C++", 0, 0, 0, 434, 0, 0, 0, 0, 0, 0, 0, 0, 0, 0, 0, 0, 111, 51, 596
"c:\Users\nukec\Documents\GitHub\voxelstation13\includes\nlohmann\detail\macro_unscope.hpp", "C++", 0, 0, 0, 32, 0, 0, 0, 0, 0, 0, 0, 0, 0, 0, 0, 0, 9, 6, 47
"c:\Users\nukec\Documents\GitHub\voxelstation13\includes\nlohmann\detail\meta\call_std\begin.hpp", "C++", 0, 0, 0, 5, 0, 0, 0, 0, 0, 0, 0, 0, 0, 0, 0, 0, 7, 6, 18
"c:\Users\nukec\Documents\GitHub\voxelstation13\includes\nlohmann\detail\meta\call_std\end.hpp", "C++", 0, 0, 0, 5, 0, 0, 0, 0, 0, 0, 0, 0, 0, 0, 0, 0, 7, 6, 18
"c:\Users\nukec\Documents\GitHub\voxelstation13\includes\nlohmann\detail\meta\cpp_future.hpp", "C++", 0, 0, 0, 81, 0, 0, 0, 0, 0, 0, 0, 0, 0, 0, 0, 0, 59, 32, 172
"c:\Users\nukec\Documents\GitHub\voxelstation13\includes\nlohmann\detail\meta\detected.hpp", "C++", 0, 0, 0, 47, 0, 0, 0, 0, 0, 0, 0, 0, 0, 0, 0, 0, 8, 16, 71
"c:\Users\nukec\Documents\GitHub\voxelstation13\includes\nlohmann\detail\meta\identity_tag.hpp", "C++", 0, 0, 0, 8, 0, 0, 0, 0, 0, 0, 0, 0, 0, 0, 0, 0, 8, 6, 22
"c:\Users\nukec\Documents\GitHub\voxelstation13\includes\nlohmann\detail\meta\is_sax.hpp", "C++", 0, 0, 0, 128, 0, 0, 0, 0, 0, 0, 0, 0, 0, 0, 0, 0, 7, 25, 160
"c:\Users\nukec\Documents\GitHub\voxelstation13\includes\nlohmann\detail\meta\std_fs.hpp", "C++", 0, 0, 0, 19, 0, 0, 0, 0, 0, 0, 0, 0, 0, 0, 0, 0, 7, 4, 30
"c:\Users\nukec\Documents\GitHub\voxelstation13\includes\nlohmann\detail\meta\type_traits.hpp", "C++", 0, 0, 0, 549, 0, 0, 0, 0, 0, 0, 0, 0, 0, 0, 0, 0, 98, 149, 796
"c:\Users\nukec\Documents\GitHub\voxelstation13\includes\nlohmann\detail\meta\void_t.hpp", "C++", 0, 0, 0, 12, 0, 0, 0, 0, 0, 0, 0, 0, 0, 0, 0, 0, 7, 6, 25
"c:\Users\nukec\Documents\GitHub\voxelstation13\includes\nlohmann\detail\output\binary_writer.hpp", "C++", 0, 0, 0, 1457, 0, 0, 0, 0, 0, 0, 0, 0, 0, 0, 0, 0, 222, 172, 1851
"c:\Users\nukec\Documents\GitHub\voxelstation13\includes\nlohmann\detail\output\output_adapters.hpp", "C++", 0, 0, 0, 109, 0, 0, 0, 0, 0, 0, 0, 0, 0, 0, 0, 0, 12, 27, 148
"c:\Users\nukec\Documents\GitHub\voxelstation13\includes\nlohmann\detail\output\serializer.hpp", "C++", 0, 0, 0, 680, 0, 0, 0, 0, 0, 0, 0, 0, 0, 0, 0, 0, 193, 116, 989
"c:\Users\nukec\Documents\GitHub\voxelstation13\includes\nlohmann\detail\string_concat.hpp", "C++", 0, 0, 0, 110, 0, 0, 0, 0, 0, 0, 0, 0, 0, 0, 0, 0, 8, 29, 147
"c:\Users\nukec\Documents\GitHub\voxelstation13\includes\nlohmann\detail\string_escape.hpp", "C++", 0, 0, 0, 31, 0, 0, 0, 0, 0, 0, 0, 0, 0, 0, 0, 0, 34, 8, 73
"c:\Users\nukec\Documents\GitHub\voxelstation13\includes\nlohmann\detail\string_utils.hpp", "C++", 0, 0, 0, 22, 0, 0, 0, 0, 0, 0, 0, 0, 0, 0, 0, 0, 8, 8, 38
"c:\Users\nukec\Documents\GitHub\voxelstation13\includes\nlohmann\detail\value_t.hpp", "C++", 0, 0, 0, 57, 0, 0, 0, 0, 0, 0, 0, 0, 0, 0, 0, 0, 51, 11, 119
"c:\Users\nukec\Documents\GitHub\voxelstation13\includes\nlohmann\json.hpp", "C++", 0, 0, 0, 3529, 0, 0, 0, 0, 0, 0, 0, 0, 0, 0, 0, 0, 1164, 614, 5307
"c:\Users\nukec\Documents\GitHub\voxelstation13\includes\nlohmann\json_fwd.hpp", "C++", 0, 0, 0, 32, 0, 0, 0, 0, 0, 0, 0, 0, 0, 0, 0, 0, 31, 13, 76
"c:\Users\nukec\Documents\GitHub\voxelstation13\includes\nlohmann\ordered_map.hpp", "C++", 0, 0, 0, 275, 0, 0, 0, 0, 0, 0, 0, 0, 0, 0, 0, 0, 39, 46, 360
"c:\Users\nukec\Documents\GitHub\voxelstation13\includes\nlohmann\thirdparty\hedley\hedley.hpp", "C++", 0, 0, 0, 1891, 0, 0, 0, 0, 0, 0, 0, 0, 0, 0, 0, 0, 16, 139, 2046
"c:\Users\nukec\Documents\GitHub\voxelstation13\includes\nlohmann\thirdparty\hedley\hedley_undef.hpp", "C++", 0, 0, 0, 149, 0, 0, 0, 0, 0, 0, 0, 0, 0, 0, 0, 0, 7, 3, 159
"c:\Users\nukec\Documents\GitHub\voxelstation13\maps\current.json", "JSON", 0, 6209, 0, 0, 0, 0, 0, 0, 0, 0, 0, 0, 0, 0, 0, 0, 0, 0, 6209
"c:\Users\nukec\Documents\GitHub\voxelstation13\src\audio\audio_manager.cpp", "C++", 0, 0, 0, 140, 0, 0, 0, 0, 0, 0, 0, 0, 0, 0, 0, 0, 3, 18, 161
"c:\Users\nukec\Documents\GitHub\voxelstation13\src\audio\audio_manager.h", "C++", 0, 0, 0, 51, 0, 0, 0, 0, 0, 0, 0, 0, 0, 0, 0, 0, 8, 17, 76
"c:\Users\nukec\Documents\GitHub\voxelstation13\src\core\entity_manager.cpp", "C++", 0, 0, 0, 28, 0, 0, 0, 0, 0, 0, 0, 0, 0, 0, 0, 0, 0, 5, 33
"c:\Users\nukec\Documents\GitHub\voxelstation13\src\core\entity_manager.h", "C++", 0, 0, 0, 57, 0, 0, 0, 0, 0, 0, 0, 0, 0, 0, 0, 0, 11, 13, 81
"c:\Users\nukec\Documents\GitHub\voxelstation13\src\core\game_loop.cpp", "C++", 0, 0, 0, 37, 0, 0, 0, 0, 0, 0, 0, 0, 0, 0, 0, 0, 5, 12, 54
"c:\Users\nukec\Documents\GitHub\voxelstation13\src\core\game_loop.h", "C++", 0, 0, 0, 23, 0, 0, 0, 0, 0, 0, 0, 0, 0, 0, 0, 0, 6, 8, 37
"c:\Users\nukec\Documents\GitHub\voxelstation13\src\core\master_controller.cpp", "C++", 0, 0, 0, 109, 0, 0, 0, 0, 0, 0, 0, 0, 0, 0, 0, 0, 7, 27, 143
"c:\Users\nukec\Documents\GitHub\voxelstation13\src\core\master_controller.h", "C++", 0, 0, 0, 51, 0, 0, 0, 0, 0, 0, 0, 0, 0, 0, 0, 0, 42, 25, 118
"c:\Users\nukec\Documents\GitHub\voxelstation13\src\core\object_types.cpp", "C++", 0, 0, 0, 140, 0, 0, 0, 0, 0, 0, 0, 0, 0, 0, 0, 0, 30, 33, 203
"c:\Users\nukec\Documents\GitHub\voxelstation13\src\core\object_types.h", "C++", 0, 0, 0, 33, 0, 0, 0, 0, 0, 0, 0, 0, 0, 0, 0, 0, 78, 16, 127
"c:\Users\nukec\Documents\GitHub\voxelstation13\src\core\signals.cpp", "C++", 0, 0, 0, 67, 0, 0, 0, 0, 0, 0, 0, 0, 0, 0, 0, 0, 4, 17, 88
"c:\Users\nukec\Documents\GitHub\voxelstation13\src\core\signals.h", "C++", 0, 0, 0, 102, 0, 0, 0, 0, 0, 0, 0, 0, 0, 0, 0, 0, 48, 31, 181
"c:\Users\nukec\Documents\GitHub\voxelstation13\src\core\types.h", "C++", 0, 0, 0, 116, 0, 0, 0, 0, 0, 0, 0, 0, 0, 0, 0, 0, 15, 16, 147
"c:\Users\nukec\Documents\GitHub\voxelstation13\src\core\verb_dispatch.cpp", "C++", 0, 0, 0, 97, 0, 0, 0, 0, 0, 0, 0, 0, 0, 0, 0, 0, 22, 18, 137
"c:\Users\nukec\Documents\GitHub\voxelstation13\src\core\verb_dispatch.h", "C++", 0, 0, 0, 38, 0, 0, 0, 0, 0, 0, 0, 0, 0, 0, 0, 0, 68, 18, 124
"c:\Users\nukec\Documents\GitHub\voxelstation13\src\core\world.cpp", "C++", 0, 0, 0, 212, 0, 0, 0, 0, 0, 0, 0, 0, 0, 0, 0, 0, 20, 32, 264
"c:\Users\nukec\Documents\GitHub\voxelstation13\src\core\world.h", "C++", 0, 0, 0, 68, 0, 0, 0, 0, 0, 0, 0, 0, 0, 0, 0, 0, 19, 17, 104
"c:\Users\nukec\Documents\GitHub\voxelstation13\src\data\data_validator.cpp", "C++", 0, 0, 0, 103, 0, 0, 0, 0, 0, 0, 0, 0, 0, 0, 0, 0, 0, 14, 117
"c:\Users\nukec\Documents\GitHub\voxelstation13\src\data\data_validator.h", "C++", 0, 0, 0, 22, 0, 0, 0, 0, 0, 0, 0, 0, 0, 0, 0, 0, 3, 8, 33
"c:\Users\nukec\Documents\GitHub\voxelstation13\src\data\map_io.cpp", "C++", 0, 0, 0, 331, 0, 0, 0, 0, 0, 0, 0, 0, 0, 0, 0, 0, 19, 41, 391
"c:\Users\nukec\Documents\GitHub\voxelstation13\src\data\map_io.h", "C++", 0, 0, 0, 25, 0, 0, 0, 0, 0, 0, 0, 0, 0, 0, 0, 0, 20, 9, 54
"c:\Users\nukec\Documents\GitHub\voxelstation13\src\data\mob_species_registry.cpp", "C++", 0, 0, 0, 65, 0, 0, 0, 0, 0, 0, 0, 0, 0, 0, 0, 0, 0, 9, 74
"c:\Users\nukec\Documents\GitHub\voxelstation13\src\data\mob_species_registry.h", "C++", 0, 0, 0, 30, 0, 0, 0, 0, 0, 0, 0, 0, 0, 0, 0, 0, 3, 8, 41
"c:\Users\nukec\Documents\GitHub\voxelstation13\src\data\voxel_registry.cpp", "C++", 0, 0, 0, 145, 0, 0, 0, 0, 0, 0, 0, 0, 0, 0, 0, 0, 10, 16, 171
"c:\Users\nukec\Documents\GitHub\voxelstation13\src\data\voxel_registry.h", "C++", 0, 0, 0, 53, 0, 0, 0, 0, 0, 0, 0, 0, 0, 0, 0, 0, 14, 13, 80
"c:\Users\nukec\Documents\GitHub\voxelstation13\src\input\alt_mode.cpp", "C++", 0, 0, 0, 34, 0, 0, 0, 0, 0, 0, 0, 0, 0, 0, 0, 0, 1, 8, 43
"c:\Users\nukec\Documents\GitHub\voxelstation13\src\input\alt_mode.h", "C++", 0, 0, 0, 23, 0, 0, 0, 0, 0, 0, 0, 0, 0, 0, 0, 0, 9, 11, 43
"c:\Users\nukec\Documents\GitHub\voxelstation13\src\input\input_manager.cpp", "C++", 0, 0, 0, 89, 0, 0, 0, 0, 0, 0, 0, 0, 0, 0, 0, 0, 4, 9, 102
"c:\Users\nukec\Documents\GitHub\voxelstation13\src\input\input_manager.h", "C++", 0, 0, 0, 51, 0, 0, 0, 0, 0, 0, 0, 0, 0, 0, 0, 0, 15, 12, 78
"c:\Users\nukec\Documents\GitHub\voxelstation13\src\inventory\inventory.cpp", "C++", 0, 0, 0, 369, 0, 0, 0, 0, 0, 0, 0, 0, 0, 0, 0, 0, 53, 52, 474
"c:\Users\nukec\Documents\GitHub\voxelstation13\src\inventory\inventory.h", "C++", 0, 0, 0, 120, 0, 0, 0, 0, 0, 0, 0, 0, 0, 0, 0, 0, 72, 42, 234
"c:\Users\nukec\Documents\GitHub\voxelstation13\src\inventory\item_registry.cpp", "C++", 0, 0, 0, 261, 0, 0, 0, 0, 0, 0, 0, 0, 0, 0, 0, 0, 40, 40, 341
"c:\Users\nukec\Documents\GitHub\voxelstation13\src\inventory\item_registry.h", "C++", 0, 0, 0, 18, 0, 0, 0, 0, 0, 0, 0, 0, 0, 0, 0, 0, 7, 7, 32
"c:\Users\nukec\Documents\GitHub\voxelstation13\src\main.cpp", "C++", 0, 0, 0, 3131, 0, 0, 0, 0, 0, 0, 0, 0, 0, 0, 0, 0, 504, 282, 3917
"c:\Users\nukec\Documents\GitHub\voxelstation13\src\network\client.cpp", "C++", 0, 0, 0, 695, 0, 0, 0, 0, 0, 0, 0, 0, 0, 0, 0, 0, 70, 87, 852
"c:\Users\nukec\Documents\GitHub\voxelstation13\src\network\client.h", "C++", 0, 0, 0, 63, 0, 0, 0, 0, 0, 0, 0, 0, 0, 0, 0, 0, 31, 26, 120
"c:\Users\nukec\Documents\GitHub\voxelstation13\src\network\input_snapshot.h", "C++", 0, 0, 0, 47, 0, 0, 0, 0, 0, 0, 0, 0, 0, 0, 0, 0, 8, 6, 61
"c:\Users\nukec\Documents\GitHub\voxelstation13\src\network\server.cpp", "C++", 0, 0, 0, 921, 0, 0, 0, 0, 0, 0, 0, 0, 0, 0, 0, 0, 151, 107, 1179
"c:\Users\nukec\Documents\GitHub\voxelstation13\src\network\server.h", "C++", 0, 0, 0, 94, 0, 0, 0, 0, 0, 0, 0, 0, 0, 0, 0, 0, 24, 22, 140
"c:\Users\nukec\Documents\GitHub\voxelstation13\src\render\chunk_mesher.cpp", "C++", 0, 0, 0, 625, 0, 0, 0, 0, 0, 0, 0, 0, 0, 0, 0, 0, 123, 63, 811
"c:\Users\nukec\Documents\GitHub\voxelstation13\src\render\chunk_mesher.h", "C++", 0, 0, 0, 66, 0, 0, 0, 0, 0, 0, 0, 0, 0, 0, 0, 0, 30, 15, 111
"c:\Users\nukec\Documents\GitHub\voxelstation13\src\render\lighting.cpp", "C++", 0, 0, 0, 304, 0, 0, 0, 0, 0, 0, 0, 0, 0, 0, 0, 0, 40, 52, 396
"c:\Users\nukec\Documents\GitHub\voxelstation13\src\render\lighting.h", "C++", 0, 0, 0, 55, 0, 0, 0, 0, 0, 0, 0, 0, 0, 0, 0, 0, 31, 21, 107
"c:\Users\nukec\Documents\GitHub\voxelstation13\src\render\model_loader.cpp", "C++", 0, 0, 0, 58, 0, 0, 0, 0, 0, 0, 0, 0, 0, 0, 0, 0, 2, 10, 70
"c:\Users\nukec\Documents\GitHub\voxelstation13\src\render\model_loader.h", "C++", 0, 0, 0, 18, 0, 0, 0, 0, 0, 0, 0, 0, 0, 0, 0, 0, 9, 4, 31
"c:\Users\nukec\Documents\GitHub\voxelstation13\src\render\renderer.cpp", "C++", 0, 0, 0, 3336, 0, 0, 0, 0, 0, 0, 0, 0, 0, 0, 0, 0, 318, 549, 4203
"c:\Users\nukec\Documents\GitHub\voxelstation13\src\render\renderer.h", "C++", 0, 0, 0, 280, 0, 0, 0, 0, 0, 0, 0, 0, 0, 0, 0, 0, 164, 75, 519
"c:\Users\nukec\Documents\GitHub\voxelstation13\src\render\shaders\bloom_blur_frag_spv.h", "C++", 0, 0, 0, 79, 0, 0, 0, 0, 0, 0, 0, 0, 0, 0, 0, 0, 1, 1, 81
"c:\Users\nukec\Documents\GitHub\voxelstation13\src\render\shaders\bloom_comp_frag_spv.h", "C++", 0, 0, 0, 32, 0, 0, 0, 0, 0, 0, 0, 0, 0, 0, 0, 0, 1, 1, 34
"c:\Users\nukec\Documents\GitHub\voxelstation13\src\render\shaders\bloom_thresh_frag_spv.h", "C++", 0, 0, 0, 35, 0, 0, 0, 0, 0, 0, 0, 0, 0, 0, 0, 0, 1, 1, 37
"c:\Users\nukec\Documents\GitHub\voxelstation13\src\render\shaders\bloom_vert_spv.h", "C++", 0, 0, 0, 24, 0, 0, 0, 0, 0, 0, 0, 0, 0, 0, 0, 0, 1, 1, 26
"c:\Users\nukec\Documents\GitHub\voxelstation13\src\render\shaders\chunk_frag_spv.h", "C++", 0, 0, 0, 85, 0, 0, 0, 0, 0, 0, 0, 0, 0, 0, 0, 0, 1, 1, 87
"c:\Users\nukec\Documents\GitHub\voxelstation13\src\render\shaders\chunk_vert_spv.h", "C++", 0, 0, 0, 70, 0, 0, 0, 0, 0, 0, 0, 0, 0, 0, 0, 0, 1, 1, 72
"c:\Users\nukec\Documents\GitHub\voxelstation13\src\render\shaders\highlight_frag_spv.h", "C++", 0, 0, 0, 15, 0, 0, 0, 0, 0, 0, 0, 0, 0, 0, 0, 0, 1, 1, 17
"c:\Users\nukec\Documents\GitHub\voxelstation13\src\render\shaders\highlight_vert_spv.h", "C++", 0, 0, 0, 28, 0, 0, 0, 0, 0, 0, 0, 0, 0, 0, 0, 0, 1, 1, 30
"c:\Users\nukec\Documents\GitHub\voxelstation13\src\render\shaders\item_frag_spv.h", "C++", 0, 0, 0, 27, 0, 0, 0, 0, 0, 0, 0, 0, 0, 0, 0, 0, 1, 1, 29
"c:\Users\nukec\Documents\GitHub\voxelstation13\src\render\shaders\item_vert_spv.h", "C++", 0, 0, 0, 40, 0, 0, 0, 0, 0, 0, 0, 0, 0, 0, 0, 0, 1, 1, 42
"c:\Users\nukec\Documents\GitHub\voxelstation13\src\render\shaders\roboto_atlas.h", "C++", 0, 0, 0, 107, 0, 0, 0, 0, 0, 0, 0, 0, 0, 0, 0, 0, 7, 5, 119
"c:\Users\nukec\Documents\GitHub\voxelstation13\src\render\shaders\ui_frag_spv.h", "C++", 0, 0, 0, 22, 0, 0, 0, 0, 0, 0, 0, 0, 0, 0, 0, 0, 1, 1, 24
"c:\Users\nukec\Documents\GitHub\voxelstation13\src\render\shaders\ui_text_frag_spv.h", "C++", 0, 0, 0, 26, 0, 0, 0, 0, 0, 0, 0, 0, 0, 0, 0, 0, 1, 1, 28
"c:\Users\nukec\Documents\GitHub\voxelstation13\src\render\shaders\ui_vert_spv.h", "C++", 0, 0, 0, 38, 0, 0, 0, 0, 0, 0, 0, 0, 0, 0, 0, 0, 1, 1, 40
"c:\Users\nukec\Documents\GitHub\voxelstation13\src\render\ui_item_icons.cpp", "C++", 0, 0, 0, 86, 0, 0, 0, 0, 0, 0, 0, 0, 0, 0, 0, 0, 8, 12, 106
"c:\Users\nukec\Documents\GitHub\voxelstation13\src\render\ui_renderer.cpp", "C++", 0, 0, 0, 502, 0, 0, 0, 0, 0, 0, 0, 0, 0, 0, 0, 0, 18, 92, 612
"c:\Users\nukec\Documents\GitHub\voxelstation13\src\render\ui_renderer.h", "C++", 0, 0, 0, 69, 0, 0, 0, 0, 0, 0, 0, 0, 0, 0, 0, 0, 22, 22, 113
"c:\Users\nukec\Documents\GitHub\voxelstation13\src\server_main.cpp", "C++", 0, 0, 0, 220, 0, 0, 0, 0, 0, 0, 0, 0, 0, 0, 0, 0, 31, 46, 297
"c:\Users\nukec\Documents\GitHub\voxelstation13\src\simulation\atmos.cpp", "C++", 0, 0, 0, 927, 0, 0, 0, 0, 0, 0, 0, 0, 0, 0, 0, 0, 115, 121, 1163
"c:\Users\nukec\Documents\GitHub\voxelstation13\src\simulation\atmos.h", "C++", 0, 0, 0, 150, 0, 0, 0, 0, 0, 0, 0, 0, 0, 0, 0, 0, 26, 29, 205
"c:\Users\nukec\Documents\GitHub\voxelstation13\src\simulation\attack_chain.cpp", "C++", 0, 0, 0, 213, 0, 0, 0, 0, 0, 0, 0, 0, 0, 0, 0, 0, 57, 40, 310
"c:\Users\nukec\Documents\GitHub\voxelstation13\src\simulation\attack_chain.h", "C++", 0, 0, 0, 54, 0, 0, 0, 0, 0, 0, 0, 0, 0, 0, 0, 0, 55, 16, 125
"c:\Users\nukec\Documents\GitHub\voxelstation13\src\simulation\enclosure.cpp", "C++", 0, 0, 0, 130, 0, 0, 0, 0, 0, 0, 0, 0, 0, 0, 0, 0, 22, 37, 189
"c:\Users\nukec\Documents\GitHub\voxelstation13\src\simulation\enclosure.h", "C++", 0, 0, 0, 26, 0, 0, 0, 0, 0, 0, 0, 0, 0, 0, 0, 0, 32, 12, 70
"c:\Users\nukec\Documents\GitHub\voxelstation13\src\simulation\liquids.cpp", "C++", 0, 0, 0, 390, 0, 0, 0, 0, 0, 0, 0, 0, 0, 0, 0, 0, 90, 100, 580
"c:\Users\nukec\Documents\GitHub\voxelstation13\src\simulation\liquids.h", "C++", 0, 0, 0, 88, 0, 0, 0, 0, 0, 0, 0, 0, 0, 0, 0, 0, 77, 40, 205
"c:\Users\nukec\Documents\GitHub\voxelstation13\src\simulation\mob_system.h", "C++", 0, 0, 0, 135, 0, 0, 0, 0, 0, 0, 0, 0, 0, 0, 0, 0, 127, 32, 294
"c:\Users\nukec\Documents\GitHub\voxelstation13\src\simulation\model_objects.cpp", "C++", 0, 0, 0, 77, 0, 0, 0, 0, 0, 0, 0, 0, 0, 0, 0, 0, 7, 11, 95
"c:\Users\nukec\Documents\GitHub\voxelstation13\src\simulation\model_objects.h", "C++", 0, 0, 0, 37, 0, 0, 0, 0, 0, 0, 0, 0, 0, 0, 0, 0, 29, 12, 78
"c:\Users\nukec\Documents\GitHub\voxelstation13\src\simulation\npc_ai.cpp", "C++", 0, 0, 0, 158, 0, 0, 0, 0, 0, 0, 0, 0, 0, 0, 0, 0, 29, 22, 209
"c:\Users\nukec\Documents\GitHub\voxelstation13\src\simulation\npc_ai.h", "C++", 0, 0, 0, 4, 0, 0, 0, 0, 0, 0, 0, 0, 0, 0, 0, 0, 21, 3, 28
"c:\Users\nukec\Documents\GitHub\voxelstation13\src\simulation\physics.cpp", "C++", 0, 0, 0, 334, 0, 0, 0, 0, 0, 0, 0, 0, 0, 0, 0, 0, 71, 63, 468
"c:\Users\nukec\Documents\GitHub\voxelstation13\src\simulation\physics.h", "C++", 0, 0, 0, 68, 0, 0, 0, 0, 0, 0, 0, 0, 0, 0, 0, 0, 43, 25, 136
"c:\Users\nukec\Documents\GitHub\voxelstation13\src\simulation\pipes.cpp", "C++", 0, 0, 0, 143, 0, 0, 0, 0, 0, 0, 0, 0, 0, 0, 0, 0, 9, 12, 164
"c:\Users\nukec\Documents\GitHub\voxelstation13\src\simulation\pipes.h", "C++", 0, 0, 0, 43, 0, 0, 0, 0, 0, 0, 0, 0, 0, 0, 0, 0, 0, 13, 56
"c:\Users\nukec\Documents\GitHub\voxelstation13\src\simulation\power.cpp", "C++", 0, 0, 0, 118, 0, 0, 0, 0, 0, 0, 0, 0, 0, 0, 0, 0, 8, 19, 145
"c:\Users\nukec\Documents\GitHub\voxelstation13\src\simulation\power.h", "C++", 0, 0, 0, 44, 0, 0, 0, 0, 0, 0, 0, 0, 0, 0, 0, 0, 2, 11, 57
"c:\Users\nukec\Documents\GitHub\voxelstation13\src\simulation\projectile_system.cpp", "C++", 0, 0, 0, 109, 0, 0, 0, 0, 0, 0, 0, 0, 0, 0, 0, 0, 15, 22, 146
"c:\Users\nukec\Documents\GitHub\voxelstation13\src\simulation\projectile_system.h", "C++", 0, 0, 0, 29, 0, 0, 0, 0, 0, 0, 0, 0, 0, 0, 0, 0, 28, 8, 65
"c:\Users\nukec\Documents\GitHub\voxelstation13\src\simulation\reagents.cpp", "C++", 0, 0, 0, 225, 0, 0, 0, 0, 0, 0, 0, 0, 0, 0, 0, 0, 28, 49, 302
"c:\Users\nukec\Documents\GitHub\voxelstation13\src\simulation\reagents.h", "C++", 0, 0, 0, 68, 0, 0, 0, 0, 0, 0, 0, 0, 0, 0, 0, 0, 54, 26, 148
"c:\Users\nukec\Documents\GitHub\voxelstation13\src\simulation\status_effects.cpp", "C++", 0, 0, 0, 98, 0, 0, 0, 0, 0, 0, 0, 0, 0, 0, 0, 0, 12, 15, 125
"c:\Users\nukec\Documents\GitHub\voxelstation13\src\simulation\status_effects.h", "C++", 0, 0, 0, 46, 0, 0, 0, 0, 0, 0, 0, 0, 0, 0, 0, 0, 48, 19, 113
"c:\Users\nukec\Documents\GitHub\voxelstation13\src\simulation\vehicle.cpp", "C++", 0, 0, 0, 67, 0, 0, 0, 0, 0, 0, 0, 0, 0, 0, 0, 0, 17, 22, 106
"c:\Users\nukec\Documents\GitHub\voxelstation13\src\simulation\vehicle.h", "C++", 0, 0, 0, 96, 0, 0, 0, 0, 0, 0, 0, 0, 0, 0, 0, 0, 44, 23, 163
"c:\Users\nukec\Documents\GitHub\voxelstation13\src\simulation\vehicle_manager.cpp", "C++", 0, 0, 0, 210, 0, 0, 0, 0, 0, 0, 0, 0, 0, 0, 0, 0, 59, 54, 323
"c:\Users\nukec\Documents\GitHub\voxelstation13\src\simulation\vehicle_manager.h", "C++", 0, 0, 0, 47, 0, 0, 0, 0, 0, 0, 0, 0, 0, 0, 0, 0, 90, 23, 160
"c:\Users\nukec\Documents\GitHub\voxelstation13\src\simulation\world_items.cpp", "C++", 0, 0, 0, 362, 0, 0, 0, 0, 0, 0, 0, 0, 0, 0, 0, 0, 28, 72, 462
"c:\Users\nukec\Documents\GitHub\voxelstation13\src\simulation\world_items.h", "C++", 0, 0, 0, 63, 0, 0, 0, 0, 0, 0, 0, 0, 0, 0, 0, 0, 40, 22, 125
"c:\Users\nukec\Documents\GitHub\voxelstation13\src\stb_impl.cpp", "C++", 0, 0, 0, 2, 0, 0, 0, 0, 0, 0, 0, 0, 0, 0, 0, 0, 3, 1, 6
"c:\Users\nukec\Documents\GitHub\voxelstation13\src\ui\admin_menu.cpp", "C++", 0, 0, 0, 169, 0, 0, 0, 0, 0, 0, 0, 0, 0, 0, 0, 0, 29, 38, 236
"c:\Users\nukec\Documents\GitHub\voxelstation13\src\ui\admin_menu.h", "C++", 0, 0, 0, 73, 0, 0, 0, 0, 0, 0, 0, 0, 0, 0, 0, 0, 20, 15, 108
"c:\Users\nukec\Documents\GitHub\voxelstation13\src\ui\character_creator.cpp", "C++", 0, 0, 0, 665, 0, 0, 0, 0, 0, 0, 0, 0, 0, 0, 0, 0, 85, 87, 837
"c:\Users\nukec\Documents\GitHub\voxelstation13\src\ui\character_creator.h", "C++", 0, 0, 0, 63, 0, 0, 0, 0, 0, 0, 0, 0, 0, 0, 0, 0, 29, 19, 111
"c:\Users\nukec\Documents\GitHub\voxelstation13\src\ui\context_menu.cpp", "C++", 0, 0, 0, 119, 0, 0, 0, 0, 0, 0, 0, 0, 0, 0, 0, 0, 13, 24, 156
"c:\Users\nukec\Documents\GitHub\voxelstation13\src\ui\context_menu.h", "C++", 0, 0, 0, 37, 0, 0, 0, 0, 0, 0, 0, 0, 0, 0, 0, 0, 6, 8, 51
"c:\Users\nukec\Documents\GitHub\voxelstation13\src\ui\creative_menu.cpp", "C++", 0, 0, 0, 257, 0, 0, 0, 0, 0, 0, 0, 0, 0, 0, 0, 0, 33, 40, 330
"c:\Users\nukec\Documents\GitHub\voxelstation13\src\ui\creative_menu.h", "C++", 0, 0, 0, 44, 0, 0, 0, 0, 0, 0, 0, 0, 0, 0, 0, 0, 13, 11, 68
"c:\Users\nukec\Documents\GitHub\voxelstation13\src\ui\debug_overlay.cpp", "C++", 0, 0, 0, 285, 0, 0, 0, 0, 0, 0, 0, 0, 0, 0, 0, 0, 38, 43, 366
"c:\Users\nukec\Documents\GitHub\voxelstation13\src\ui\debug_overlay.h", "C++", 0, 0, 0, 57, 0, 0, 0, 0, 0, 0, 0, 0, 0, 0, 0, 0, 20, 19, 96
"c:\Users\nukec\Documents\GitHub\voxelstation13\src\ui\gas_overlay.cpp", "C++", 0, 0, 0, 192, 0, 0, 0, 0, 0, 0, 0, 0, 0, 0, 0, 0, 46, 38, 276
"c:\Users\nukec\Documents\GitHub\voxelstation13\src\ui\gas_overlay.h", "C++", 0, 0, 0, 28, 0, 0, 0, 0, 0, 0, 0, 0, 0, 0, 0, 0, 16, 9, 53
"c:\Users\nukec\Documents\GitHub\voxelstation13\src\ui\hud.cpp", "C++", 0, 0, 0, 544, 0, 0, 0, 0, 0, 0, 0, 0, 0, 0, 0, 0, 116, 71, 731
"c:\Users\nukec\Documents\GitHub\voxelstation13\src\ui\hud.h", "C++", 0, 0, 0, 99, 0, 0, 0, 0, 0, 0, 0, 0, 0, 0, 0, 0, 32, 14, 145
"c:\Users\nukec\Documents\GitHub\voxelstation13\src\ui\inventory_panel.cpp", "C++", 0, 0, 0, 535, 0, 0, 0, 0, 0, 0, 0, 0, 0, 0, 0, 0, 122, 98, 755
"c:\Users\nukec\Documents\GitHub\voxelstation13\src\ui\inventory_panel.h", "C++", 0, 0, 0, 63, 0, 0, 0, 0, 0, 0, 0, 0, 0, 0, 0, 0, 11, 13, 87
"c:\Users\nukec\Documents\GitHub\voxelstation13\src\ui\main_menu.cpp", "C++", 0, 0, 0, 105, 0, 0, 0, 0, 0, 0, 0, 0, 0, 0, 0, 0, 31, 29, 165
"c:\Users\nukec\Documents\GitHub\voxelstation13\src\ui\main_menu.h", "C++", 0, 0, 0, 23, 0, 0, 0, 0, 0, 0, 0, 0, 0, 0, 0, 0, 6, 9, 38
"c:\Users\nukec\Documents\GitHub\voxelstation13\src\ui\map_editor.cpp", "C++", 0, 0, 0, 1263, 0, 0, 0, 0, 0, 0, 0, 0, 0, 0, 0, 0, 182, 159, 1604
"c:\Users\nukec\Documents\GitHub\voxelstation13\src\ui\map_editor.h", "C++", 0, 0, 0, 156, 0, 0, 0, 0, 0, 0, 0, 0, 0, 0, 0, 0, 72, 38, 266
"c:\Users\nukec\Documents\GitHub\voxelstation13\src\ui\pause_menu.cpp", "C++", 0, 0, 0, 408, 0, 0, 0, 0, 0, 0, 0, 0, 0, 0, 0, 0, 69, 90, 567
"c:\Users\nukec\Documents\GitHub\voxelstation13\src\ui\pause_menu.h", "C++", 0, 0, 0, 69, 0, 0, 0, 0, 0, 0, 0, 0, 0, 0, 0, 0, 30, 20, 119
"c:\Users\nukec\Documents\GitHub\voxelstation13\src\ui\player_stats_overlay.cpp", "C++", 0, 0, 0, 175, 0, 0, 0, 0, 0, 0, 0, 0, 0, 0, 0, 0, 17, 24, 216
"c:\Users\nukec\Documents\GitHub\voxelstation13\src\ui\player_stats_overlay.h", "C++", 0, 0, 0, 49, 0, 0, 0, 0, 0, 0, 0, 0, 0, 0, 0, 0, 14, 12, 75
"c:\Users\nukec\Documents\GitHub\voxelstation13\tools\_fix_affine.py", "Python", 75, 0, 0, 0, 0, 0, 0, 0, 0, 0, 0, 0, 0, 0, 0, 0, 26, 7, 108
"c:\Users\nukec\Documents\GitHub\voxelstation13\tools\_patch_vehicle_parity.py", "Python", 350, 0, 0, 0, 0, 0, 0, 0, 0, 0, 0, 0, 0, 0, 0, 0, 41, 51, 442
"c:\Users\nukec\Documents\GitHub\voxelstation13\tools\_write_atmos.py", "Python", 804, 0, 0, 0, 0, 0, 0, 0, 0, 0, 0, 0, 0, 0, 0, 0, 11, 89, 904
"c:\Users\nukec\Documents\GitHub\voxelstation13\tools\analyze_atlas.py", "Python", 44, 0, 0, 0, 0, 0, 0, 0, 0, 0, 0, 0, 0, 0, 0, 0, 3, 8, 55
"c:\Users\nukec\Documents\GitHub\voxelstation13\tools\extract_dmi.py", "Python", 196, 0, 0, 0, 0, 0, 0, 0, 0, 0, 0, 0, 0, 0, 0, 0, 46, 45, 287
"c:\Users\nukec\Documents\GitHub\voxelstation13\tools\fbx_to_mesh.py", "Python", 261, 0, 0, 0, 0, 0, 0, 0, 0, 0, 0, 0, 0, 0, 0, 0, 41, 57, 359
"c:\Users\nukec\Documents\GitHub\voxelstation13\tools\gen_font_data.py", "Python", 108, 0, 0, 0, 0, 0, 0, 0, 0, 0, 0, 0, 0, 0, 0, 0, 25, 29, 162
"c:\Users\nukec\Documents\GitHub\voxelstation13\tools\gen_shaders.py", "Python", 1787, 0, 0, 0, 0, 0, 0, 0, 0, 0, 0, 0, 0, 0, 0, 0, 394, 222, 2403
"c:\Users\nukec\Documents\GitHub\voxelstation13\tools\gen_textures.py", "Python", 562, 0, 0, 0, 0, 0, 0, 0, 0, 0, 0, 0, 0, 0, 0, 0, 38, 79, 679
"Total", "-", 4187, 8659, 2945, 272755, 3313, 12400, 1155, 5724, 7675, 18903, 5682, 21, 11332, 305384, 19, 8, 105784, 83819, 849765